,BRAND_NAME,MONTH,STATE_ABBR,TRANS_COUNT,SPEND_AMOUNT,INDUSTRY_NAME,SUBINDUSTRY_NAME
0,AMAZON FRESH,2019-01,AR,334.86000000000007,15857.079999999998,Third- Party Delivery Services,Restaurant/Grocery/Other Delivery Services
1,AMAZON FRESH,2019-02,ME,387.35,26764.390000000003,Third- Party Delivery Services,Restaurant/Grocery/Other Delivery Services
2,AMAZON FRESH,2019-01,VT,288.36,19202.49,Third- Party Delivery Services,Restaurant/Grocery/Other Delivery Services
3,DOORDASH,2019-02,VT,985.8300000000002,32572.03,Third- Party Delivery Services,Restaurant/Grocery/Other Delivery Services
4,UBEREATS,2019-01,AR,3618.24,69287.86,Third- Party Delivery Services,Restaurant/Grocery/Other Delivery Services
5,DOORDASH,2019-02,GA,50469.59999999999,1457008.58,Third- Party Delivery Services,Restaurant/Grocery/Other Delivery Services
6,UBEREATS,2019-01,MS,6193.909999999999,120919.79999999996,Third- Party Delivery Services,Restaurant/Grocery/Other Delivery Services
7,UBEREATS,2019-02,CT,59669.850000000006,1165844.67,Third- Party Delivery Services,Restaurant/Grocery/Other Delivery Services
8,AMAZON FRESH,2019-02,RI,83.05999999999999,3634.45,Third- Party Delivery Services,Restaurant/Grocery/Other Delivery Services
9,GRUBHUB.COM,2019-01,AL,2984.02,89008.18,Third- Party Delivery Services,Restaurant/Grocery/Other Delivery Services
10,AMAZON FRESH,2019-01,CT,744.37,41255.94,Third- Party Delivery Services,Restaurant/Grocery/Other Delivery Services
11,AMAZON FRESH,2019-01,VA,4890.639999999999,265346.08,Third- Party Delivery Services,Restaurant/Grocery/Other Delivery Services
12,AMAZON FRESH,2019-02,TX,14236.679999999997,738631.1,Third- Party Delivery Services,Restaurant/Grocery/Other Delivery Services
13,AMAZON FRESH,2019-01,MD,4225.87,206009.94,Third- Party Delivery Services,Restaurant/Grocery/Other Delivery Services
14,INSTACART,2019-01,AL,4638.070000000001,422489.2,Third- Party Delivery Services,Restaurant/Grocery/Other Delivery Services
15,DOORDASH,2019-02,IL,32566.72,978183.9,Third- Party Delivery Services,Restaurant/Grocery/Other Delivery Services
16,GRUBHUB.COM,2019-01,IN,3872.41,119233.18,Third- Party Delivery Services,Restaurant/Grocery/Other Delivery Services
17,UBEREATS,2019-02,IA,9795.149999999998,174382.13,Third- Party Delivery Services,Restaurant/Grocery/Other Delivery Services
18,DOORDASH,2019-02,MT,2663.97,92164.77999999998,Third- Party Delivery Services,Restaurant/Grocery/Other Delivery Services
19,DOORDASH,2019-02,MN,39916.45,1294888.5499999998,Third- Party Delivery Services,Restaurant/Grocery/Other Delivery Services
20,AMAZON FRESH,2019-02,SD,58.360000000000014,2854.32,Third- Party Delivery Services,Restaurant/Grocery/Other Delivery Services
21,DOORDASH,2019-01,TX,173976.50000000003,5471953.550000001,Third- Party Delivery Services,Restaurant/Grocery/Other Delivery Services
22,UBEREATS,2019-01,AL,10718.659999999998,205513.71,Third- Party Delivery Services,Restaurant/Grocery/Other Delivery Services
23,GRUBHUB.COM,2019-01,ME,1353.5600000000002,46982.490000000005,Third- Party Delivery Services,Restaurant/Grocery/Other Delivery Services
24,GRUBHUB.COM,2019-01,VT,1129.13,37976.01,Third- Party Delivery Services,Restaurant/Grocery/Other Delivery Services
25,GRUBHUB.COM,2019-01,WY,746.6100000000001,25502.410000000003,Third- Party Delivery Services,Restaurant/Grocery/Other Delivery Services
26,INSTACART,2019-02,AL,4859.57,427263.0899999999,Third- Party Delivery Services,Restaurant/Grocery/Other Delivery Services
27,UBEREATS,2019-02,NJ,103544.01,2048427.83,Third- Party Delivery Services,Restaurant/Grocery/Other Delivery Services
28,AMAZON FRESH,2019-02,MO,506.02,27489.509999999995,Third- Party Delivery Services,Restaurant/Grocery/Other Delivery Services
29,UBEREATS,2019-02,IL,57728.11999999999,1016341.7,Third- Party Delivery Services,Restaurant/Grocery/Other Delivery Services
30,DOORDASH,2019-02,ME,1698.2799999999995,58513.65999999999,Third- Party Delivery Services,Restaurant/Grocery/Other Delivery Services
31,UBEREATS,2019-02,DC,31537.43,641475.7099999998,Third- Party Delivery Services,Restaurant/Grocery/Other Delivery Services
32,INSTACART,2019-01,VT,678.87,72593.56,Third- Party Delivery Services,Restaurant/Grocery/Other Delivery Services
33,DOORDASH,2019-01,MD,41060.81999999999,1232497.64,Third- Party Delivery Services,Restaurant/Grocery/Other Delivery Services
34,DOORDASH,2019-02,IA,9651.53,287727.98,Third- Party Delivery Services,Restaurant/Grocery/Other Delivery Services
35,GRUBHUB.COM,2019-01,DE,4063.369999999999,115099.81,Third- Party Delivery Services,Restaurant/Grocery/Other Delivery Services
36,INSTACART,2019-02,AR,935.79,69200.95999999999,Third- Party Delivery Services,Restaurant/Grocery/Other Delivery Services
37,INSTACART,2019-02,TN,10006.059999999998,917819.1999999996,Third- Party Delivery Services,Restaurant/Grocery/Other Delivery Services
38,INSTACART,2019-02,WI,3236.65,265830.61,Third- Party Delivery Services,Restaurant/Grocery/Other Delivery Services
39,DOORDASH,2019-01,OR,16490.7,514838.67,Third- Party Delivery Services,Restaurant/Grocery/Other Delivery Services
40,GRUBHUB.COM,2019-02,UT,7530.06,254413.15,Third- Party Delivery Services,Restaurant/Grocery/Other Delivery Services
41,UBEREATS,2019-02,ME,2595.84,50329.7,Third- Party Delivery Services,Restaurant/Grocery/Other Delivery Services
42,DOORDASH,2019-01,MN,42391.62000000001,1368081.99,Third- Party Delivery Services,Restaurant/Grocery/Other Delivery Services
43,UBEREATS,2019-01,CA,380599.95,7708867.800000001,Third- Party Delivery Services,Restaurant/Grocery/Other Delivery Services
44,INSTACART,2019-01,RI,393.86,31078.329999999994,Third- Party Delivery Services,Restaurant/Grocery/Other Delivery Services
45,INSTACART,2019-01,KY,1229.63,94439.83000000002,Third- Party Delivery Services,Restaurant/Grocery/Other Delivery Services
46,INSTACART,2019-02,VA,12495.13,1124201.9200000002,Third- Party Delivery Services,Restaurant/Grocery/Other Delivery Services
47,GRUBHUB.COM,2019-02,OK,5155.600000000002,160198.91,Third- Party Delivery Services,Restaurant/Grocery/Other Delivery Services
48,INSTACART,2019-01,WI,3422.64,289454.75999999995,Third- Party Delivery Services,Restaurant/Grocery/Other Delivery Services
49,AMAZON FRESH,2019-01,NE,309.11,20009.51,Third- Party Delivery Services,Restaurant/Grocery/Other Delivery Services
50,UBEREATS,2019-02,MN,20202.06,363256.9600000001,Third- Party Delivery Services,Restaurant/Grocery/Other Delivery Services
51,INSTACART,2019-01,NC,14130.910000000002,1158781.2199999995,Third- Party Delivery Services,Restaurant/Grocery/Other Delivery Services
52,UBEREATS,2019-02,KY,7797.950000000002,144721.65000000002,Third- Party Delivery Services,Restaurant/Grocery/Other Delivery Services
53,AMAZON FRESH,2019-01,UT,519.47,25345.7,Third- Party Delivery Services,Restaurant/Grocery/Other Delivery Services
54,GRUBHUB.COM,2019-01,SD,334.28000000000003,10330.19,Third- Party Delivery Services,Restaurant/Grocery/Other Delivery Services
55,AMAZON FRESH,2019-01,SC,746.0300000000003,36902.72,Third- Party Delivery Services,Restaurant/Grocery/Other Delivery Services
56,DOORDASH,2019-01,FL,68894.32,2009126.59,Third- Party Delivery Services,Restaurant/Grocery/Other Delivery Services
57,UBEREATS,2019-01,AZ,60671.07000000001,1156327.13,Third- Party Delivery Services,Restaurant/Grocery/Other Delivery Services
58,DOORDASH,2019-01,WY,1319.7100000000005,40813.990000000005,Third- Party Delivery Services,Restaurant/Grocery/Other Delivery Services
59,UBEREATS,2019-02,WI,25294.870000000003,447213.26000000007,Third- Party Delivery Services,Restaurant/Grocery/Other Delivery Services
60,DOORDASH,2019-01,GA,44538.72000000001,1321482.6399999997,Third- Party Delivery Services,Restaurant/Grocery/Other Delivery Services
61,DOORDASH,2019-02,CA,492859.76000000007,16536937.18,Third- Party Delivery Services,Restaurant/Grocery/Other Delivery Services
62,GRUBHUB.COM,2019-01,IL,31821.4,1119803.97,Third- Party Delivery Services,Restaurant/Grocery/Other Delivery Services
63,UBEREATS,2019-02,TX,289765.54,5192113.0,Third- Party Delivery Services,Restaurant/Grocery/Other Delivery Services
64,INSTACART,2019-02,DC,3341.0600000000004,247630.61,Third- Party Delivery Services,Restaurant/Grocery/Other Delivery Services
65,GRUBHUB.COM,2019-02,NY,96726.36999999998,2859824.55,Third- Party Delivery Services,Restaurant/Grocery/Other Delivery Services
66,GRUBHUB.COM,2019-02,MO,4019.2400000000007,120193.86999999998,Third- Party Delivery Services,Restaurant/Grocery/Other Delivery Services
67,INSTACART,2019-02,NC,13952.96,1158115.67,Third- Party Delivery Services,Restaurant/Grocery/Other Delivery Services
68,GRUBHUB.COM,2019-02,OH,7058.88,208572.92,Third- Party Delivery Services,Restaurant/Grocery/Other Delivery Services
69,INSTACART,2019-02,MN,14495.889999999998,1252265.05,Third- Party Delivery Services,Restaurant/Grocery/Other Delivery Services
70,AMAZON FRESH,2019-01,MO,374.3799999999999,19206.06,Third- Party Delivery Services,Restaurant/Grocery/Other Delivery Services
71,INSTACART,2019-01,NE,1458.83,102409.32,Third- Party Delivery Services,Restaurant/Grocery/Other Delivery Services
72,UBEREATS,2019-02,NY,161268.68000000002,3079007.95,Third- Party Delivery Services,Restaurant/Grocery/Other Delivery Services
73,GRUBHUB.COM,2019-01,SC,5185.68,163839.71,Third- Party Delivery Services,Restaurant/Grocery/Other Delivery Services
74,INSTACART,2019-01,AZ,8593.27,693649.25,Third- Party Delivery Services,Restaurant/Grocery/Other Delivery Services
75,AMAZON FRESH,2019-02,SC,622.84,30738.59,Third- Party Delivery Services,Restaurant/Grocery/Other Delivery Services
76,UBEREATS,2019-02,LA,10456.06,207250.62,Third- Party Delivery Services,Restaurant/Grocery/Other Delivery Services
77,INSTACART,2019-02,GA,21218.660000000003,1799280.1,Third- Party Delivery Services,Restaurant/Grocery/Other Delivery Services
78,DOORDASH,2019-01,VT,646.92,23350.28,Third- Party Delivery Services,Restaurant/Grocery/Other Delivery Services
79,DOORDASH,2019-02,NJ,51000.48,1560962.2500000005,Third- Party Delivery Services,Restaurant/Grocery/Other Delivery Services
80,AMAZON FRESH,2019-01,DC,2593.3500000000004,137367.08,Third- Party Delivery Services,Restaurant/Grocery/Other Delivery Services
81,GRUBHUB.COM,2019-01,TN,10308.97,325973.43,Third- Party Delivery Services,Restaurant/Grocery/Other Delivery Services
82,INSTACART,2019-01,ND,844.3699999999999,77541.63,Third- Party Delivery Services,Restaurant/Grocery/Other Delivery Services
83,INSTACART,2019-01,MD,10630.330000000002,878907.9700000001,Third- Party Delivery Services,Restaurant/Grocery/Other Delivery Services
84,GRUBHUB.COM,2019-02,SC,5401.330000000001,162643.75,Third- Party Delivery Services,Restaurant/Grocery/Other Delivery Services
85,DOORDASH,2019-01,NV,17771.61,566333.8300000001,Third- Party Delivery Services,Restaurant/Grocery/Other Delivery Services
86,INSTACART,2019-02,OR,5803.4800000000005,506624.23,Third- Party Delivery Services,Restaurant/Grocery/Other Delivery Services
87,UBEREATS,2019-01,VT,1182.3900000000003,28897.58,Third- Party Delivery Services,Restaurant/Grocery/Other Delivery Services
88,DOORDASH,2019-01,NE,11829.06,354059.85,Third- Party Delivery Services,Restaurant/Grocery/Other Delivery Services
89,GRUBHUB.COM,2019-01,TX,42569.560000000005,1306611.2599999998,Third- Party Delivery Services,Restaurant/Grocery/Other Delivery Services
90,GRUBHUB.COM,2019-01,MN,6794.419999999998,212068.89000000004,Third- Party Delivery Services,Restaurant/Grocery/Other Delivery Services
91,DOORDASH,2019-02,NH,4566.330000000001,142158.18000000002,Third- Party Delivery Services,Restaurant/Grocery/Other Delivery Services
92,DOORDASH,2019-02,RI,1368.1699999999998,44503.990000000005,Third- Party Delivery Services,Restaurant/Grocery/Other Delivery Services
93,AMAZON FRESH,2019-02,WY,108.03999999999998,6891.78,Third- Party Delivery Services,Restaurant/Grocery/Other Delivery Services
94,GRUBHUB.COM,2019-02,NE,4442.34,136547.66000000003,Third- Party Delivery Services,Restaurant/Grocery/Other Delivery Services
95,GRUBHUB.COM,2019-01,ND,334.1,10571.26,Third- Party Delivery Services,Restaurant/Grocery/Other Delivery Services
96,UBEREATS,2019-02,OH,19477.83,366765.82,Third- Party Delivery Services,Restaurant/Grocery/Other Delivery Services
97,GRUBHUB.COM,2019-02,HI,1859.46,65445.55000000001,Third- Party Delivery Services,Restaurant/Grocery/Other Delivery Services
98,GRUBHUB.COM,2019-01,WA,18549.93,638414.6699999998,Third- Party Delivery Services,Restaurant/Grocery/Other Delivery Services
99,AMAZON FRESH,2019-01,AZ,1663.21,93975.7,Third- Party Delivery Services,Restaurant/Grocery/Other Delivery Services
100,UBEREATS,2019-02,AK,1737.2299999999998,32295.42,Third- Party Delivery Services,Restaurant/Grocery/Other Delivery Services
101,DOORDASH,2019-01,SC,13662.47,407089.83,Third- Party Delivery Services,Restaurant/Grocery/Other Delivery Services
102,INSTACART,2019-01,IA,1566.3599999999997,130970.08999999998,Third- Party Delivery Services,Restaurant/Grocery/Other Delivery Services
103,INSTACART,2019-01,MT,887.5300000000001,83719.65,Third- Party Delivery Services,Restaurant/Grocery/Other Delivery Services
104,AMAZON FRESH,2019-02,LA,348.42,14174.52,Third- Party Delivery Services,Restaurant/Grocery/Other Delivery Services
105,UBEREATS,2019-02,MA,33273.61000000001,621289.7999999999,Third- Party Delivery Services,Restaurant/Grocery/Other Delivery Services
106,AMAZON FRESH,2019-02,MT,184.15,9168.84,Third- Party Delivery Services,Restaurant/Grocery/Other Delivery Services
107,INSTACART,2019-01,MI,2456.94,181761.99,Third- Party Delivery Services,Restaurant/Grocery/Other Delivery Services
108,INSTACART,2019-02,SD,383.36000000000007,31136.59,Third- Party Delivery Services,Restaurant/Grocery/Other Delivery Services
109,INSTACART,2019-02,ND,930.02,79894.18999999999,Third- Party Delivery Services,Restaurant/Grocery/Other Delivery Services
110,UBEREATS,2019-01,TN,57779.880000000005,1096956.12,Third- Party Delivery Services,Restaurant/Grocery/Other Delivery Services
111,GRUBHUB.COM,2019-02,CO,34557.490000000005,1185326.0,Third- Party Delivery Services,Restaurant/Grocery/Other Delivery Services
112,INSTACART,2019-02,RI,398.55000000000007,28205.790000000005,Third- Party Delivery Services,Restaurant/Grocery/Other Delivery Services
113,INSTACART,2019-01,FL,41873.41000000002,3629508.9700000007,Third- Party Delivery Services,Restaurant/Grocery/Other Delivery Services
114,AMAZON FRESH,2019-01,FL,5517.31,303639.25999999995,Third- Party Delivery Services,Restaurant/Grocery/Other Delivery Services
115,INSTACART,2019-02,MI,2305.36,175031.62999999998,Third- Party Delivery Services,Restaurant/Grocery/Other Delivery Services
116,AMAZON FRESH,2019-02,NV,1012.23,52569.58,Third- Party Delivery Services,Restaurant/Grocery/Other Delivery Services
117,UBEREATS,2019-01,NY,148636.3,3039794.26,Third- Party Delivery Services,Restaurant/Grocery/Other Delivery Services
118,UBEREATS,2019-01,SD,1211.58,24590.119999999995,Third- Party Delivery Services,Restaurant/Grocery/Other Delivery Services
119,INSTACART,2019-02,KY,1201.12,95754.99000000002,Third- Party Delivery Services,Restaurant/Grocery/Other Delivery Services
120,UBEREATS,2019-01,MD,70624.84,1446391.9399999997,Third- Party Delivery Services,Restaurant/Grocery/Other Delivery Services
121,DOORDASH,2019-01,NH,3283.03,105763.1,Third- Party Delivery Services,Restaurant/Grocery/Other Delivery Services
122,AMAZON FRESH,2019-01,WY,120.13,8298.16,Third- Party Delivery Services,Restaurant/Grocery/Other Delivery Services
123,INSTACART,2019-02,IN,2807.95,225619.63,Third- Party Delivery Services,Restaurant/Grocery/Other Delivery Services
124,GRUBHUB.COM,2019-02,WV,1546.2800000000002,47937.98999999999,Third- Party Delivery Services,Restaurant/Grocery/Other Delivery Services
125,UBEREATS,2019-01,KY,6958.099999999999,132459.72000000003,Third- Party Delivery Services,Restaurant/Grocery/Other Delivery Services
126,AMAZON FRESH,2019-02,UT,518.5799999999999,20779.9,Third- Party Delivery Services,Restaurant/Grocery/Other Delivery Services
127,AMAZON FRESH,2019-01,AL,570.0600000000001,32681.76,Third- Party Delivery Services,Restaurant/Grocery/Other Delivery Services
128,AMAZON FRESH,2019-01,MS,219.11000000000004,12120.54,Third- Party Delivery Services,Restaurant/Grocery/Other Delivery Services
129,GRUBHUB.COM,2019-02,PA,92624.47000000002,2779045.39,Third- Party Delivery Services,Restaurant/Grocery/Other Delivery Services
130,AMAZON FRESH,2019-02,OH,1253.11,71336.72,Third- Party Delivery Services,Restaurant/Grocery/Other Delivery Services
131,DOORDASH,2019-02,PA,57924.94,1740418.2200000002,Third- Party Delivery Services,Restaurant/Grocery/Other Delivery Services
132,UBEREATS,2019-01,DC,28048.779999999995,602591.34,Third- Party Delivery Services,Restaurant/Grocery/Other Delivery Services
133,DOORDASH,2019-02,SD,1329.56,40558.39999999999,Third- Party Delivery Services,Restaurant/Grocery/Other Delivery Services
134,AMAZON FRESH,2019-01,TN,2307.380000000001,125570.27,Third- Party Delivery Services,Restaurant/Grocery/Other Delivery Services
135,GRUBHUB.COM,2019-02,NC,22216.17,686479.76,Third- Party Delivery Services,Restaurant/Grocery/Other Delivery Services
136,DOORDASH,2019-01,MS,3719.370000000001,110452.46,Third- Party Delivery Services,Restaurant/Grocery/Other Delivery Services
137,UBEREATS,2019-02,PA,102535.33999999998,2019360.27,Third- Party Delivery Services,Restaurant/Grocery/Other Delivery Services
138,UBEREATS,2019-02,OR,43419.45,762552.7199999999,Third- Party Delivery Services,Restaurant/Grocery/Other Delivery Services
139,DOORDASH,2019-02,WI,16139.880000000005,518430.1200000001,Third- Party Delivery Services,Restaurant/Grocery/Other Delivery Services
140,DOORDASH,2019-02,ID,8900.48,285873.51,Third- Party Delivery Services,Restaurant/Grocery/Other Delivery Services
141,UBEREATS,2019-01,AK,1893.99,38141.01000000001,Third- Party Delivery Services,Restaurant/Grocery/Other Delivery Services
142,DOORDASH,2019-01,NJ,47032.88999999999,1438633.44,Third- Party Delivery Services,Restaurant/Grocery/Other Delivery Services
143,UBEREATS,2019-02,IN,10638.479999999998,193745.89,Third- Party Delivery Services,Restaurant/Grocery/Other Delivery Services
144,GRUBHUB.COM,2019-01,NY,95527.66,2829319.8900000006,Third- Party Delivery Services,Restaurant/Grocery/Other Delivery Services
145,INSTACART,2019-02,TX,40506.44000000001,3473974.87,Third- Party Delivery Services,Restaurant/Grocery/Other Delivery Services
146,GRUBHUB.COM,2019-02,TN,10999.669999999998,349459.70000000007,Third- Party Delivery Services,Restaurant/Grocery/Other Delivery Services
147,GRUBHUB.COM,2019-01,NJ,44195.21,1338329.5500000005,Third- Party Delivery Services,Restaurant/Grocery/Other Delivery Services
148,GRUBHUB.COM,2019-01,AR,1510.55,49175.84000000002,Third- Party Delivery Services,Restaurant/Grocery/Other Delivery Services
149,DOORDASH,2019-02,AK,1755.7,51655.55999999999,Third- Party Delivery Services,Restaurant/Grocery/Other Delivery Services
150,GRUBHUB.COM,2019-01,MD,31068.91,971939.47,Third- Party Delivery Services,Restaurant/Grocery/Other Delivery Services
151,AMAZON FRESH,2019-01,IA,201.01,10320.66,Third- Party Delivery Services,Restaurant/Grocery/Other Delivery Services
152,GRUBHUB.COM,2019-01,HI,2103.14,79150.32999999999,Third- Party Delivery Services,Restaurant/Grocery/Other Delivery Services
153,GRUBHUB.COM,2019-01,PA,94393.82,2852804.78,Third- Party Delivery Services,Restaurant/Grocery/Other Delivery Services
154,AMAZON FRESH,2019-02,VA,4526.610000000001,241115.4,Third- Party Delivery Services,Restaurant/Grocery/Other Delivery Services
155,GRUBHUB.COM,2019-01,DC,5987.810000000001,193940.51,Third- Party Delivery Services,Restaurant/Grocery/Other Delivery Services
156,DOORDASH,2019-01,MI,9194.74,289463.1,Third- Party Delivery Services,Restaurant/Grocery/Other Delivery Services
157,INSTACART,2019-02,CA,83358.85,6959913.42,Third- Party Delivery Services,Restaurant/Grocery/Other Delivery Services
158,AMAZON FRESH,2019-01,TX,14031.299999999996,743615.9200000002,Third- Party Delivery Services,Restaurant/Grocery/Other Delivery Services
159,INSTACART,2019-01,PA,17228.16,1583010.6799999997,Third- Party Delivery Services,Restaurant/Grocery/Other Delivery Services
160,AMAZON FRESH,2019-01,MI,947.1999999999998,52413.76,Third- Party Delivery Services,Restaurant/Grocery/Other Delivery Services
161,INSTACART,2019-02,FL,40411.89,3479487.7099999995,Third- Party Delivery Services,Restaurant/Grocery/Other Delivery Services
162,AMAZON FRESH,2019-02,KS,284.47,19944.75,Third- Party Delivery Services,Restaurant/Grocery/Other Delivery Services
163,AMAZON FRESH,2019-02,DE,359.93000000000006,23136.959999999995,Third- Party Delivery Services,Restaurant/Grocery/Other Delivery Services
164,UBEREATS,2019-02,CA,394933.15,7662336.600000001,Third- Party Delivery Services,Restaurant/Grocery/Other Delivery Services
165,DOORDASH,2019-01,IA,8282.75,251317.80000000005,Third- Party Delivery Services,Restaurant/Grocery/Other Delivery Services
166,AMAZON FRESH,2019-01,MT,256.97,15161.82,Third- Party Delivery Services,Restaurant/Grocery/Other Delivery Services
167,DOORDASH,2019-01,NY,45570.62999999999,1398974.35,Third- Party Delivery Services,Restaurant/Grocery/Other Delivery Services
168,DOORDASH,2019-02,UT,27725.45,823799.4500000001,Third- Party Delivery Services,Restaurant/Grocery/Other Delivery Services
169,UBEREATS,2019-01,HI,5728.370000000001,119395.83999999998,Third- Party Delivery Services,Restaurant/Grocery/Other Delivery Services
170,AMAZON FRESH,2019-01,NC,2607.02,144490.86000000002,Third- Party Delivery Services,Restaurant/Grocery/Other Delivery Services
171,UBEREATS,2019-01,PA,100912.94000000002,2048792.54,Third- Party Delivery Services,Restaurant/Grocery/Other Delivery Services
172,GRUBHUB.COM,2019-01,WI,10477.4,327903.8,Third- Party Delivery Services,Restaurant/Grocery/Other Delivery Services
173,AMAZON FRESH,2019-01,ME,308.4899999999999,22330.320000000003,Third- Party Delivery Services,Restaurant/Grocery/Other Delivery Services
174,UBEREATS,2019-01,WA,121023.87000000004,2575913.72,Third- Party Delivery Services,Restaurant/Grocery/Other Delivery Services
175,UBEREATS,2019-01,FL,321992.12,6452164.359999999,Third- Party Delivery Services,Restaurant/Grocery/Other Delivery Services
176,AMAZON FRESH,2019-02,ID,483.82,22553.05,Third- Party Delivery Services,Restaurant/Grocery/Other Delivery Services
177,INSTACART,2019-02,CO,9104.820000000002,828589.1599999999,Third- Party Delivery Services,Restaurant/Grocery/Other Delivery Services
178,DOORDASH,2019-02,CO,55827.72,1846910.3,Third- Party Delivery Services,Restaurant/Grocery/Other Delivery Services
179,DOORDASH,2019-01,OH,16511.27,502151.5399999999,Third- Party Delivery Services,Restaurant/Grocery/Other Delivery Services
180,AMAZON FRESH,2019-01,OK,362.28,18540.96,Third- Party Delivery Services,Restaurant/Grocery/Other Delivery Services
181,INSTACART,2019-01,IL,8725.54,737675.79,Third- Party Delivery Services,Restaurant/Grocery/Other Delivery Services
182,INSTACART,2019-01,NJ,8030.06,755586.5599999998,Third- Party Delivery Services,Restaurant/Grocery/Other Delivery Services
183,DOORDASH,2019-01,CT,13328.06,414128.18,Third- Party Delivery Services,Restaurant/Grocery/Other Delivery Services
184,INSTACART,2019-02,NV,3985.97,326265.29,Third- Party Delivery Services,Restaurant/Grocery/Other Delivery Services
185,INSTACART,2019-01,ID,1325.15,123870.01,Third- Party Delivery Services,Restaurant/Grocery/Other Delivery Services
186,GRUBHUB.COM,2019-02,OR,18814.78,597500.19,Third- Party Delivery Services,Restaurant/Grocery/Other Delivery Services
187,GRUBHUB.COM,2019-02,ID,2195.4400000000005,63746.18,Third- Party Delivery Services,Restaurant/Grocery/Other Delivery Services
188,DOORDASH,2019-02,ND,1088.82,34470.33,Third- Party Delivery Services,Restaurant/Grocery/Other Delivery Services
189,AMAZON FRESH,2019-02,CO,5296.759999999999,295317.19,Third- Party Delivery Services,Restaurant/Grocery/Other Delivery Services
190,AMAZON FRESH,2019-02,OR,2079.53,121123.68,Third- Party Delivery Services,Restaurant/Grocery/Other Delivery Services
191,INSTACART,2019-02,DE,858.58,74190.36,Third- Party Delivery Services,Restaurant/Grocery/Other Delivery Services
192,AMAZON FRESH,2019-01,LA,564.83,24466.08,Third- Party Delivery Services,Restaurant/Grocery/Other Delivery Services
193,GRUBHUB.COM,2019-02,MA,18617.13,601913.8599999998,Third- Party Delivery Services,Restaurant/Grocery/Other Delivery Services
194,AMAZON FRESH,2019-02,IA,207.01999999999995,10401.070000000002,Third- Party Delivery Services,Restaurant/Grocery/Other Delivery Services
195,GRUBHUB.COM,2019-02,NJ,44846.22000000001,1334706.79,Third- Party Delivery Services,Restaurant/Grocery/Other Delivery Services
196,UBEREATS,2019-02,AL,11059.84,198216.46,Third- Party Delivery Services,Restaurant/Grocery/Other Delivery Services
197,UBEREATS,2019-01,WI,23891.18,444405.9,Third- Party Delivery Services,Restaurant/Grocery/Other Delivery Services
198,AMAZON FRESH,2019-01,ND,57.77,3758.22,Third- Party Delivery Services,Restaurant/Grocery/Other Delivery Services
199,INSTACART,2019-02,VT,637.1700000000002,56183.98,Third- Party Delivery Services,Restaurant/Grocery/Other Delivery Services
200,DOORDASH,2019-02,NM,6658.700000000001,211656.1,Third- Party Delivery Services,Restaurant/Grocery/Other Delivery Services
201,INSTACART,2019-02,UT,3717.640000000001,326553.77,Third- Party Delivery Services,Restaurant/Grocery/Other Delivery Services
202,UBEREATS,2019-01,IN,10910.07,203556.66000000003,Third- Party Delivery Services,Restaurant/Grocery/Other Delivery Services
203,DOORDASH,2019-01,TN,27016.020000000004,828574.1200000002,Third- Party Delivery Services,Restaurant/Grocery/Other Delivery Services
204,AMAZON FRESH,2019-02,WV,170.63,12520.88,Third- Party Delivery Services,Restaurant/Grocery/Other Delivery Services
205,GRUBHUB.COM,2019-01,CT,18529.06,589924.86,Third- Party Delivery Services,Restaurant/Grocery/Other Delivery Services
206,INSTACART,2019-01,TN,10820.189999999997,980044.96,Third- Party Delivery Services,Restaurant/Grocery/Other Delivery Services
207,INSTACART,2019-01,OR,6040.56,530868.09,Third- Party Delivery Services,Restaurant/Grocery/Other Delivery Services
208,AMAZON FRESH,2019-02,NJ,4745.36,249727.5,Third- Party Delivery Services,Restaurant/Grocery/Other Delivery Services
209,AMAZON FRESH,2019-02,CT,841.1599999999999,41150.95,Third- Party Delivery Services,Restaurant/Grocery/Other Delivery Services
210,UBEREATS,2019-02,TN,61742.84,1122097.99,Third- Party Delivery Services,Restaurant/Grocery/Other Delivery Services
211,AMAZON FRESH,2019-02,MA,3273.5599999999995,178992.84,Third- Party Delivery Services,Restaurant/Grocery/Other Delivery Services
212,INSTACART,2019-01,MA,5417.069999999999,456504.2799999999,Third- Party Delivery Services,Restaurant/Grocery/Other Delivery Services
213,GRUBHUB.COM,2019-02,GA,15941.959999999995,472918.68000000005,Third- Party Delivery Services,Restaurant/Grocery/Other Delivery Services
214,AMAZON FRESH,2019-02,PA,6729.3200000000015,320815.32,Third- Party Delivery Services,Restaurant/Grocery/Other Delivery Services
215,GRUBHUB.COM,2019-01,OH,7926.870000000001,230411.73,Third- Party Delivery Services,Restaurant/Grocery/Other Delivery Services
216,GRUBHUB.COM,2019-01,CO,35200.36,1221246.8899999997,Third- Party Delivery Services,Restaurant/Grocery/Other Delivery Services
217,GRUBHUB.COM,2019-01,MO,4039.64,128172.27999999998,Third- Party Delivery Services,Restaurant/Grocery/Other Delivery Services
218,INSTACART,2019-01,DC,3536.44,261419.21,Third- Party Delivery Services,Restaurant/Grocery/Other Delivery Services
219,AMAZON FRESH,2019-01,NM,305.16,16275.12,Third- Party Delivery Services,Restaurant/Grocery/Other Delivery Services
220,INSTACART,2019-02,NJ,7685.329999999999,734546.6300000001,Third- Party Delivery Services,Restaurant/Grocery/Other Delivery Services
221,DOORDASH,2019-01,KY,4976.220000000001,158713.42,Third- Party Delivery Services,Restaurant/Grocery/Other Delivery Services
222,INSTACART,2019-01,KS,1674.46,136011.48,Third- Party Delivery Services,Restaurant/Grocery/Other Delivery Services
223,UBEREATS,2019-02,VT,1589.0199999999998,37723.51,Third- Party Delivery Services,Restaurant/Grocery/Other Delivery Services
224,UBEREATS,2019-01,DE,3935.59,76883.31000000001,Third- Party Delivery Services,Restaurant/Grocery/Other Delivery Services
225,GRUBHUB.COM,2019-02,ME,1376.2900000000004,47300.28999999999,Third- Party Delivery Services,Restaurant/Grocery/Other Delivery Services
226,DOORDASH,2019-01,KS,7613.63,234950.55,Third- Party Delivery Services,Restaurant/Grocery/Other Delivery Services
227,INSTACART,2019-02,AK,647.7299999999999,58619.32000000001,Third- Party Delivery Services,Restaurant/Grocery/Other Delivery Services
228,AMAZON FRESH,2019-02,HI,392.33,17301.93,Third- Party Delivery Services,Restaurant/Grocery/Other Delivery Services
229,AMAZON FRESH,2019-01,NV,1048.09,54922.81,Third- Party Delivery Services,Restaurant/Grocery/Other Delivery Services
230,DOORDASH,2019-01,NM,5241.100000000001,165455.72,Third- Party Delivery Services,Restaurant/Grocery/Other Delivery Services
231,DOORDASH,2019-01,WA,56171.47000000001,1864160.23,Third- Party Delivery Services,Restaurant/Grocery/Other Delivery Services
232,INSTACART,2019-02,CT,3774.55,324963.11,Third- Party Delivery Services,Restaurant/Grocery/Other Delivery Services
233,GRUBHUB.COM,2019-01,MA,19361.81,612940.0,Third- Party Delivery Services,Restaurant/Grocery/Other Delivery Services
234,INSTACART,2019-01,NH,738.52,67766.57,Third- Party Delivery Services,Restaurant/Grocery/Other Delivery Services
235,UBEREATS,2019-01,MT,11472.03,204449.54000000004,Third- Party Delivery Services,Restaurant/Grocery/Other Delivery Services
236,UBEREATS,2019-01,NM,8150.7,152922.97000000003,Third- Party Delivery Services,Restaurant/Grocery/Other Delivery Services
237,UBEREATS,2019-02,KS,8339.82,151363.08999999997,Third- Party Delivery Services,Restaurant/Grocery/Other Delivery Services
238,UBEREATS,2019-02,VA,76961.35,1407426.62,Third- Party Delivery Services,Restaurant/Grocery/Other Delivery Services
239,UBEREATS,2019-01,OR,42437.68000000001,798354.9600000002,Third- Party Delivery Services,Restaurant/Grocery/Other Delivery Services
240,GRUBHUB.COM,2019-02,IL,31231.739999999994,1043746.2799999998,Third- Party Delivery Services,Restaurant/Grocery/Other Delivery Services
241,AMAZON FRESH,2019-01,IL,3911.339999999999,189682.0,Third- Party Delivery Services,Restaurant/Grocery/Other Delivery Services
242,UBEREATS,2019-02,FL,345044.1,6593315.62,Third- Party Delivery Services,Restaurant/Grocery/Other Delivery Services
243,UBEREATS,2019-02,AR,3957.429999999999,69564.56,Third- Party Delivery Services,Restaurant/Grocery/Other Delivery Services
244,AMAZON FRESH,2019-02,WI,1789.66,81717.87,Third- Party Delivery Services,Restaurant/Grocery/Other Delivery Services
245,DOORDASH,2019-01,ME,1480.7,52613.3,Third- Party Delivery Services,Restaurant/Grocery/Other Delivery Services
246,DOORDASH,2019-01,WI,15688.75,501019.47,Third- Party Delivery Services,Restaurant/Grocery/Other Delivery Services
247,GRUBHUB.COM,2019-01,AZ,16117.090000000002,539919.03,Third- Party Delivery Services,Restaurant/Grocery/Other Delivery Services
248,UBEREATS,2019-01,MN,20983.210000000003,386571.61000000016,Third- Party Delivery Services,Restaurant/Grocery/Other Delivery Services
249,UBEREATS,2019-02,ND,2203.68,38682.96,Third- Party Delivery Services,Restaurant/Grocery/Other Delivery Services
250,INSTACART,2019-01,CT,3988.120000000001,350327.3799999999,Third- Party Delivery Services,Restaurant/Grocery/Other Delivery Services
251,AMAZON FRESH,2019-01,MN,2816.7300000000005,154221.24999999997,Third- Party Delivery Services,Restaurant/Grocery/Other Delivery Services
252,UBEREATS,2019-01,TX,288504.4600000001,5279854.759999999,Third- Party Delivery Services,Restaurant/Grocery/Other Delivery Services
253,UBEREATS,2019-02,RI,2731.79,55126.850000000006,Third- Party Delivery Services,Restaurant/Grocery/Other Delivery Services
254,DOORDASH,2019-01,IL,28080.500000000004,880101.3200000002,Third- Party Delivery Services,Restaurant/Grocery/Other Delivery Services
255,UBEREATS,2019-01,CT,53246.68000000001,1127879.09,Third- Party Delivery Services,Restaurant/Grocery/Other Delivery Services
256,AMAZON FRESH,2019-02,CA,37056.62,1842029.0,Third- Party Delivery Services,Restaurant/Grocery/Other Delivery Services
257,INSTACART,2019-02,IA,1618.9,121336.11,Third- Party Delivery Services,Restaurant/Grocery/Other Delivery Services
258,DOORDASH,2019-02,IN,9979.85,324078.83,Third- Party Delivery Services,Restaurant/Grocery/Other Delivery Services
259,GRUBHUB.COM,2019-01,NM,5862.21,198050.17,Third- Party Delivery Services,Restaurant/Grocery/Other Delivery Services
260,DOORDASH,2019-02,OH,19333.47,581281.67,Third- Party Delivery Services,Restaurant/Grocery/Other Delivery Services
261,GRUBHUB.COM,2019-01,NH,1536.4699999999998,50229.3,Third- Party Delivery Services,Restaurant/Grocery/Other Delivery Services
262,DOORDASH,2019-02,OR,18693.59,573005.49,Third- Party Delivery Services,Restaurant/Grocery/Other Delivery Services
263,UBEREATS,2019-02,HI,6676.47,129313.53000000004,Third- Party Delivery Services,Restaurant/Grocery/Other Delivery Services
264,DOORDASH,2019-02,AR,4622.19,151305.65,Third- Party Delivery Services,Restaurant/Grocery/Other Delivery Services
265,GRUBHUB.COM,2019-02,FL,24244.020000000008,713158.01,Third- Party Delivery Services,Restaurant/Grocery/Other Delivery Services
266,INSTACART,2019-01,HI,897.0000000000001,63782.08,Third- Party Delivery Services,Restaurant/Grocery/Other Delivery Services
267,GRUBHUB.COM,2019-01,VA,29795.270000000004,938513.0600000002,Third- Party Delivery Services,Restaurant/Grocery/Other Delivery Services
268,UBEREATS,2019-01,MA,31121.51,598633.94,Third- Party Delivery Services,Restaurant/Grocery/Other Delivery Services
269,UBEREATS,2019-02,ID,12073.63,222030.46,Third- Party Delivery Services,Restaurant/Grocery/Other Delivery Services
270,DOORDASH,2019-02,DE,5449.719999999999,166318.37,Third- Party Delivery Services,Restaurant/Grocery/Other Delivery Services
271,GRUBHUB.COM,2019-02,MD,30258.220000000005,936694.56,Third- Party Delivery Services,Restaurant/Grocery/Other Delivery Services
272,UBEREATS,2019-02,DE,4107.800000000001,78049.34,Third- Party Delivery Services,Restaurant/Grocery/Other Delivery Services
273,DOORDASH,2019-02,OK,22620.120000000003,715355.8400000001,Third- Party Delivery Services,Restaurant/Grocery/Other Delivery Services
274,DOORDASH,2019-02,MO,10886.69,350676.82,Third- Party Delivery Services,Restaurant/Grocery/Other Delivery Services
275,AMAZON FRESH,2019-01,PA,6055.500000000001,313365.93000000005,Third- Party Delivery Services,Restaurant/Grocery/Other Delivery Services
276,UBEREATS,2019-01,MO,10575.919999999998,208633.9,Third- Party Delivery Services,Restaurant/Grocery/Other Delivery Services
277,INSTACART,2019-02,ID,1444.45,129562.80999999998,Third- Party Delivery Services,Restaurant/Grocery/Other Delivery Services
278,DOORDASH,2019-02,WY,1413.4599999999996,44343.27,Third- Party Delivery Services,Restaurant/Grocery/Other Delivery Services
279,INSTACART,2019-02,MT,861.41,77982.78,Third- Party Delivery Services,Restaurant/Grocery/Other Delivery Services
280,INSTACART,2019-02,OK,1735.21,134277.12000000002,Third- Party Delivery Services,Restaurant/Grocery/Other Delivery Services
281,UBEREATS,2019-01,ME,2402.38,49075.25000000001,Third- Party Delivery Services,Restaurant/Grocery/Other Delivery Services
282,GRUBHUB.COM,2019-01,ID,1777.39,57092.63000000001,Third- Party Delivery Services,Restaurant/Grocery/Other Delivery Services
283,INSTACART,2019-02,AZ,8473.910000000002,687298.82,Third- Party Delivery Services,Restaurant/Grocery/Other Delivery Services
284,GRUBHUB.COM,2019-02,SD,432.22,12290.649999999998,Third- Party Delivery Services,Restaurant/Grocery/Other Delivery Services
285,DOORDASH,2019-02,DC,8562.340000000002,259533.72,Third- Party Delivery Services,Restaurant/Grocery/Other Delivery Services
286,INSTACART,2019-01,SD,429.36,35994.340000000004,Third- Party Delivery Services,Restaurant/Grocery/Other Delivery Services
287,DOORDASH,2019-02,KS,9095.31,265813.62,Third- Party Delivery Services,Restaurant/Grocery/Other Delivery Services
288,DOORDASH,2019-01,OK,20671.15,663903.3900000002,Third- Party Delivery Services,Restaurant/Grocery/Other Delivery Services
289,UBEREATS,2019-01,ND,1839.7,34972.69000000001,Third- Party Delivery Services,Restaurant/Grocery/Other Delivery Services
290,AMAZON FRESH,2019-02,MS,265.69,14957.700000000004,Third- Party Delivery Services,Restaurant/Grocery/Other Delivery Services
291,GRUBHUB.COM,2019-02,DE,3678.32,104897.16000000002,Third- Party Delivery Services,Restaurant/Grocery/Other Delivery Services
292,GRUBHUB.COM,2019-01,LA,1839.24,56086.55,Third- Party Delivery Services,Restaurant/Grocery/Other Delivery Services
293,INSTACART,2019-02,ME,532.1800000000001,46481.23,Third- Party Delivery Services,Restaurant/Grocery/Other Delivery Services
294,GRUBHUB.COM,2019-01,RI,2169.7700000000004,74337.37000000002,Third- Party Delivery Services,Restaurant/Grocery/Other Delivery Services
295,DOORDASH,2019-02,LA,4602.27,140709.83,Third- Party Delivery Services,Restaurant/Grocery/Other Delivery Services
296,DOORDASH,2019-02,MS,5067.660000000002,146671.65000000002,Third- Party Delivery Services,Restaurant/Grocery/Other Delivery Services
297,GRUBHUB.COM,2019-02,LA,2065.77,65547.73,Third- Party Delivery Services,Restaurant/Grocery/Other Delivery Services
298,INSTACART,2019-02,NM,1219.28,89844.53,Third- Party Delivery Services,Restaurant/Grocery/Other Delivery Services
299,AMAZON FRESH,2019-01,WA,14725.05,795362.4500000001,Third- Party Delivery Services,Restaurant/Grocery/Other Delivery Services
300,GRUBHUB.COM,2019-01,NV,11021.92,371357.75,Third- Party Delivery Services,Restaurant/Grocery/Other Delivery Services
301,AMAZON FRESH,2019-02,IN,351.6400000000001,17879.420000000002,Third- Party Delivery Services,Restaurant/Grocery/Other Delivery Services
302,INSTACART,2019-01,DE,907.3299999999996,79975.21999999999,Third- Party Delivery Services,Restaurant/Grocery/Other Delivery Services
303,GRUBHUB.COM,2019-02,AL,3621.61,97629.22,Third- Party Delivery Services,Restaurant/Grocery/Other Delivery Services
304,AMAZON FRESH,2019-02,OK,250.88,11426.36,Third- Party Delivery Services,Restaurant/Grocery/Other Delivery Services
305,INSTACART,2019-02,NH,553.85,48640.34999999999,Third- Party Delivery Services,Restaurant/Grocery/Other Delivery Services
306,GRUBHUB.COM,2019-01,IA,7794.69,240742.16,Third- Party Delivery Services,Restaurant/Grocery/Other Delivery Services
307,INSTACART,2019-01,WY,320.94000000000005,24253.270000000004,Third- Party Delivery Services,Restaurant/Grocery/Other Delivery Services
308,DOORDASH,2019-01,HI,3886.8199999999993,124887.32,Third- Party Delivery Services,Restaurant/Grocery/Other Delivery Services
309,GRUBHUB.COM,2019-01,GA,15026.67,462056.4,Third- Party Delivery Services,Restaurant/Grocery/Other Delivery Services
310,DOORDASH,2019-02,NV,19980.370000000003,624390.23,Third- Party Delivery Services,Restaurant/Grocery/Other Delivery Services
311,GRUBHUB.COM,2019-02,WI,10461.44,324891.07,Third- Party Delivery Services,Restaurant/Grocery/Other Delivery Services
312,UBEREATS,2019-01,LA,9929.820000000002,200164.15000000005,Third- Party Delivery Services,Restaurant/Grocery/Other Delivery Services
313,DOORDASH,2019-01,DC,7865.229999999998,241052.73000000004,Third- Party Delivery Services,Restaurant/Grocery/Other Delivery Services
314,DOORDASH,2019-01,UT,25350.470000000005,747980.53,Third- Party Delivery Services,Restaurant/Grocery/Other Delivery Services
315,GRUBHUB.COM,2019-01,FL,23748.570000000003,723761.5499999999,Third- Party Delivery Services,Restaurant/Grocery/Other Delivery Services
316,INSTACART,2019-01,MS,1035.43,78186.92000000001,Third- Party Delivery Services,Restaurant/Grocery/Other Delivery Services
317,DOORDASH,2019-01,ID,7997.35,257508.44999999995,Third- Party Delivery Services,Restaurant/Grocery/Other Delivery Services
318,GRUBHUB.COM,2019-02,NH,1473.8599999999997,46117.54000000001,Third- Party Delivery Services,Restaurant/Grocery/Other Delivery Services
319,AMAZON FRESH,2019-01,KS,488.4799999999999,31888.1,Third- Party Delivery Services,Restaurant/Grocery/Other Delivery Services
320,AMAZON FRESH,2019-01,NY,14581.100000000004,680603.5200000001,Third- Party Delivery Services,Restaurant/Grocery/Other Delivery Services
321,INSTACART,2019-01,LA,1684.57,160112.21,Third- Party Delivery Services,Restaurant/Grocery/Other Delivery Services
322,INSTACART,2019-01,WV,433.7699999999998,32679.67,Third- Party Delivery Services,Restaurant/Grocery/Other Delivery Services
323,UBEREATS,2019-02,CO,47875.95,836345.32,Third- Party Delivery Services,Restaurant/Grocery/Other Delivery Services
324,INSTACART,2019-01,AK,696.0699999999999,63672.04999999999,Third- Party Delivery Services,Restaurant/Grocery/Other Delivery Services
325,DOORDASH,2019-01,LA,3727.2800000000007,111344.67999999996,Third- Party Delivery Services,Restaurant/Grocery/Other Delivery Services
326,GRUBHUB.COM,2019-01,NC,21013.81,638319.9400000001,Third- Party Delivery Services,Restaurant/Grocery/Other Delivery Services
327,GRUBHUB.COM,2019-02,KY,2273.4200000000005,69040.77,Third- Party Delivery Services,Restaurant/Grocery/Other Delivery Services
328,INSTACART,2019-02,NY,19299.4,1583819.35,Third- Party Delivery Services,Restaurant/Grocery/Other Delivery Services
329,AMAZON FRESH,2019-01,HI,447.0099999999999,20559.43,Third- Party Delivery Services,Restaurant/Grocery/Other Delivery Services
330,UBEREATS,2019-01,VA,69274.41999999997,1352756.6,Third- Party Delivery Services,Restaurant/Grocery/Other Delivery Services
331,UBEREATS,2019-01,IA,9006.330000000002,162216.46000000005,Third- Party Delivery Services,Restaurant/Grocery/Other Delivery Services
332,INSTACART,2019-01,WA,13338.36,1114946.4899999998,Third- Party Delivery Services,Restaurant/Grocery/Other Delivery Services
333,AMAZON FRESH,2019-02,GA,4455.139999999999,218672.52,Third- Party Delivery Services,Restaurant/Grocery/Other Delivery Services
334,UBEREATS,2019-01,OH,18025.150000000005,347699.48,Third- Party Delivery Services,Restaurant/Grocery/Other Delivery Services
335,DOORDASH,2019-01,WV,1515.1799999999998,53454.810000000005,Third- Party Delivery Services,Restaurant/Grocery/Other Delivery Services
336,INSTACART,2019-02,SC,5849.25,500643.32,Third- Party Delivery Services,Restaurant/Grocery/Other Delivery Services
337,GRUBHUB.COM,2019-02,CA,116817.79,4122227.38,Third- Party Delivery Services,Restaurant/Grocery/Other Delivery Services
338,INSTACART,2019-01,GA,22637.77,1880908.44,Third- Party Delivery Services,Restaurant/Grocery/Other Delivery Services
339,UBEREATS,2019-02,WA,112221.68000000002,2212339.0500000003,Third- Party Delivery Services,Restaurant/Grocery/Other Delivery Services
340,UBEREATS,2019-02,SC,22696.26,438813.7500000001,Third- Party Delivery Services,Restaurant/Grocery/Other Delivery Services
341,GRUBHUB.COM,2019-01,OR,18581.72,599709.4300000002,Third- Party Delivery Services,Restaurant/Grocery/Other Delivery Services
342,INSTACART,2019-01,ME,493.73,47392.25,Third- Party Delivery Services,Restaurant/Grocery/Other Delivery Services
343,AMAZON FRESH,2019-02,AK,59.58000000000001,2197.17,Third- Party Delivery Services,Restaurant/Grocery/Other Delivery Services
344,AMAZON FRESH,2019-01,NJ,5048.270000000001,262383.45,Third- Party Delivery Services,Restaurant/Grocery/Other Delivery Services
345,DOORDASH,2019-02,TN,32089.349999999995,948309.15,Third- Party Delivery Services,Restaurant/Grocery/Other Delivery Services
346,DOORDASH,2019-02,VA,49472.87999999999,1497827.91,Third- Party Delivery Services,Restaurant/Grocery/Other Delivery Services
347,INSTACART,2019-01,IN,3010.1600000000008,220978.79,Third- Party Delivery Services,Restaurant/Grocery/Other Delivery Services
348,GRUBHUB.COM,2019-01,MS,1566.5299999999995,50390.730000000025,Third- Party Delivery Services,Restaurant/Grocery/Other Delivery Services
349,GRUBHUB.COM,2019-02,AR,1816.27,55476.19,Third- Party Delivery Services,Restaurant/Grocery/Other Delivery Services
350,GRUBHUB.COM,2019-02,NV,11203.12,371938.4,Third- Party Delivery Services,Restaurant/Grocery/Other Delivery Services
351,DOORDASH,2019-01,CO,53125.34999999999,1777270.5000000002,Third- Party Delivery Services,Restaurant/Grocery/Other Delivery Services
352,UBEREATS,2019-01,WY,1461.4700000000005,29635.320000000003,Third- Party Delivery Services,Restaurant/Grocery/Other Delivery Services
353,UBEREATS,2019-01,WV,2589.439999999999,52036.15000000001,Third- Party Delivery Services,Restaurant/Grocery/Other Delivery Services
354,DOORDASH,2019-01,IN,9088.32,293011.69999999995,Third- Party Delivery Services,Restaurant/Grocery/Other Delivery Services
355,INSTACART,2019-02,LA,1580.9900000000002,162522.94,Third- Party Delivery Services,Restaurant/Grocery/Other Delivery Services
356,AMAZON FRESH,2019-01,MA,3472.51,203781.03,Third- Party Delivery Services,Restaurant/Grocery/Other Delivery Services
357,INSTACART,2019-02,WV,484.39,39889.7,Third- Party Delivery Services,Restaurant/Grocery/Other Delivery Services
358,INSTACART,2019-01,CA,87490.56,7390245.849999998,Third- Party Delivery Services,Restaurant/Grocery/Other Delivery Services
359,GRUBHUB.COM,2019-02,MN,6848.619999999999,202190.95,Third- Party Delivery Services,Restaurant/Grocery/Other Delivery Services
360,AMAZON FRESH,2019-01,DE,339.38,24225.23,Third- Party Delivery Services,Restaurant/Grocery/Other Delivery Services
361,UBEREATS,2019-01,NC,48312.25,923307.66,Third- Party Delivery Services,Restaurant/Grocery/Other Delivery Services
362,INSTACART,2019-01,MO,3365.84,253192.64,Third- Party Delivery Services,Restaurant/Grocery/Other Delivery Services
363,AMAZON FRESH,2019-01,SD,42.71000000000001,1716.04,Third- Party Delivery Services,Restaurant/Grocery/Other Delivery Services
364,UBEREATS,2019-01,UT,15812.130000000005,280182.88,Third- Party Delivery Services,Restaurant/Grocery/Other Delivery Services
365,AMAZON FRESH,2019-01,IN,580.5100000000002,32338.43,Third- Party Delivery Services,Restaurant/Grocery/Other Delivery Services
366,DOORDASH,2019-01,MA,13419.54,438055.28000000014,Third- Party Delivery Services,Restaurant/Grocery/Other Delivery Services
367,INSTACART,2019-01,CO,10514.87,926827.77,Third- Party Delivery Services,Restaurant/Grocery/Other Delivery Services
368,AMAZON FRESH,2019-02,NC,2882.09,150542.8,Third- Party Delivery Services,Restaurant/Grocery/Other Delivery Services
369,UBEREATS,2019-01,MI,13294.490000000002,270322.88000000006,Third- Party Delivery Services,Restaurant/Grocery/Other Delivery Services
370,DOORDASH,2019-01,AZ,44211.11,1396178.74,Third- Party Delivery Services,Restaurant/Grocery/Other Delivery Services
371,INSTACART,2019-02,PA,17369.98,1549600.66,Third- Party Delivery Services,Restaurant/Grocery/Other Delivery Services
372,UBEREATS,2019-01,NJ,99407.95000000004,2014321.15,Third- Party Delivery Services,Restaurant/Grocery/Other Delivery Services
373,DOORDASH,2019-02,KY,6489.62,189703.73,Third- Party Delivery Services,Restaurant/Grocery/Other Delivery Services
374,AMAZON FRESH,2019-02,TN,2373.94,116939.73,Third- Party Delivery Services,Restaurant/Grocery/Other Delivery Services
375,INSTACART,2019-02,OH,3909.67,317737.17,Third- Party Delivery Services,Restaurant/Grocery/Other Delivery Services
376,UBEREATS,2019-02,WY,1309.1699999999996,24405.770000000004,Third- Party Delivery Services,Restaurant/Grocery/Other Delivery Services
377,DOORDASH,2019-02,FL,78690.87999999999,2270322.71,Third- Party Delivery Services,Restaurant/Grocery/Other Delivery Services
378,UBEREATS,2019-02,WV,2635.4100000000003,51362.86,Third- Party Delivery Services,Restaurant/Grocery/Other Delivery Services
379,UBEREATS,2019-02,MI,13112.230000000003,241841.88000000003,Third- Party Delivery Services,Restaurant/Grocery/Other Delivery Services
380,GRUBHUB.COM,2019-02,MI,6503.75,198584.4,Third- Party Delivery Services,Restaurant/Grocery/Other Delivery Services
381,GRUBHUB.COM,2019-01,KY,2029.69,61377.18,Third- Party Delivery Services,Restaurant/Grocery/Other Delivery Services
382,GRUBHUB.COM,2019-01,OK,4696.6,153401.74,Third- Party Delivery Services,Restaurant/Grocery/Other Delivery Services
383,DOORDASH,2019-02,SC,16629.919999999995,487127.67999999993,Third- Party Delivery Services,Restaurant/Grocery/Other Delivery Services
384,GRUBHUB.COM,2019-01,MT,979.88,32610.51000000001,Third- Party Delivery Services,Restaurant/Grocery/Other Delivery Services
385,GRUBHUB.COM,2019-02,WA,18379.65,619488.6200000001,Third- Party Delivery Services,Restaurant/Grocery/Other Delivery Services
386,DOORDASH,2019-01,NC,46278.030000000006,1386144.1799999997,Third- Party Delivery Services,Restaurant/Grocery/Other Delivery Services
387,UBEREATS,2019-02,NV,33464.64,633660.8800000001,Third- Party Delivery Services,Restaurant/Grocery/Other Delivery Services
388,AMAZON FRESH,2019-02,NY,13780.91,670002.48,Third- Party Delivery Services,Restaurant/Grocery/Other Delivery Services
389,AMAZON FRESH,2019-01,WV,179.05999999999997,13111.38,Third- Party Delivery Services,Restaurant/Grocery/Other Delivery Services
390,DOORDASH,2019-02,TX,193117.29,5957518.94,Third- Party Delivery Services,Restaurant/Grocery/Other Delivery Services
391,INSTACART,2019-02,NE,1649.2000000000005,118691.65,Third- Party Delivery Services,Restaurant/Grocery/Other Delivery Services
392,GRUBHUB.COM,2019-02,AK,593.41,19417.34,Third- Party Delivery Services,Restaurant/Grocery/Other Delivery Services
393,GRUBHUB.COM,2019-02,TX,45494.390000000014,1355630.5299999998,Third- Party Delivery Services,Restaurant/Grocery/Other Delivery Services
394,DOORDASH,2019-01,AR,4140.63,140271.92000000004,Third- Party Delivery Services,Restaurant/Grocery/Other Delivery Services
395,INSTACART,2019-01,TX,42905.92,3727192.210000001,Third- Party Delivery Services,Restaurant/Grocery/Other Delivery Services
396,DOORDASH,2019-02,MA,15647.809999999998,504802.8899999999,Third- Party Delivery Services,Restaurant/Grocery/Other Delivery Services
397,DOORDASH,2019-02,WA,53820.43999999999,1783532.5199999998,Third- Party Delivery Services,Restaurant/Grocery/Other Delivery Services
398,UBEREATS,2019-02,NH,3185.8900000000003,59997.03,Third- Party Delivery Services,Restaurant/Grocery/Other Delivery Services
399,AMAZON FRESH,2019-02,VT,308.17,20655.47,Third- Party Delivery Services,Restaurant/Grocery/Other Delivery Services
400,GRUBHUB.COM,2019-01,WV,1394.5600000000002,45182.71,Third- Party Delivery Services,Restaurant/Grocery/Other Delivery Services
401,GRUBHUB.COM,2019-01,UT,7975.44,268719.74999999994,Third- Party Delivery Services,Restaurant/Grocery/Other Delivery Services
402,UBEREATS,2019-01,OK,9382.280000000002,164549.41000000006,Third- Party Delivery Services,Restaurant/Grocery/Other Delivery Services
403,AMAZON FRESH,2019-02,KY,234.34,15418.379999999996,Third- Party Delivery Services,Restaurant/Grocery/Other Delivery Services
404,DOORDASH,2019-01,AK,1018.8100000000002,31457.959999999995,Third- Party Delivery Services,Restaurant/Grocery/Other Delivery Services
405,INSTACART,2019-01,NM,1208.99,96544.87,Third- Party Delivery Services,Restaurant/Grocery/Other Delivery Services
406,GRUBHUB.COM,2019-02,IA,7525.489999999999,232738.7,Third- Party Delivery Services,Restaurant/Grocery/Other Delivery Services
407,AMAZON FRESH,2019-01,CO,5181.379999999999,292897.41000000003,Third- Party Delivery Services,Restaurant/Grocery/Other Delivery Services
408,AMAZON FRESH,2019-02,FL,5592.1500000000015,280976.29000000004,Third- Party Delivery Services,Restaurant/Grocery/Other Delivery Services
409,AMAZON FRESH,2019-02,MN,2551.66,145625.32,Third- Party Delivery Services,Restaurant/Grocery/Other Delivery Services
410,AMAZON FRESH,2019-01,NH,154.51000000000002,8430.1,Third- Party Delivery Services,Restaurant/Grocery/Other Delivery Services
411,GRUBHUB.COM,2019-01,MI,6301.65,205429.21,Third- Party Delivery Services,Restaurant/Grocery/Other Delivery Services
412,AMAZON FRESH,2019-02,NH,170.06,8942.18,Third- Party Delivery Services,Restaurant/Grocery/Other Delivery Services
413,UBEREATS,2019-02,SD,1107.69,20979.01,Third- Party Delivery Services,Restaurant/Grocery/Other Delivery Services
414,DOORDASH,2019-01,DE,4347.259999999999,136356.81,Third- Party Delivery Services,Restaurant/Grocery/Other Delivery Services
415,INSTACART,2019-02,MS,965.91,82418.76999999999,Third- Party Delivery Services,Restaurant/Grocery/Other Delivery Services
416,UBEREATS,2019-02,NE,11544.400000000003,188512.37,Third- Party Delivery Services,Restaurant/Grocery/Other Delivery Services
417,DOORDASH,2019-02,MI,9872.28,313936.79,Third- Party Delivery Services,Restaurant/Grocery/Other Delivery Services
418,DOORDASH,2019-02,CT,15965.609999999995,492944.79,Third- Party Delivery Services,Restaurant/Grocery/Other Delivery Services
419,INSTACART,2019-01,NY,19735.790000000005,1732027.35,Third- Party Delivery Services,Restaurant/Grocery/Other Delivery Services
420,UBEREATS,2019-02,UT,15061.1,266656.04,Third- Party Delivery Services,Restaurant/Grocery/Other Delivery Services
421,GRUBHUB.COM,2019-02,MS,1621.67,50073.83,Third- Party Delivery Services,Restaurant/Grocery/Other Delivery Services
422,INSTACART,2019-01,NV,4137.78,331211.3499999999,Third- Party Delivery Services,Restaurant/Grocery/Other Delivery Services
423,GRUBHUB.COM,2019-02,IN,4289.35,131437.59000000003,Third- Party Delivery Services,Restaurant/Grocery/Other Delivery Services
424,UBEREATS,2019-01,NE,11369.030000000002,199298.51,Third- Party Delivery Services,Restaurant/Grocery/Other Delivery Services
425,INSTACART,2019-02,MD,10419.48,863171.21,Third- Party Delivery Services,Restaurant/Grocery/Other Delivery Services
426,DOORDASH,2019-01,PA,47896.14,1482685.9800000002,Third- Party Delivery Services,Restaurant/Grocery/Other Delivery Services
427,UBEREATS,2019-01,NH,2830.64,54984.02,Third- Party Delivery Services,Restaurant/Grocery/Other Delivery Services
428,DOORDASH,2019-01,CA,465478.4399999998,15925710.16,Third- Party Delivery Services,Restaurant/Grocery/Other Delivery Services
429,GRUBHUB.COM,2019-02,WY,738.5899999999999,26108.319999999992,Third- Party Delivery Services,Restaurant/Grocery/Other Delivery Services
430,GRUBHUB.COM,2019-02,ND,333.36000000000007,11061.14,Third- Party Delivery Services,Restaurant/Grocery/Other Delivery Services
431,DOORDASH,2019-02,NY,51028.33,1533485.6399999997,Third- Party Delivery Services,Restaurant/Grocery/Other Delivery Services
432,AMAZON FRESH,2019-02,MI,872.3300000000002,40047.600000000006,Third- Party Delivery Services,Restaurant/Grocery/Other Delivery Services
433,INSTACART,2019-01,VA,12595.08,1128748.1,Third- Party Delivery Services,Restaurant/Grocery/Other Delivery Services
434,DOORDASH,2019-01,AL,9374.63,295305.8,Third- Party Delivery Services,Restaurant/Grocery/Other Delivery Services
435,AMAZON FRESH,2019-01,CA,38294.87,1913193.83,Third- Party Delivery Services,Restaurant/Grocery/Other Delivery Services
436,GRUBHUB.COM,2019-02,VT,1009.73,32930.02,Third- Party Delivery Services,Restaurant/Grocery/Other Delivery Services
437,GRUBHUB.COM,2019-02,NM,6071.740000000002,196834.74,Third- Party Delivery Services,Restaurant/Grocery/Other Delivery Services
438,GRUBHUB.COM,2019-02,MT,1087.5600000000002,35821.97,Third- Party Delivery Services,Restaurant/Grocery/Other Delivery Services
439,INSTACART,2019-02,HI,1088.2600000000002,70527.03,Third- Party Delivery Services,Restaurant/Grocery/Other Delivery Services
440,INSTACART,2019-02,WA,11700.659999999998,996283.77,Third- Party Delivery Services,Restaurant/Grocery/Other Delivery Services
441,AMAZON FRESH,2019-01,WI,2013.62,94472.34,Third- Party Delivery Services,Restaurant/Grocery/Other Delivery Services
442,AMAZON FRESH,2019-02,NM,277.72,15121.7,Third- Party Delivery Services,Restaurant/Grocery/Other Delivery Services
443,UBEREATS,2019-02,MD,77356.26000000002,1490709.34,Third- Party Delivery Services,Restaurant/Grocery/Other Delivery Services
444,GRUBHUB.COM,2019-02,KS,3115.9700000000003,90193.44,Third- Party Delivery Services,Restaurant/Grocery/Other Delivery Services
445,AMAZON FRESH,2019-02,IL,4112.400000000001,195284.13,Third- Party Delivery Services,Restaurant/Grocery/Other Delivery Services
446,AMAZON FRESH,2019-02,MD,4509.499999999999,220965.81999999995,Third- Party Delivery Services,Restaurant/Grocery/Other Delivery Services
447,GRUBHUB.COM,2019-01,CA,112288.96000000002,4057264.83,Third- Party Delivery Services,Restaurant/Grocery/Other Delivery Services
448,AMAZON FRESH,2019-01,OR,2303.97,128063.4,Third- Party Delivery Services,Restaurant/Grocery/Other Delivery Services
449,UBEREATS,2019-01,IL,56469.49,1066714.45,Third- Party Delivery Services,Restaurant/Grocery/Other Delivery Services
450,DOORDASH,2019-02,WV,1758.1399999999996,55137.57000000001,Third- Party Delivery Services,Restaurant/Grocery/Other Delivery Services
451,UBEREATS,2019-02,OK,9817.839999999998,175434.05000000002,Third- Party Delivery Services,Restaurant/Grocery/Other Delivery Services
452,INSTACART,2019-02,MA,5669.339999999999,454158.95,Third- Party Delivery Services,Restaurant/Grocery/Other Delivery Services
453,INSTACART,2019-01,OK,1400.0500000000002,116844.65,Third- Party Delivery Services,Restaurant/Grocery/Other Delivery Services
454,AMAZON FRESH,2019-01,RI,138.03,4948.530000000001,Third- Party Delivery Services,Restaurant/Grocery/Other Delivery Services
455,UBEREATS,2019-01,NV,31876.82,635348.73,Third- Party Delivery Services,Restaurant/Grocery/Other Delivery Services
456,INSTACART,2019-02,KS,1501.64,133603.98000000004,Third- Party Delivery Services,Restaurant/Grocery/Other Delivery Services
457,AMAZON FRESH,2019-02,AR,264.4,11554.97,Third- Party Delivery Services,Restaurant/Grocery/Other Delivery Services
458,GRUBHUB.COM,2019-01,NE,4176.259999999999,123034.72999999998,Third- Party Delivery Services,Restaurant/Grocery/Other Delivery Services
459,UBEREATS,2019-01,ID,11384.550000000005,216818.82,Third- Party Delivery Services,Restaurant/Grocery/Other Delivery Services
460,DOORDASH,2019-02,MD,48658.170000000006,1469144.91,Third- Party Delivery Services,Restaurant/Grocery/Other Delivery Services
461,GRUBHUB.COM,2019-02,RI,2259.92,73312.14,Third- Party Delivery Services,Restaurant/Grocery/Other Delivery Services
462,DOORDASH,2019-02,AZ,47753.59,1505557.79,Third- Party Delivery Services,Restaurant/Grocery/Other Delivery Services
463,INSTACART,2019-02,WY,270.9,21701.93,Third- Party Delivery Services,Restaurant/Grocery/Other Delivery Services
464,DOORDASH,2019-02,NE,14073.799999999996,417372.21,Third- Party Delivery Services,Restaurant/Grocery/Other Delivery Services
465,AMAZON FRESH,2019-02,AL,533.0000000000001,29150.23,Third- Party Delivery Services,Restaurant/Grocery/Other Delivery Services
466,DOORDASH,2019-01,MO,10493.49,334205.21,Third- Party Delivery Services,Restaurant/Grocery/Other Delivery Services
467,AMAZON FRESH,2019-02,ND,56.190000000000005,2785.59,Third- Party Delivery Services,Restaurant/Grocery/Other Delivery Services
468,AMAZON FRESH,2019-01,ID,442.08,22422.240000000005,Third- Party Delivery Services,Restaurant/Grocery/Other Delivery Services
469,INSTACART,2019-01,UT,3881.79,344689.6,Third- Party Delivery Services,Restaurant/Grocery/Other Delivery Services
470,UBEREATS,2019-01,SC,21886.31,439402.69000000006,Third- Party Delivery Services,Restaurant/Grocery/Other Delivery Services
471,INSTACART,2019-01,MN,16660.92,1408030.6999999995,Third- Party Delivery Services,Restaurant/Grocery/Other Delivery Services
472,DOORDASH,2019-02,NC,52265.33999999999,1534762.06,Third- Party Delivery Services,Restaurant/Grocery/Other Delivery Services
473,GRUBHUB.COM,2019-01,KS,2884.5200000000004,91078.12999999998,Third- Party Delivery Services,Restaurant/Grocery/Other Delivery Services
474,AMAZON FRESH,2019-01,GA,4779.63,234865.83,Third- Party Delivery Services,Restaurant/Grocery/Other Delivery Services
475,UBEREATS,2019-02,MT,11700.410000000002,204795.07,Third- Party Delivery Services,Restaurant/Grocery/Other Delivery Services
476,UBEREATS,2019-01,GA,152194.3,2884516.56,Third- Party Delivery Services,Restaurant/Grocery/Other Delivery Services
477,UBEREATS,2019-02,MS,7072.560000000001,129019.99000000002,Third- Party Delivery Services,Restaurant/Grocery/Other Delivery Services
478,GRUBHUB.COM,2019-01,AK,708.8800000000001,23456.34,Third- Party Delivery Services,Restaurant/Grocery/Other Delivery Services
479,INSTACART,2019-01,SC,5764.009999999999,499630.23,Third- Party Delivery Services,Restaurant/Grocery/Other Delivery Services
480,UBEREATS,2019-01,KS,8695.19,169536.15,Third- Party Delivery Services,Restaurant/Grocery/Other Delivery Services
481,DOORDASH,2019-01,ND,938.82,29885.050000000007,Third- Party Delivery Services,Restaurant/Grocery/Other Delivery Services
482,DOORDASH,2019-02,AL,11478.24,328222.82000000007,Third- Party Delivery Services,Restaurant/Grocery/Other Delivery Services
483,UBEREATS,2019-01,RI,2812.67,56051.75999999998,Third- Party Delivery Services,Restaurant/Grocery/Other Delivery Services
484,UBEREATS,2019-02,NM,8281.14,149824.97000000003,Third- Party Delivery Services,Restaurant/Grocery/Other Delivery Services
485,DOORDASH,2019-01,RI,1271.9900000000005,44367.91,Third- Party Delivery Services,Restaurant/Grocery/Other Delivery Services
486,AMAZON FRESH,2019-02,AZ,1671.6899999999996,91906.25,Third- Party Delivery Services,Restaurant/Grocery/Other Delivery Services
487,UBEREATS,2019-02,MO,10394.930000000002,201770.21,Third- Party Delivery Services,Restaurant/Grocery/Other Delivery Services
488,DOORDASH,2019-02,HI,4182.46,132273.59,Third- Party Delivery Services,Restaurant/Grocery/Other Delivery Services
489,GRUBHUB.COM,2019-02,CT,17785.34,555170.43,Third- Party Delivery Services,Restaurant/Grocery/Other Delivery Services
490,AMAZON FRESH,2019-02,WA,13313.999999999998,659290.9800000001,Third- Party Delivery Services,Restaurant/Grocery/Other Delivery Services
491,GRUBHUB.COM,2019-02,AZ,16617.66,538053.0299999999,Third- Party Delivery Services,Restaurant/Grocery/Other Delivery Services
492,AMAZON FRESH,2019-01,OH,1311.6,76990.81999999999,Third- Party Delivery Services,Restaurant/Grocery/Other Delivery Services
493,GRUBHUB.COM,2019-02,VA,30236.41,924766.35,Third- Party Delivery Services,Restaurant/Grocery/Other Delivery Services
494,DOORDASH,2019-01,MT,1934.87,66859.45999999999,Third- Party Delivery Services,Restaurant/Grocery/Other Delivery Services
495,UBEREATS,2019-02,AZ,58615.95,1085251.36,Third- Party Delivery Services,Restaurant/Grocery/Other Delivery Services
496,AMAZON FRESH,2019-01,KY,352.7800000000001,23654.93,Third- Party Delivery Services,Restaurant/Grocery/Other Delivery Services
497,AMAZON FRESH,2019-02,DC,2266.9300000000003,113199.86999999997,Third- Party Delivery Services,Restaurant/Grocery/Other Delivery Services
498,INSTACART,2019-02,MO,3327.07,274445.22000000003,Third- Party Delivery Services,Restaurant/Grocery/Other Delivery Services
499,AMAZON FRESH,2019-02,NE,319.76,21220.42,Third- Party Delivery Services,Restaurant/Grocery/Other Delivery Services
500,INSTACART,2019-02,IL,8697.929999999998,717754.1499999998,Third- Party Delivery Services,Restaurant/Grocery/Other Delivery Services
501,AMAZON FRESH,2019-01,AK,33.779999999999994,1321.5000000000002,Third- Party Delivery Services,Restaurant/Grocery/Other Delivery Services
502,UBEREATS,2019-02,GA,157349.08000000002,2888176.2,Third- Party Delivery Services,Restaurant/Grocery/Other Delivery Services
503,INSTACART,2019-01,OH,4233.349999999999,339765.25999999995,Third- Party Delivery Services,Restaurant/Grocery/Other Delivery Services
504,DOORDASH,2019-01,VA,41213.53,1278508.34,Third- Party Delivery Services,Restaurant/Grocery/Other Delivery Services
505,UBEREATS,2019-01,CO,46225.75,851607.8600000001,Third- Party Delivery Services,Restaurant/Grocery/Other Delivery Services
506,GRUBHUB.COM,2019-02,DC,5639.389999999999,187765.43,Third- Party Delivery Services,Restaurant/Grocery/Other Delivery Services
507,INSTACART,2019-01,AR,1118.14,86000.45999999999,Third- Party Delivery Services,Restaurant/Grocery/Other Delivery Services
508,DOORDASH,2019-01,SD,966.61,32436.35,Third- Party Delivery Services,Restaurant/Grocery/Other Delivery Services
509,UBEREATS,2019-02,NC,49584.06999999999,910014.3000000002,Third- Party Delivery Services,Restaurant/Grocery/Other Delivery Services
