,BRAND_NAME,MONTH,STATE_ABBR,TRANS_COUNT,SPEND_AMOUNT,INDUSTRY_NAME,SUBINDUSTRY_NAME
0,AMAZON FRESH,2020-02,KS,484.21000000000015,29687.81,Third- Party Delivery Services,Restaurant/Grocery/Other Delivery Services
1,GRUBHUB.COM,2020-02,AK,1269.55,46814.419999999984,Third- Party Delivery Services,Restaurant/Grocery/Other Delivery Services
2,UBEREATS,2020-02,AK,1275.33,31266.91,Third- Party Delivery Services,Restaurant/Grocery/Other Delivery Services
3,GRUBHUB.COM,2020-01,ME,1554.5400000000002,59503.56,Third- Party Delivery Services,Restaurant/Grocery/Other Delivery Services
4,GRUBHUB.COM,2020-01,KS,4190.85,137936.77999999997,Third- Party Delivery Services,Restaurant/Grocery/Other Delivery Services
5,INSTACART,2020-02,NC,30006.94,2609539.45,Third- Party Delivery Services,Restaurant/Grocery/Other Delivery Services
6,UBEREATS,2020-01,IN,7731.099999999998,198503.72,Third- Party Delivery Services,Restaurant/Grocery/Other Delivery Services
7,INSTACART,2020-02,WA,18070.13,1687485.1100000003,Third- Party Delivery Services,Restaurant/Grocery/Other Delivery Services
8,AMAZON FRESH,2020-01,AK,144.54,5236.7300000000005,Third- Party Delivery Services,Restaurant/Grocery/Other Delivery Services
9,GRUBHUB.COM,2020-01,AL,5455.239999999999,168038.56,Third- Party Delivery Services,Restaurant/Grocery/Other Delivery Services
10,AMAZON FRESH,2020-01,UT,1894.14,77590.88,Third- Party Delivery Services,Restaurant/Grocery/Other Delivery Services
11,AMAZON FRESH,2020-01,MA,9500.81,462207.88,Third- Party Delivery Services,Restaurant/Grocery/Other Delivery Services
12,AMAZON FRESH,2020-01,WA,26558.64,1186320.35,Third- Party Delivery Services,Restaurant/Grocery/Other Delivery Services
13,DOORDASH,2020-02,MS,12083.94,349233.99000000005,Third- Party Delivery Services,Restaurant/Grocery/Other Delivery Services
14,GRUBHUB.COM,2020-02,CT,22291.869999999995,735720.51,Third- Party Delivery Services,Restaurant/Grocery/Other Delivery Services
15,INSTACART,2020-02,NJ,13939.600000000002,1359664.1899999997,Third- Party Delivery Services,Restaurant/Grocery/Other Delivery Services
16,GRUBHUB.COM,2020-02,AL,6462.26,195019.53,Third- Party Delivery Services,Restaurant/Grocery/Other Delivery Services
17,UBEREATS,2020-02,UT,11300.930000000002,283313.77,Third- Party Delivery Services,Restaurant/Grocery/Other Delivery Services
18,UBEREATS,2020-02,KS,6974.2,178290.34000000003,Third- Party Delivery Services,Restaurant/Grocery/Other Delivery Services
19,GRUBHUB.COM,2020-02,TX,59974.52,1847726.63,Third- Party Delivery Services,Restaurant/Grocery/Other Delivery Services
20,AMAZON FRESH,2020-01,SD,108.13,4290.4400000000005,Third- Party Delivery Services,Restaurant/Grocery/Other Delivery Services
21,UBEREATS,2020-02,FL,280200.9599999999,7257280.779999999,Third- Party Delivery Services,Restaurant/Grocery/Other Delivery Services
22,DOORDASH,2020-01,WV,10816.279999999995,347583.27,Third- Party Delivery Services,Restaurant/Grocery/Other Delivery Services
23,GRUBHUB.COM,2020-01,WV,2349.74,83409.34999999998,Third- Party Delivery Services,Restaurant/Grocery/Other Delivery Services
24,GRUBHUB.COM,2020-01,AR,2018.51,70940.46,Third- Party Delivery Services,Restaurant/Grocery/Other Delivery Services
25,AMAZON FRESH,2020-01,LA,1152.97,46456.98,Third- Party Delivery Services,Restaurant/Grocery/Other Delivery Services
26,DOORDASH,2020-02,MO,24088.66,736020.4500000001,Third- Party Delivery Services,Restaurant/Grocery/Other Delivery Services
27,DOORDASH,2020-01,WA,97789.12,3236391.93,Third- Party Delivery Services,Restaurant/Grocery/Other Delivery Services
28,GRUBHUB.COM,2020-01,MT,1626.4300000000003,51417.95,Third- Party Delivery Services,Restaurant/Grocery/Other Delivery Services
29,AMAZON FRESH,2020-01,TX,33447.43,1426350.6899999997,Third- Party Delivery Services,Restaurant/Grocery/Other Delivery Services
30,INSTACART,2020-02,AK,1089.1300000000003,115370.29,Third- Party Delivery Services,Restaurant/Grocery/Other Delivery Services
31,DOORDASH,2020-02,AL,36278.19,1089244.36,Third- Party Delivery Services,Restaurant/Grocery/Other Delivery Services
32,INSTACART,2020-02,HI,1537.1600000000003,141119.23,Third- Party Delivery Services,Restaurant/Grocery/Other Delivery Services
33,UBEREATS,2020-02,VA,68910.37,1722439.02,Third- Party Delivery Services,Restaurant/Grocery/Other Delivery Services
34,INSTACART,2020-02,NV,5751.6900000000005,501827.2899999999,Third- Party Delivery Services,Restaurant/Grocery/Other Delivery Services
35,GRUBHUB.COM,2020-02,MO,5672.599999999999,191360.62,Third- Party Delivery Services,Restaurant/Grocery/Other Delivery Services
36,AMAZON FRESH,2020-02,OH,2390.89,135913.41,Third- Party Delivery Services,Restaurant/Grocery/Other Delivery Services
37,UBEREATS,2020-02,AZ,49559.82000000001,1289371.64,Third- Party Delivery Services,Restaurant/Grocery/Other Delivery Services
38,GRUBHUB.COM,2020-01,TN,14711.29,469978.87000000017,Third- Party Delivery Services,Restaurant/Grocery/Other Delivery Services
39,DOORDASH,2020-02,MA,27519.700000000004,877825.76,Third- Party Delivery Services,Restaurant/Grocery/Other Delivery Services
40,AMAZON FRESH,2020-01,MN,10507.41,451399.32,Third- Party Delivery Services,Restaurant/Grocery/Other Delivery Services
41,UBEREATS,2020-01,DE,3957.5500000000006,94004.0,Third- Party Delivery Services,Restaurant/Grocery/Other Delivery Services
42,UBEREATS,2020-02,NJ,99083.36999999998,2437533.19,Third- Party Delivery Services,Restaurant/Grocery/Other Delivery Services
43,DOORDASH,2020-02,TX,335539.45,10472691.62,Third- Party Delivery Services,Restaurant/Grocery/Other Delivery Services
44,UBEREATS,2020-01,ND,1939.5,57206.92,Third- Party Delivery Services,Restaurant/Grocery/Other Delivery Services
45,GRUBHUB.COM,2020-01,IN,5348.25,178911.91999999998,Third- Party Delivery Services,Restaurant/Grocery/Other Delivery Services
46,DOORDASH,2020-01,IL,52460.33,1626824.25,Third- Party Delivery Services,Restaurant/Grocery/Other Delivery Services
47,AMAZON FRESH,2020-01,DC,5898.27,263899.78,Third- Party Delivery Services,Restaurant/Grocery/Other Delivery Services
48,AMAZON FRESH,2020-02,MD,8100.530000000001,521120.2,Third- Party Delivery Services,Restaurant/Grocery/Other Delivery Services
49,AMAZON FRESH,2020-02,RI,556.5900000000001,32954.62,Third- Party Delivery Services,Restaurant/Grocery/Other Delivery Services
50,GRUBHUB.COM,2020-01,CT,21170.94,695924.16,Third- Party Delivery Services,Restaurant/Grocery/Other Delivery Services
51,DOORDASH,2020-01,TN,54035.48000000001,1687232.4800000004,Third- Party Delivery Services,Restaurant/Grocery/Other Delivery Services
52,DOORDASH,2020-01,AR,7861.9299999999985,240464.14,Third- Party Delivery Services,Restaurant/Grocery/Other Delivery Services
53,UBEREATS,2020-02,VT,1575.5199999999995,44863.13,Third- Party Delivery Services,Restaurant/Grocery/Other Delivery Services
54,AMAZON FRESH,2020-02,MT,320.73,22137.63,Third- Party Delivery Services,Restaurant/Grocery/Other Delivery Services
55,GRUBHUB.COM,2020-01,MS,2318.82,69359.04,Third- Party Delivery Services,Restaurant/Grocery/Other Delivery Services
56,GRUBHUB.COM,2020-02,PA,98825.42,3112042.100000001,Third- Party Delivery Services,Restaurant/Grocery/Other Delivery Services
57,GRUBHUB.COM,2020-01,NJ,52072.79,1669813.13,Third- Party Delivery Services,Restaurant/Grocery/Other Delivery Services
58,UBEREATS,2020-02,RI,2939.79,77289.38,Third- Party Delivery Services,Restaurant/Grocery/Other Delivery Services
59,AMAZON FRESH,2020-01,FL,17862.329999999998,773669.55,Third- Party Delivery Services,Restaurant/Grocery/Other Delivery Services
60,INSTACART,2020-01,VA,23529.230000000003,2137325.15,Third- Party Delivery Services,Restaurant/Grocery/Other Delivery Services
61,DOORDASH,2020-02,CA,653219.28,21647170.079999994,Third- Party Delivery Services,Restaurant/Grocery/Other Delivery Services
62,UBEREATS,2020-01,MD,63306.97,1591525.9100000004,Third- Party Delivery Services,Restaurant/Grocery/Other Delivery Services
63,UBEREATS,2020-02,TX,254289.10000000003,6265700.379999999,Third- Party Delivery Services,Restaurant/Grocery/Other Delivery Services
64,UBEREATS,2020-01,OH,16764.790000000005,446448.87,Third- Party Delivery Services,Restaurant/Grocery/Other Delivery Services
65,DOORDASH,2020-02,PA,116898.51,3682424.38,Third- Party Delivery Services,Restaurant/Grocery/Other Delivery Services
66,GRUBHUB.COM,2020-02,OK,5855.01,197496.22,Third- Party Delivery Services,Restaurant/Grocery/Other Delivery Services
67,UBEREATS,2020-02,MD,66189.20999999999,1669881.16,Third- Party Delivery Services,Restaurant/Grocery/Other Delivery Services
68,DOORDASH,2020-02,NH,10689.69,354535.51,Third- Party Delivery Services,Restaurant/Grocery/Other Delivery Services
69,GRUBHUB.COM,2020-01,TX,56184.420000000006,1770329.62,Third- Party Delivery Services,Restaurant/Grocery/Other Delivery Services
70,GRUBHUB.COM,2020-01,SD,1337.0399999999995,31711.33,Third- Party Delivery Services,Restaurant/Grocery/Other Delivery Services
71,UBEREATS,2020-02,OK,8870.880000000001,188564.06,Third- Party Delivery Services,Restaurant/Grocery/Other Delivery Services
72,DOORDASH,2020-02,FL,153840.96000000002,4589738.55,Third- Party Delivery Services,Restaurant/Grocery/Other Delivery Services
73,GRUBHUB.COM,2020-02,SC,8975.940000000002,273890.81,Third- Party Delivery Services,Restaurant/Grocery/Other Delivery Services
74,INSTACART,2020-01,CO,12459.64,1134663.9,Third- Party Delivery Services,Restaurant/Grocery/Other Delivery Services
75,UBEREATS,2020-02,WV,2217.67,57011.07,Third- Party Delivery Services,Restaurant/Grocery/Other Delivery Services
76,AMAZON FRESH,2020-01,TN,7249.940000000001,349298.17000000004,Third- Party Delivery Services,Restaurant/Grocery/Other Delivery Services
77,INSTACART,2020-01,NY,32671.819999999992,2931480.6100000003,Third- Party Delivery Services,Restaurant/Grocery/Other Delivery Services
78,AMAZON FRESH,2020-01,KS,885.3199999999999,39692.02999999999,Third- Party Delivery Services,Restaurant/Grocery/Other Delivery Services
79,UBEREATS,2020-01,WA,97439.17,2814130.24,Third- Party Delivery Services,Restaurant/Grocery/Other Delivery Services
80,UBEREATS,2020-01,ID,8654.880000000001,234994.1,Third- Party Delivery Services,Restaurant/Grocery/Other Delivery Services
81,DOORDASH,2020-02,IN,18532.36,592045.4299999998,Third- Party Delivery Services,Restaurant/Grocery/Other Delivery Services
82,UBEREATS,2020-01,HI,6592.08,154476.4,Third- Party Delivery Services,Restaurant/Grocery/Other Delivery Services
83,DOORDASH,2020-01,OR,41665.84999999999,1271033.62,Third- Party Delivery Services,Restaurant/Grocery/Other Delivery Services
84,AMAZON FRESH,2020-01,CT,5711.330000000002,273828.81,Third- Party Delivery Services,Restaurant/Grocery/Other Delivery Services
85,AMAZON FRESH,2020-01,PA,20370.48,931771.9,Third- Party Delivery Services,Restaurant/Grocery/Other Delivery Services
86,DOORDASH,2020-01,MA,25432.9,859389.1000000001,Third- Party Delivery Services,Restaurant/Grocery/Other Delivery Services
87,DOORDASH,2020-01,VT,1798.5500000000004,53880.85,Third- Party Delivery Services,Restaurant/Grocery/Other Delivery Services
88,DOORDASH,2020-02,MI,20290.35,695251.99,Third- Party Delivery Services,Restaurant/Grocery/Other Delivery Services
89,DOORDASH,2020-01,AZ,66239.19,2103606.22,Third- Party Delivery Services,Restaurant/Grocery/Other Delivery Services
90,GRUBHUB.COM,2020-01,MN,11843.51,377936.81,Third- Party Delivery Services,Restaurant/Grocery/Other Delivery Services
91,INSTACART,2020-01,NE,2938.800000000001,238581.94,Third- Party Delivery Services,Restaurant/Grocery/Other Delivery Services
92,UBEREATS,2020-01,NH,3488.31,80536.19,Third- Party Delivery Services,Restaurant/Grocery/Other Delivery Services
93,AMAZON FRESH,2020-01,VT,271.8799999999999,11200.510000000002,Third- Party Delivery Services,Restaurant/Grocery/Other Delivery Services
94,INSTACART,2020-02,ID,2408.1799999999994,234780.09,Third- Party Delivery Services,Restaurant/Grocery/Other Delivery Services
95,AMAZON FRESH,2020-01,AR,655.8199999999999,24436.630000000005,Third- Party Delivery Services,Restaurant/Grocery/Other Delivery Services
96,GRUBHUB.COM,2020-02,AZ,22199.82,701250.7699999999,Third- Party Delivery Services,Restaurant/Grocery/Other Delivery Services
97,AMAZON FRESH,2020-02,SC,1822.31,120854.14,Third- Party Delivery Services,Restaurant/Grocery/Other Delivery Services
98,UBEREATS,2020-02,NC,43176.65000000001,1086142.17,Third- Party Delivery Services,Restaurant/Grocery/Other Delivery Services
99,DOORDASH,2020-01,WY,5554.610000000001,178838.49,Third- Party Delivery Services,Restaurant/Grocery/Other Delivery Services
100,GRUBHUB.COM,2020-02,HI,2000.27,57945.79999999999,Third- Party Delivery Services,Restaurant/Grocery/Other Delivery Services
101,UBEREATS,2020-01,DC,28026.28,724491.5100000002,Third- Party Delivery Services,Restaurant/Grocery/Other Delivery Services
102,GRUBHUB.COM,2020-02,NM,6320.459999999999,222853.72000000003,Third- Party Delivery Services,Restaurant/Grocery/Other Delivery Services
103,GRUBHUB.COM,2020-01,MO,5061.649999999999,163932.11999999997,Third- Party Delivery Services,Restaurant/Grocery/Other Delivery Services
104,AMAZON FRESH,2020-02,IA,462.6399999999999,28176.730000000003,Third- Party Delivery Services,Restaurant/Grocery/Other Delivery Services
105,INSTACART,2020-02,IL,13089.13,1037972.15,Third- Party Delivery Services,Restaurant/Grocery/Other Delivery Services
106,AMAZON FRESH,2020-01,WV,386.3399999999999,21014.09,Third- Party Delivery Services,Restaurant/Grocery/Other Delivery Services
107,INSTACART,2020-02,IA,3468.5300000000007,291227.97000000003,Third- Party Delivery Services,Restaurant/Grocery/Other Delivery Services
108,GRUBHUB.COM,2020-02,ME,1502.0700000000002,57328.240000000005,Third- Party Delivery Services,Restaurant/Grocery/Other Delivery Services
109,AMAZON FRESH,2020-01,NV,4057.22,161335.69999999998,Third- Party Delivery Services,Restaurant/Grocery/Other Delivery Services
110,INSTACART,2020-01,MD,18337.24,1562754.41,Third- Party Delivery Services,Restaurant/Grocery/Other Delivery Services
111,UBEREATS,2020-01,VA,68417.73000000001,1713074.5599999998,Third- Party Delivery Services,Restaurant/Grocery/Other Delivery Services
112,GRUBHUB.COM,2020-01,HI,1811.94,52864.82,Third- Party Delivery Services,Restaurant/Grocery/Other Delivery Services
113,GRUBHUB.COM,2020-01,CA,134940.28000000003,4813328.5,Third- Party Delivery Services,Restaurant/Grocery/Other Delivery Services
114,DOORDASH,2020-01,KS,17769.229999999996,551273.85,Third- Party Delivery Services,Restaurant/Grocery/Other Delivery Services
115,DOORDASH,2020-01,MT,9725.3,288377.92,Third- Party Delivery Services,Restaurant/Grocery/Other Delivery Services
116,GRUBHUB.COM,2020-02,MS,2842.62,100277.24999999996,Third- Party Delivery Services,Restaurant/Grocery/Other Delivery Services
117,DOORDASH,2020-01,FL,146939.52999999997,4351939.530000001,Third- Party Delivery Services,Restaurant/Grocery/Other Delivery Services
118,AMAZON FRESH,2020-01,ID,954.2599999999998,43695.34,Third- Party Delivery Services,Restaurant/Grocery/Other Delivery Services
119,UBEREATS,2020-02,IN,7445.309999999999,182345.25,Third- Party Delivery Services,Restaurant/Grocery/Other Delivery Services
120,INSTACART,2020-01,NC,29671.76,2580484.05,Third- Party Delivery Services,Restaurant/Grocery/Other Delivery Services
121,DOORDASH,2020-02,WY,5926.489999999999,188833.38,Third- Party Delivery Services,Restaurant/Grocery/Other Delivery Services
122,AMAZON FRESH,2020-02,VT,212.07,11660.910000000002,Third- Party Delivery Services,Restaurant/Grocery/Other Delivery Services
123,DOORDASH,2020-02,LA,13817.259999999998,407813.33,Third- Party Delivery Services,Restaurant/Grocery/Other Delivery Services
124,UBEREATS,2020-02,AR,3257.8300000000004,84693.31,Third- Party Delivery Services,Restaurant/Grocery/Other Delivery Services
125,INSTACART,2020-01,ID,2372.96,225223.78,Third- Party Delivery Services,Restaurant/Grocery/Other Delivery Services
126,GRUBHUB.COM,2020-01,VT,1137.05,35936.77,Third- Party Delivery Services,Restaurant/Grocery/Other Delivery Services
127,AMAZON FRESH,2020-02,UT,1108.94,63470.71999999999,Third- Party Delivery Services,Restaurant/Grocery/Other Delivery Services
128,UBEREATS,2020-02,SD,895.8499999999998,26842.310000000005,Third- Party Delivery Services,Restaurant/Grocery/Other Delivery Services
129,AMAZON FRESH,2020-01,CA,71126.59999999999,3505343.76,Third- Party Delivery Services,Restaurant/Grocery/Other Delivery Services
130,INSTACART,2020-02,AR,1592.1100000000006,139910.49,Third- Party Delivery Services,Restaurant/Grocery/Other Delivery Services
131,INSTACART,2020-02,GA,32746.26,2890693.9800000004,Third- Party Delivery Services,Restaurant/Grocery/Other Delivery Services
132,GRUBHUB.COM,2020-02,NC,31055.02999999999,1002293.21,Third- Party Delivery Services,Restaurant/Grocery/Other Delivery Services
133,INSTACART,2020-01,VT,806.4900000000001,76345.64,Third- Party Delivery Services,Restaurant/Grocery/Other Delivery Services
134,UBEREATS,2020-02,AL,8457.96,213543.62,Third- Party Delivery Services,Restaurant/Grocery/Other Delivery Services
135,AMAZON FRESH,2020-02,WA,17223.25,1099085.47,Third- Party Delivery Services,Restaurant/Grocery/Other Delivery Services
136,INSTACART,2020-02,DE,2118.53,188958.06,Third- Party Delivery Services,Restaurant/Grocery/Other Delivery Services
137,DOORDASH,2020-01,VA,104420.91999999998,3225821.78,Third- Party Delivery Services,Restaurant/Grocery/Other Delivery Services
138,DOORDASH,2020-01,OH,40698.05999999999,1202256.8,Third- Party Delivery Services,Restaurant/Grocery/Other Delivery Services
139,AMAZON FRESH,2020-02,PA,13070.82,888407.7500000001,Third- Party Delivery Services,Restaurant/Grocery/Other Delivery Services
140,GRUBHUB.COM,2020-02,TN,15185.000000000002,490531.8799999999,Third- Party Delivery Services,Restaurant/Grocery/Other Delivery Services
141,DOORDASH,2020-02,RI,2243.9600000000005,73122.73000000001,Third- Party Delivery Services,Restaurant/Grocery/Other Delivery Services
142,INSTACART,2020-02,MN,28479.09999999999,2568288.5800000005,Third- Party Delivery Services,Restaurant/Grocery/Other Delivery Services
143,DOORDASH,2020-02,MT,10305.2,307162.91000000003,Third- Party Delivery Services,Restaurant/Grocery/Other Delivery Services
144,GRUBHUB.COM,2020-02,NY,120332.09,3513452.26,Third- Party Delivery Services,Restaurant/Grocery/Other Delivery Services
145,INSTACART,2020-01,TX,53667.990000000005,4686114.48,Third- Party Delivery Services,Restaurant/Grocery/Other Delivery Services
146,INSTACART,2020-02,WI,8209.06,676309.44,Third- Party Delivery Services,Restaurant/Grocery/Other Delivery Services
147,DOORDASH,2020-02,AZ,69613.24999999999,2235975.7,Third- Party Delivery Services,Restaurant/Grocery/Other Delivery Services
148,AMAZON FRESH,2020-01,NE,1671.3000000000004,88112.87000000001,Third- Party Delivery Services,Restaurant/Grocery/Other Delivery Services
149,GRUBHUB.COM,2020-01,LA,3041.53,99582.36,Third- Party Delivery Services,Restaurant/Grocery/Other Delivery Services
150,GRUBHUB.COM,2020-01,CO,36245.43,1342196.97,Third- Party Delivery Services,Restaurant/Grocery/Other Delivery Services
151,UBEREATS,2020-01,SD,816.38,21511.01,Third- Party Delivery Services,Restaurant/Grocery/Other Delivery Services
152,INSTACART,2020-01,NM,1943.81,158162.24,Third- Party Delivery Services,Restaurant/Grocery/Other Delivery Services
153,GRUBHUB.COM,2020-01,NY,118177.43000000002,3520245.0700000008,Third- Party Delivery Services,Restaurant/Grocery/Other Delivery Services
154,AMAZON FRESH,2020-02,MN,7257.460000000001,442005.9600000001,Third- Party Delivery Services,Restaurant/Grocery/Other Delivery Services
155,DOORDASH,2020-02,HI,9144.65,307742.99999999994,Third- Party Delivery Services,Restaurant/Grocery/Other Delivery Services
156,UBEREATS,2020-02,SC,19381.980000000003,527423.4099999999,Third- Party Delivery Services,Restaurant/Grocery/Other Delivery Services
157,DOORDASH,2020-01,TX,313488.4,9771725.49,Third- Party Delivery Services,Restaurant/Grocery/Other Delivery Services
158,DOORDASH,2020-02,OK,37627.22,1196046.4800000002,Third- Party Delivery Services,Restaurant/Grocery/Other Delivery Services
159,DOORDASH,2020-02,NY,91694.64,2820005.6600000006,Third- Party Delivery Services,Restaurant/Grocery/Other Delivery Services
160,GRUBHUB.COM,2020-01,ID,2921.19,100178.04000000002,Third- Party Delivery Services,Restaurant/Grocery/Other Delivery Services
161,INSTACART,2020-02,TX,53668.17999999999,4736555.009999999,Third- Party Delivery Services,Restaurant/Grocery/Other Delivery Services
162,AMAZON FRESH,2020-02,ID,517.57,32447.730000000003,Third- Party Delivery Services,Restaurant/Grocery/Other Delivery Services
163,AMAZON FRESH,2020-01,NM,805.19,39459.20000000001,Third- Party Delivery Services,Restaurant/Grocery/Other Delivery Services
164,INSTACART,2020-01,CA,114195.59000000004,9913175.27,Third- Party Delivery Services,Restaurant/Grocery/Other Delivery Services
165,DOORDASH,2020-01,NM,14085.58,450699.0500000001,Third- Party Delivery Services,Restaurant/Grocery/Other Delivery Services
166,AMAZON FRESH,2020-02,ME,432.06000000000006,28927.070000000007,Third- Party Delivery Services,Restaurant/Grocery/Other Delivery Services
167,DOORDASH,2020-01,NJ,81519.33,2535059.45,Third- Party Delivery Services,Restaurant/Grocery/Other Delivery Services
168,GRUBHUB.COM,2020-02,VA,38167.57,1227827.0399999998,Third- Party Delivery Services,Restaurant/Grocery/Other Delivery Services
169,UBEREATS,2020-02,IA,7754.269999999999,196473.63,Third- Party Delivery Services,Restaurant/Grocery/Other Delivery Services
170,INSTACART,2020-01,DC,3418.59,239123.95000000007,Third- Party Delivery Services,Restaurant/Grocery/Other Delivery Services
171,DOORDASH,2020-01,PA,108082.10000000003,3377107.6699999995,Third- Party Delivery Services,Restaurant/Grocery/Other Delivery Services
172,INSTACART,2020-02,MA,6960.690000000001,627415.3300000002,Third- Party Delivery Services,Restaurant/Grocery/Other Delivery Services
173,AMAZON FRESH,2020-01,DE,808.76,36899.12999999999,Third- Party Delivery Services,Restaurant/Grocery/Other Delivery Services
174,DOORDASH,2020-02,VA,111828.96,3461302.25,Third- Party Delivery Services,Restaurant/Grocery/Other Delivery Services
175,UBEREATS,2020-02,CA,288543.31000000006,7974724.620000001,Third- Party Delivery Services,Restaurant/Grocery/Other Delivery Services
176,GRUBHUB.COM,2020-02,SD,1679.93,38667.88999999999,Third- Party Delivery Services,Restaurant/Grocery/Other Delivery Services
177,GRUBHUB.COM,2020-01,IL,35323.78999999999,1236325.3299999998,Third- Party Delivery Services,Restaurant/Grocery/Other Delivery Services
178,DOORDASH,2020-02,CO,90945.94999999995,2986717.25,Third- Party Delivery Services,Restaurant/Grocery/Other Delivery Services
179,INSTACART,2020-01,OR,9619.169999999998,850726.5100000002,Third- Party Delivery Services,Restaurant/Grocery/Other Delivery Services
180,AMAZON FRESH,2020-02,DE,511.14000000000016,31120.31,Third- Party Delivery Services,Restaurant/Grocery/Other Delivery Services
181,GRUBHUB.COM,2020-02,FL,46117.76000000001,1177014.7600000002,Third- Party Delivery Services,Restaurant/Grocery/Other Delivery Services
182,GRUBHUB.COM,2020-01,VA,36558.13999999999,1202202.5599999998,Third- Party Delivery Services,Restaurant/Grocery/Other Delivery Services
183,AMAZON FRESH,2020-02,CO,10594.64,724859.32,Third- Party Delivery Services,Restaurant/Grocery/Other Delivery Services
184,DOORDASH,2020-01,IN,17979.170000000006,599169.97,Third- Party Delivery Services,Restaurant/Grocery/Other Delivery Services
185,GRUBHUB.COM,2020-01,NM,5963.969999999999,208645.58,Third- Party Delivery Services,Restaurant/Grocery/Other Delivery Services
186,GRUBHUB.COM,2020-01,WA,26456.56000000001,963189.81,Third- Party Delivery Services,Restaurant/Grocery/Other Delivery Services
187,INSTACART,2020-02,ND,1383.1600000000003,119779.2,Third- Party Delivery Services,Restaurant/Grocery/Other Delivery Services
188,GRUBHUB.COM,2020-02,RI,2070.11,64645.77000000001,Third- Party Delivery Services,Restaurant/Grocery/Other Delivery Services
189,DOORDASH,2020-02,KY,18073.17000000001,547320.2000000001,Third- Party Delivery Services,Restaurant/Grocery/Other Delivery Services
190,INSTACART,2020-02,MS,2284.08,199984.38,Third- Party Delivery Services,Restaurant/Grocery/Other Delivery Services
191,DOORDASH,2020-01,SD,4724.03,143467.21000000005,Third- Party Delivery Services,Restaurant/Grocery/Other Delivery Services
192,AMAZON FRESH,2020-01,RI,837.8600000000001,42895.0,Third- Party Delivery Services,Restaurant/Grocery/Other Delivery Services
193,DOORDASH,2020-02,NV,31037.48,998725.91,Third- Party Delivery Services,Restaurant/Grocery/Other Delivery Services
194,AMAZON FRESH,2020-02,MS,429.69,24423.56,Third- Party Delivery Services,Restaurant/Grocery/Other Delivery Services
195,UBEREATS,2020-02,PA,86837.63999999998,2231507.74,Third- Party Delivery Services,Restaurant/Grocery/Other Delivery Services
196,GRUBHUB.COM,2020-01,NE,9076.52,309250.60000000003,Third- Party Delivery Services,Restaurant/Grocery/Other Delivery Services
197,INSTACART,2020-01,AL,8030.84,766326.22,Third- Party Delivery Services,Restaurant/Grocery/Other Delivery Services
198,AMAZON FRESH,2020-02,SD,80.99999999999999,6111.35,Third- Party Delivery Services,Restaurant/Grocery/Other Delivery Services
199,UBEREATS,2020-01,MS,4474.399999999999,114758.26000000002,Third- Party Delivery Services,Restaurant/Grocery/Other Delivery Services
200,DOORDASH,2020-02,WV,11862.72,377483.06,Third- Party Delivery Services,Restaurant/Grocery/Other Delivery Services
201,DOORDASH,2020-01,ID,19684.04,612948.45,Third- Party Delivery Services,Restaurant/Grocery/Other Delivery Services
202,DOORDASH,2020-01,MS,11014.999999999996,336938.0800000001,Third- Party Delivery Services,Restaurant/Grocery/Other Delivery Services
203,GRUBHUB.COM,2020-02,IL,35956.3,1229732.5599999998,Third- Party Delivery Services,Restaurant/Grocery/Other Delivery Services
204,AMAZON FRESH,2020-01,IA,729.9200000000001,27485.980000000003,Third- Party Delivery Services,Restaurant/Grocery/Other Delivery Services
205,GRUBHUB.COM,2020-02,WA,27048.89999999999,960310.6199999996,Third- Party Delivery Services,Restaurant/Grocery/Other Delivery Services
206,INSTACART,2020-01,NJ,13881.6,1362849.9100000006,Third- Party Delivery Services,Restaurant/Grocery/Other Delivery Services
207,DOORDASH,2020-02,CT,28111.550000000003,890534.8600000001,Third- Party Delivery Services,Restaurant/Grocery/Other Delivery Services
208,AMAZON FRESH,2020-02,MA,6243.130000000001,448887.17,Third- Party Delivery Services,Restaurant/Grocery/Other Delivery Services
209,INSTACART,2020-02,VT,772.2000000000002,77513.12000000001,Third- Party Delivery Services,Restaurant/Grocery/Other Delivery Services
210,DOORDASH,2020-02,UT,53736.19,1604940.6900000002,Third- Party Delivery Services,Restaurant/Grocery/Other Delivery Services
211,DOORDASH,2020-01,NH,9332.280000000002,290490.45,Third- Party Delivery Services,Restaurant/Grocery/Other Delivery Services
212,INSTACART,2020-02,AL,8281.21,788196.7000000002,Third- Party Delivery Services,Restaurant/Grocery/Other Delivery Services
213,GRUBHUB.COM,2020-02,OR,23317.57,791194.6499999999,Third- Party Delivery Services,Restaurant/Grocery/Other Delivery Services
214,AMAZON FRESH,2020-02,VA,9400.169999999998,570923.4099999998,Third- Party Delivery Services,Restaurant/Grocery/Other Delivery Services
215,INSTACART,2020-01,MO,5109.9,409944.36,Third- Party Delivery Services,Restaurant/Grocery/Other Delivery Services
216,DOORDASH,2020-02,IL,55278.11999999999,1720480.9100000004,Third- Party Delivery Services,Restaurant/Grocery/Other Delivery Services
217,UBEREATS,2020-01,AL,8409.310000000001,216149.73,Third- Party Delivery Services,Restaurant/Grocery/Other Delivery Services
218,GRUBHUB.COM,2020-01,NV,12709.790000000005,455387.7799999999,Third- Party Delivery Services,Restaurant/Grocery/Other Delivery Services
219,UBEREATS,2020-01,WY,1246.3300000000004,29876.24,Third- Party Delivery Services,Restaurant/Grocery/Other Delivery Services
220,DOORDASH,2020-01,SC,39000.99,1167799.34,Third- Party Delivery Services,Restaurant/Grocery/Other Delivery Services
221,GRUBHUB.COM,2020-01,SC,8336.06,262004.85000000003,Third- Party Delivery Services,Restaurant/Grocery/Other Delivery Services
222,INSTACART,2020-01,LA,2521.26,232097.87,Third- Party Delivery Services,Restaurant/Grocery/Other Delivery Services
223,GRUBHUB.COM,2020-01,RI,2088.64,70273.70999999999,Third- Party Delivery Services,Restaurant/Grocery/Other Delivery Services
224,INSTACART,2020-01,MT,1461.7200000000005,147161.72,Third- Party Delivery Services,Restaurant/Grocery/Other Delivery Services
225,GRUBHUB.COM,2020-02,NH,2518.630000000001,83757.69000000002,Third- Party Delivery Services,Restaurant/Grocery/Other Delivery Services
226,UBEREATS,2020-01,MN,17368.969999999998,428468.0800000001,Third- Party Delivery Services,Restaurant/Grocery/Other Delivery Services
227,AMAZON FRESH,2020-01,OH,2856.36,115724.49,Third- Party Delivery Services,Restaurant/Grocery/Other Delivery Services
228,UBEREATS,2020-01,AK,1106.54,29895.39,Third- Party Delivery Services,Restaurant/Grocery/Other Delivery Services
229,AMAZON FRESH,2020-01,AL,2315.3,102818.73,Third- Party Delivery Services,Restaurant/Grocery/Other Delivery Services
230,DOORDASH,2020-01,HI,8462.380000000001,277056.61000000004,Third- Party Delivery Services,Restaurant/Grocery/Other Delivery Services
231,UBEREATS,2020-02,GA,114312.80999999998,3016120.6299999994,Third- Party Delivery Services,Restaurant/Grocery/Other Delivery Services
232,AMAZON FRESH,2020-02,NC,9639.07,590646.15,Third- Party Delivery Services,Restaurant/Grocery/Other Delivery Services
233,DOORDASH,2020-01,AL,33191.4,1003430.56,Third- Party Delivery Services,Restaurant/Grocery/Other Delivery Services
234,INSTACART,2020-02,WV,1457.93,125829.73,Third- Party Delivery Services,Restaurant/Grocery/Other Delivery Services
235,INSTACART,2020-01,IN,4030.47,337819.31000000006,Third- Party Delivery Services,Restaurant/Grocery/Other Delivery Services
236,INSTACART,2020-02,OK,3078.12,250754.71,Third- Party Delivery Services,Restaurant/Grocery/Other Delivery Services
237,AMAZON FRESH,2020-02,DC,3861.060000000001,248835.29,Third- Party Delivery Services,Restaurant/Grocery/Other Delivery Services
238,INSTACART,2020-01,MN,28799.37,2553553.71,Third- Party Delivery Services,Restaurant/Grocery/Other Delivery Services
239,UBEREATS,2020-02,TN,49100.21999999999,1218830.4200000002,Third- Party Delivery Services,Restaurant/Grocery/Other Delivery Services
240,DOORDASH,2020-02,OH,47815.82999999998,1439322.67,Third- Party Delivery Services,Restaurant/Grocery/Other Delivery Services
241,INSTACART,2020-01,MI,3686.47,304205.83,Third- Party Delivery Services,Restaurant/Grocery/Other Delivery Services
242,UBEREATS,2020-01,CA,327423.55000000005,8533477.85,Third- Party Delivery Services,Restaurant/Grocery/Other Delivery Services
243,INSTACART,2020-01,KY,1797.48,138995.17000000007,Third- Party Delivery Services,Restaurant/Grocery/Other Delivery Services
244,UBEREATS,2020-02,HI,6873.6100000000015,162292.90000000002,Third- Party Delivery Services,Restaurant/Grocery/Other Delivery Services
245,GRUBHUB.COM,2020-02,LA,2916.84,100937.67,Third- Party Delivery Services,Restaurant/Grocery/Other Delivery Services
246,UBEREATS,2020-02,MA,38106.23,850020.25,Third- Party Delivery Services,Restaurant/Grocery/Other Delivery Services
247,DOORDASH,2020-02,IA,30167.11,903158.0,Third- Party Delivery Services,Restaurant/Grocery/Other Delivery Services
248,AMAZON FRESH,2020-01,CO,15767.71,720068.7200000003,Third- Party Delivery Services,Restaurant/Grocery/Other Delivery Services
249,AMAZON FRESH,2020-02,NE,904.9499999999998,73201.55,Third- Party Delivery Services,Restaurant/Grocery/Other Delivery Services
250,INSTACART,2020-01,WI,8227.27,680443.14,Third- Party Delivery Services,Restaurant/Grocery/Other Delivery Services
251,GRUBHUB.COM,2020-02,MI,8220.7,259476.45,Third- Party Delivery Services,Restaurant/Grocery/Other Delivery Services
252,UBEREATS,2020-01,TX,254500.75,6321093.05,Third- Party Delivery Services,Restaurant/Grocery/Other Delivery Services
253,UBEREATS,2020-02,MS,4422.170000000001,107414.91,Third- Party Delivery Services,Restaurant/Grocery/Other Delivery Services
254,UBEREATS,2020-01,IL,57644.040000000015,1278562.1900000002,Third- Party Delivery Services,Restaurant/Grocery/Other Delivery Services
255,INSTACART,2020-01,WA,18080.640000000003,1640947.24,Third- Party Delivery Services,Restaurant/Grocery/Other Delivery Services
256,INSTACART,2020-02,NY,32908.91,2971990.99,Third- Party Delivery Services,Restaurant/Grocery/Other Delivery Services
257,UBEREATS,2020-01,OK,9313.56,200174.59,Third- Party Delivery Services,Restaurant/Grocery/Other Delivery Services
258,INSTACART,2020-01,MA,7301.999999999999,584671.92,Third- Party Delivery Services,Restaurant/Grocery/Other Delivery Services
259,INSTACART,2020-02,IN,3751.9300000000007,309117.95,Third- Party Delivery Services,Restaurant/Grocery/Other Delivery Services
260,UBEREATS,2020-02,OR,37023.67999999999,936757.1599999998,Third- Party Delivery Services,Restaurant/Grocery/Other Delivery Services
261,AMAZON FRESH,2020-01,MI,2264.99,93243.94000000002,Third- Party Delivery Services,Restaurant/Grocery/Other Delivery Services
262,UBEREATS,2020-01,OR,37169.6,935508.25,Third- Party Delivery Services,Restaurant/Grocery/Other Delivery Services
263,AMAZON FRESH,2020-01,WI,5720.2,217084.68,Third- Party Delivery Services,Restaurant/Grocery/Other Delivery Services
264,UBEREATS,2020-02,LA,8962.409999999998,245804.49,Third- Party Delivery Services,Restaurant/Grocery/Other Delivery Services
265,DOORDASH,2020-01,OK,36540.19999999999,1145634.86,Third- Party Delivery Services,Restaurant/Grocery/Other Delivery Services
266,UBEREATS,2020-02,NM,4821.19,120621.82,Third- Party Delivery Services,Restaurant/Grocery/Other Delivery Services
267,GRUBHUB.COM,2020-02,CO,35739.73,1328136.7399999998,Third- Party Delivery Services,Restaurant/Grocery/Other Delivery Services
268,DOORDASH,2020-01,NV,30096.439999999995,964016.21,Third- Party Delivery Services,Restaurant/Grocery/Other Delivery Services
269,UBEREATS,2020-02,WI,16728.150000000005,406753.34,Third- Party Delivery Services,Restaurant/Grocery/Other Delivery Services
270,INSTACART,2020-01,IA,3348.15,280664.8,Third- Party Delivery Services,Restaurant/Grocery/Other Delivery Services
271,UBEREATS,2020-01,AZ,50491.76,1306888.2499999998,Third- Party Delivery Services,Restaurant/Grocery/Other Delivery Services
272,GRUBHUB.COM,2020-02,KS,4645.8,155853.12,Third- Party Delivery Services,Restaurant/Grocery/Other Delivery Services
273,GRUBHUB.COM,2020-02,MD,36023.969999999994,1151974.29,Third- Party Delivery Services,Restaurant/Grocery/Other Delivery Services
274,DOORDASH,2020-01,MO,22246.980000000003,694349.11,Third- Party Delivery Services,Restaurant/Grocery/Other Delivery Services
275,AMAZON FRESH,2020-02,NJ,8795.64,558276.21,Third- Party Delivery Services,Restaurant/Grocery/Other Delivery Services
276,DOORDASH,2020-01,DC,12149.02,376412.65,Third- Party Delivery Services,Restaurant/Grocery/Other Delivery Services
277,UBEREATS,2020-02,ID,8085.23,219481.13000000003,Third- Party Delivery Services,Restaurant/Grocery/Other Delivery Services
278,AMAZON FRESH,2020-01,IN,1866.11,78853.8,Third- Party Delivery Services,Restaurant/Grocery/Other Delivery Services
279,DOORDASH,2020-01,ND,5072.110000000001,155661.02000000008,Third- Party Delivery Services,Restaurant/Grocery/Other Delivery Services
280,GRUBHUB.COM,2020-02,DC,6835.64,227359.98,Third- Party Delivery Services,Restaurant/Grocery/Other Delivery Services
281,UBEREATS,2020-01,AR,3302.06,87777.56000000001,Third- Party Delivery Services,Restaurant/Grocery/Other Delivery Services
282,UBEREATS,2020-01,KY,4769.98,114987.2,Third- Party Delivery Services,Restaurant/Grocery/Other Delivery Services
283,UBEREATS,2020-01,NC,43965.96,1111690.1900000002,Third- Party Delivery Services,Restaurant/Grocery/Other Delivery Services
284,GRUBHUB.COM,2020-02,WY,774.3999999999999,27421.87,Third- Party Delivery Services,Restaurant/Grocery/Other Delivery Services
285,INSTACART,2020-01,UT,4863.15,454139.6199999999,Third- Party Delivery Services,Restaurant/Grocery/Other Delivery Services
286,UBEREATS,2020-01,RI,2540.31,66895.18,Third- Party Delivery Services,Restaurant/Grocery/Other Delivery Services
287,INSTACART,2020-01,OH,5674.7,465369.06000000006,Third- Party Delivery Services,Restaurant/Grocery/Other Delivery Services
288,UBEREATS,2020-01,CO,42673.55000000001,1094758.2500000002,Third- Party Delivery Services,Restaurant/Grocery/Other Delivery Services
289,DOORDASH,2020-01,RI,2122.5600000000004,66348.31,Third- Party Delivery Services,Restaurant/Grocery/Other Delivery Services
290,GRUBHUB.COM,2020-02,ND,916.16,28676.76,Third- Party Delivery Services,Restaurant/Grocery/Other Delivery Services
291,UBEREATS,2020-02,MT,6627.329999999999,188655.85,Third- Party Delivery Services,Restaurant/Grocery/Other Delivery Services
292,GRUBHUB.COM,2020-01,DE,3772.5100000000007,112767.38999999998,Third- Party Delivery Services,Restaurant/Grocery/Other Delivery Services
293,GRUBHUB.COM,2020-02,WV,2389.99,83167.94000000002,Third- Party Delivery Services,Restaurant/Grocery/Other Delivery Services
294,AMAZON FRESH,2020-01,SC,2952.2100000000005,146729.52000000002,Third- Party Delivery Services,Restaurant/Grocery/Other Delivery Services
295,INSTACART,2020-01,KS,2874.7,236562.54,Third- Party Delivery Services,Restaurant/Grocery/Other Delivery Services
296,DOORDASH,2020-02,AR,7988.56,242231.36,Third- Party Delivery Services,Restaurant/Grocery/Other Delivery Services
297,AMAZON FRESH,2020-02,MI,1995.4,123148.25,Third- Party Delivery Services,Restaurant/Grocery/Other Delivery Services
298,INSTACART,2020-01,MS,2168.74,172408.88,Third- Party Delivery Services,Restaurant/Grocery/Other Delivery Services
299,UBEREATS,2020-02,CT,46863.4,1205978.4,Third- Party Delivery Services,Restaurant/Grocery/Other Delivery Services
300,GRUBHUB.COM,2020-01,GA,22568.4,709633.9799999999,Third- Party Delivery Services,Restaurant/Grocery/Other Delivery Services
301,GRUBHUB.COM,2020-01,WY,729.9800000000001,29967.82,Third- Party Delivery Services,Restaurant/Grocery/Other Delivery Services
302,INSTACART,2020-02,MT,1758.2299999999998,161470.02000000002,Third- Party Delivery Services,Restaurant/Grocery/Other Delivery Services
303,GRUBHUB.COM,2020-02,IN,5578.270000000001,187602.4,Third- Party Delivery Services,Restaurant/Grocery/Other Delivery Services
304,GRUBHUB.COM,2020-01,ND,932.7100000000002,26067.67,Third- Party Delivery Services,Restaurant/Grocery/Other Delivery Services
305,GRUBHUB.COM,2020-01,KY,2872.05,87224.9,Third- Party Delivery Services,Restaurant/Grocery/Other Delivery Services
306,GRUBHUB.COM,2020-01,WI,12791.02,438619.05,Third- Party Delivery Services,Restaurant/Grocery/Other Delivery Services
307,AMAZON FRESH,2020-01,ME,815.28,41367.05000000001,Third- Party Delivery Services,Restaurant/Grocery/Other Delivery Services
308,GRUBHUB.COM,2020-01,OK,6429.460000000001,209269.24,Third- Party Delivery Services,Restaurant/Grocery/Other Delivery Services
309,GRUBHUB.COM,2020-01,OR,23584.07,790591.1000000001,Third- Party Delivery Services,Restaurant/Grocery/Other Delivery Services
310,INSTACART,2020-01,SC,11580.619999999995,1043945.99,Third- Party Delivery Services,Restaurant/Grocery/Other Delivery Services
311,AMAZON FRESH,2020-01,VA,13680.4,587531.9299999998,Third- Party Delivery Services,Restaurant/Grocery/Other Delivery Services
312,AMAZON FRESH,2020-02,AZ,5510.86,321779.35000000003,Third- Party Delivery Services,Restaurant/Grocery/Other Delivery Services
313,INSTACART,2020-02,MO,5425.68,441917.9700000001,Third- Party Delivery Services,Restaurant/Grocery/Other Delivery Services
314,UBEREATS,2020-01,CT,46107.81,1201304.69,Third- Party Delivery Services,Restaurant/Grocery/Other Delivery Services
315,INSTACART,2020-02,CO,12529.77,1156110.8,Third- Party Delivery Services,Restaurant/Grocery/Other Delivery Services
316,INSTACART,2020-02,NM,1864.5099999999995,156939.53,Third- Party Delivery Services,Restaurant/Grocery/Other Delivery Services
317,UBEREATS,2020-01,WI,18550.79,453247.18,Third- Party Delivery Services,Restaurant/Grocery/Other Delivery Services
318,AMAZON FRESH,2020-01,MO,1738.3699999999997,82212.76000000001,Third- Party Delivery Services,Restaurant/Grocery/Other Delivery Services
319,DOORDASH,2020-02,VT,1874.0100000000004,57826.44,Third- Party Delivery Services,Restaurant/Grocery/Other Delivery Services
320,GRUBHUB.COM,2020-01,MD,34296.05,1098214.1800000002,Third- Party Delivery Services,Restaurant/Grocery/Other Delivery Services
321,INSTACART,2020-02,DC,3482.76,262870.74000000005,Third- Party Delivery Services,Restaurant/Grocery/Other Delivery Services
322,AMAZON FRESH,2020-02,NH,781.43,63147.92999999999,Third- Party Delivery Services,Restaurant/Grocery/Other Delivery Services
323,INSTACART,2020-01,TN,13878.47,1242927.2999999998,Third- Party Delivery Services,Restaurant/Grocery/Other Delivery Services
324,INSTACART,2020-01,AK,1119.39,119592.67,Third- Party Delivery Services,Restaurant/Grocery/Other Delivery Services
325,UBEREATS,2020-01,NE,8779.750000000002,189881.35,Third- Party Delivery Services,Restaurant/Grocery/Other Delivery Services
326,UBEREATS,2020-02,CO,41599.80000000001,1059542.46,Third- Party Delivery Services,Restaurant/Grocery/Other Delivery Services
327,GRUBHUB.COM,2020-02,DE,4310.1,126997.29,Third- Party Delivery Services,Restaurant/Grocery/Other Delivery Services
328,DOORDASH,2020-02,GA,97646.40000000002,2874849.1100000003,Third- Party Delivery Services,Restaurant/Grocery/Other Delivery Services
329,AMAZON FRESH,2020-02,KY,486.6600000000001,34710.149999999994,Third- Party Delivery Services,Restaurant/Grocery/Other Delivery Services
330,INSTACART,2020-02,VA,24508.01,2239220.36,Third- Party Delivery Services,Restaurant/Grocery/Other Delivery Services
331,DOORDASH,2020-01,AK,7859.48,271503.86,Third- Party Delivery Services,Restaurant/Grocery/Other Delivery Services
332,INSTACART,2020-02,MD,18006.74,1568097.77,Third- Party Delivery Services,Restaurant/Grocery/Other Delivery Services
333,UBEREATS,2020-02,OH,15528.2,391109.88,Third- Party Delivery Services,Restaurant/Grocery/Other Delivery Services
334,GRUBHUB.COM,2020-01,AZ,20416.07,672405.79,Third- Party Delivery Services,Restaurant/Grocery/Other Delivery Services
335,UBEREATS,2020-02,DE,4023.290000000001,101042.39,Third- Party Delivery Services,Restaurant/Grocery/Other Delivery Services
336,DOORDASH,2020-01,IA,27882.550000000003,836062.5299999999,Third- Party Delivery Services,Restaurant/Grocery/Other Delivery Services
337,INSTACART,2020-02,FL,69613.56000000001,6262042.04,Third- Party Delivery Services,Restaurant/Grocery/Other Delivery Services
338,UBEREATS,2020-01,GA,117358.41999999998,3067484.849999999,Third- Party Delivery Services,Restaurant/Grocery/Other Delivery Services
339,AMAZON FRESH,2020-02,CA,51712.33,3385922.19,Third- Party Delivery Services,Restaurant/Grocery/Other Delivery Services
340,UBEREATS,2020-02,DC,28419.43,749124.18,Third- Party Delivery Services,Restaurant/Grocery/Other Delivery Services
341,GRUBHUB.COM,2020-01,NC,30475.340000000004,990051.5299999996,Third- Party Delivery Services,Restaurant/Grocery/Other Delivery Services
342,AMAZON FRESH,2020-02,MO,1375.0900000000004,84639.85000000002,Third- Party Delivery Services,Restaurant/Grocery/Other Delivery Services
343,AMAZON FRESH,2020-02,ND,65.82,3279.6400000000003,Third- Party Delivery Services,Restaurant/Grocery/Other Delivery Services
344,INSTACART,2020-01,NV,5416.52,461511.66,Third- Party Delivery Services,Restaurant/Grocery/Other Delivery Services
345,AMAZON FRESH,2020-02,NY,20750.66,1334493.64,Third- Party Delivery Services,Restaurant/Grocery/Other Delivery Services
346,DOORDASH,2020-02,MN,84261.61000000002,2703592.9600000004,Third- Party Delivery Services,Restaurant/Grocery/Other Delivery Services
347,GRUBHUB.COM,2020-02,MN,12635.42,402317.87000000005,Third- Party Delivery Services,Restaurant/Grocery/Other Delivery Services
348,INSTACART,2020-02,ME,1015.81,94626.66,Third- Party Delivery Services,Restaurant/Grocery/Other Delivery Services
349,GRUBHUB.COM,2020-02,ID,3182.87,108731.97,Third- Party Delivery Services,Restaurant/Grocery/Other Delivery Services
350,GRUBHUB.COM,2020-02,MA,21797.83,715342.4299999999,Third- Party Delivery Services,Restaurant/Grocery/Other Delivery Services
351,DOORDASH,2020-01,CO,89057.05999999998,2907796.94,Third- Party Delivery Services,Restaurant/Grocery/Other Delivery Services
352,AMAZON FRESH,2020-01,NH,1108.15,55714.3,Third- Party Delivery Services,Restaurant/Grocery/Other Delivery Services
353,INSTACART,2020-01,ME,1237.9399999999998,99813.24,Third- Party Delivery Services,Restaurant/Grocery/Other Delivery Services
354,AMAZON FRESH,2020-01,NC,12690.689999999997,531715.2300000001,Third- Party Delivery Services,Restaurant/Grocery/Other Delivery Services
355,UBEREATS,2020-01,MI,10850.719999999998,272285.38,Third- Party Delivery Services,Restaurant/Grocery/Other Delivery Services
356,AMAZON FRESH,2020-02,TN,4983.46,337106.8899999999,Third- Party Delivery Services,Restaurant/Grocery/Other Delivery Services
357,UBEREATS,2020-02,NH,3481.06,73550.05,Third- Party Delivery Services,Restaurant/Grocery/Other Delivery Services
358,INSTACART,2020-02,CA,112007.99999999996,9910409.46,Third- Party Delivery Services,Restaurant/Grocery/Other Delivery Services
359,GRUBHUB.COM,2020-01,IA,9791.22,330627.7899999999,Third- Party Delivery Services,Restaurant/Grocery/Other Delivery Services
360,INSTACART,2020-02,WY,444.92,41198.560000000005,Third- Party Delivery Services,Restaurant/Grocery/Other Delivery Services
361,UBEREATS,2020-02,IL,56491.25,1291766.7000000004,Third- Party Delivery Services,Restaurant/Grocery/Other Delivery Services
362,AMAZON FRESH,2020-02,IL,7215.71,450699.7600000001,Third- Party Delivery Services,Restaurant/Grocery/Other Delivery Services
363,AMAZON FRESH,2020-02,WY,52.43000000000001,2755.15,Third- Party Delivery Services,Restaurant/Grocery/Other Delivery Services
364,AMAZON FRESH,2020-02,GA,8310.730000000001,488307.44000000006,Third- Party Delivery Services,Restaurant/Grocery/Other Delivery Services
365,INSTACART,2020-02,SD,531.28,58795.73,Third- Party Delivery Services,Restaurant/Grocery/Other Delivery Services
366,GRUBHUB.COM,2020-01,MA,22287.19,746449.6,Third- Party Delivery Services,Restaurant/Grocery/Other Delivery Services
367,DOORDASH,2020-02,OR,42974.22,1305470.7900000005,Third- Party Delivery Services,Restaurant/Grocery/Other Delivery Services
368,INSTACART,2020-02,KS,2972.96,245772.46000000005,Third- Party Delivery Services,Restaurant/Grocery/Other Delivery Services
369,INSTACART,2020-02,OH,5900.78,476044.5800000002,Third- Party Delivery Services,Restaurant/Grocery/Other Delivery Services
370,UBEREATS,2020-01,NJ,101514.76,2512012.72,Third- Party Delivery Services,Restaurant/Grocery/Other Delivery Services
371,INSTACART,2020-02,PA,28844.0,2779787.81,Third- Party Delivery Services,Restaurant/Grocery/Other Delivery Services
372,GRUBHUB.COM,2020-01,PA,99430.09,3131519.0500000003,Third- Party Delivery Services,Restaurant/Grocery/Other Delivery Services
373,GRUBHUB.COM,2020-02,NE,8878.829999999998,306521.45,Third- Party Delivery Services,Restaurant/Grocery/Other Delivery Services
374,UBEREATS,2020-02,NE,8653.52,191822.87000000005,Third- Party Delivery Services,Restaurant/Grocery/Other Delivery Services
375,AMAZON FRESH,2020-01,MD,12610.119999999994,565312.64,Third- Party Delivery Services,Restaurant/Grocery/Other Delivery Services
376,GRUBHUB.COM,2020-01,AK,1205.9600000000005,42646.3,Third- Party Delivery Services,Restaurant/Grocery/Other Delivery Services
377,DOORDASH,2020-02,WA,102775.28,3416877.05,Third- Party Delivery Services,Restaurant/Grocery/Other Delivery Services
378,INSTACART,2020-01,WV,1386.84,99360.25,Third- Party Delivery Services,Restaurant/Grocery/Other Delivery Services
379,GRUBHUB.COM,2020-02,NV,12939.76,443314.3499999999,Third- Party Delivery Services,Restaurant/Grocery/Other Delivery Services
380,INSTACART,2020-02,MI,3647.599999999999,312201.6499999999,Third- Party Delivery Services,Restaurant/Grocery/Other Delivery Services
381,INSTACART,2020-01,ND,1333.13,118334.04,Third- Party Delivery Services,Restaurant/Grocery/Other Delivery Services
382,GRUBHUB.COM,2020-01,MI,7572.910000000001,254376.16999999995,Third- Party Delivery Services,Restaurant/Grocery/Other Delivery Services
383,UBEREATS,2020-01,NV,30810.560000000005,807077.5900000002,Third- Party Delivery Services,Restaurant/Grocery/Other Delivery Services
384,UBEREATS,2020-01,WV,2203.48,62170.99,Third- Party Delivery Services,Restaurant/Grocery/Other Delivery Services
385,INSTACART,2020-01,IL,13101.65,1023419.4500000004,Third- Party Delivery Services,Restaurant/Grocery/Other Delivery Services
386,DOORDASH,2020-01,MD,81485.26000000001,2494158.68,Third- Party Delivery Services,Restaurant/Grocery/Other Delivery Services
387,INSTACART,2020-01,AZ,12373.220000000005,1050492.62,Third- Party Delivery Services,Restaurant/Grocery/Other Delivery Services
388,GRUBHUB.COM,2020-01,FL,42189.74,1096601.4599999995,Third- Party Delivery Services,Restaurant/Grocery/Other Delivery Services
389,INSTACART,2020-02,RI,347.96000000000004,27589.17,Third- Party Delivery Services,Restaurant/Grocery/Other Delivery Services
390,UBEREATS,2020-01,FL,281356.2799999999,7329148.419999999,Third- Party Delivery Services,Restaurant/Grocery/Other Delivery Services
391,INSTACART,2020-02,LA,2402.2600000000007,193444.93,Third- Party Delivery Services,Restaurant/Grocery/Other Delivery Services
392,AMAZON FRESH,2020-01,KY,674.9300000000002,31972.95,Third- Party Delivery Services,Restaurant/Grocery/Other Delivery Services
393,UBEREATS,2020-01,PA,87558.88999999998,2249919.16,Third- Party Delivery Services,Restaurant/Grocery/Other Delivery Services
394,GRUBHUB.COM,2020-01,DC,7114.320000000003,235129.88,Third- Party Delivery Services,Restaurant/Grocery/Other Delivery Services
395,GRUBHUB.COM,2020-02,CA,141887.11000000002,4890445.590000002,Third- Party Delivery Services,Restaurant/Grocery/Other Delivery Services
396,DOORDASH,2020-01,NE,28630.65,851337.5000000001,Third- Party Delivery Services,Restaurant/Grocery/Other Delivery Services
397,DOORDASH,2020-01,NC,97069.27,2929167.289999999,Third- Party Delivery Services,Restaurant/Grocery/Other Delivery Services
398,UBEREATS,2020-02,KY,4988.58,117481.15,Third- Party Delivery Services,Restaurant/Grocery/Other Delivery Services
399,UBEREATS,2020-02,WY,1172.12,35723.15,Third- Party Delivery Services,Restaurant/Grocery/Other Delivery Services
400,AMAZON FRESH,2020-02,AL,1410.08,81519.71,Third- Party Delivery Services,Restaurant/Grocery/Other Delivery Services
401,INSTACART,2020-02,UT,4954.86,474767.44,Third- Party Delivery Services,Restaurant/Grocery/Other Delivery Services
402,DOORDASH,2020-02,AK,8164.249999999999,274656.43,Third- Party Delivery Services,Restaurant/Grocery/Other Delivery Services
403,AMAZON FRESH,2020-01,MS,721.0799999999999,29440.06,Third- Party Delivery Services,Restaurant/Grocery/Other Delivery Services
404,INSTACART,2020-01,SD,674.77,57417.16,Third- Party Delivery Services,Restaurant/Grocery/Other Delivery Services
405,DOORDASH,2020-02,ME,5918.120000000001,187264.93,Third- Party Delivery Services,Restaurant/Grocery/Other Delivery Services
406,UBEREATS,2020-02,MN,16950.579999999998,412077.5899999999,Third- Party Delivery Services,Restaurant/Grocery/Other Delivery Services
407,DOORDASH,2020-01,KY,17912.49,530494.95,Third- Party Delivery Services,Restaurant/Grocery/Other Delivery Services
408,DOORDASH,2020-02,NM,15570.499999999996,488569.04,Third- Party Delivery Services,Restaurant/Grocery/Other Delivery Services
409,UBEREATS,2020-01,LA,8755.73,241438.52,Third- Party Delivery Services,Restaurant/Grocery/Other Delivery Services
410,AMAZON FRESH,2020-01,MT,387.36,17812.629999999997,Third- Party Delivery Services,Restaurant/Grocery/Other Delivery Services
411,GRUBHUB.COM,2020-02,IA,9939.919999999998,347303.2299999999,Third- Party Delivery Services,Restaurant/Grocery/Other Delivery Services
412,AMAZON FRESH,2020-02,WV,267.9,18100.74,Third- Party Delivery Services,Restaurant/Grocery/Other Delivery Services
413,AMAZON FRESH,2020-02,HI,665.9600000000002,35989.58,Third- Party Delivery Services,Restaurant/Grocery/Other Delivery Services
414,INSTACART,2020-02,NE,2761.519999999999,234481.89,Third- Party Delivery Services,Restaurant/Grocery/Other Delivery Services
415,AMAZON FRESH,2020-02,NV,2847.100000000001,162628.71,Third- Party Delivery Services,Restaurant/Grocery/Other Delivery Services
416,GRUBHUB.COM,2020-02,OH,9345.89,300083.87,Third- Party Delivery Services,Restaurant/Grocery/Other Delivery Services
417,DOORDASH,2020-02,KS,18436.48,563254.2000000001,Third- Party Delivery Services,Restaurant/Grocery/Other Delivery Services
418,DOORDASH,2020-01,CT,25663.0,814932.8999999999,Third- Party Delivery Services,Restaurant/Grocery/Other Delivery Services
419,INSTACART,2020-01,GA,33205.92,2881382.51,Third- Party Delivery Services,Restaurant/Grocery/Other Delivery Services
420,AMAZON FRESH,2020-01,GA,12051.070000000002,472054.66,Third- Party Delivery Services,Restaurant/Grocery/Other Delivery Services
421,AMAZON FRESH,2020-02,IN,1496.0500000000002,90095.06,Third- Party Delivery Services,Restaurant/Grocery/Other Delivery Services
422,DOORDASH,2020-01,MI,19134.970000000005,634316.67,Third- Party Delivery Services,Restaurant/Grocery/Other Delivery Services
423,AMAZON FRESH,2020-01,OR,4810.280000000001,222962.95,Third- Party Delivery Services,Restaurant/Grocery/Other Delivery Services
424,DOORDASH,2020-01,DE,10393.010000000002,316707.25,Third- Party Delivery Services,Restaurant/Grocery/Other Delivery Services
425,DOORDASH,2020-02,SC,42073.26000000001,1268720.11,Third- Party Delivery Services,Restaurant/Grocery/Other Delivery Services
426,DOORDASH,2020-01,NY,86167.39999999998,2633098.78,Third- Party Delivery Services,Restaurant/Grocery/Other Delivery Services
427,INSTACART,2020-01,NH,1246.9500000000005,103491.88,Third- Party Delivery Services,Restaurant/Grocery/Other Delivery Services
428,DOORDASH,2020-01,CA,647407.5000000001,21550662.430000003,Third- Party Delivery Services,Restaurant/Grocery/Other Delivery Services
429,INSTACART,2020-01,WY,480.3699999999999,46564.43,Third- Party Delivery Services,Restaurant/Grocery/Other Delivery Services
430,AMAZON FRESH,2020-02,LA,505.15,25506.16,Third- Party Delivery Services,Restaurant/Grocery/Other Delivery Services
431,UBEREATS,2020-02,WA,95214.13000000002,2766330.49,Third- Party Delivery Services,Restaurant/Grocery/Other Delivery Services
432,GRUBHUB.COM,2020-02,AR,2224.2600000000007,75351.87000000001,Third- Party Delivery Services,Restaurant/Grocery/Other Delivery Services
433,GRUBHUB.COM,2020-02,NJ,53316.27000000001,1651334.2100000002,Third- Party Delivery Services,Restaurant/Grocery/Other Delivery Services
434,UBEREATS,2020-01,SC,20762.900000000005,544116.0,Third- Party Delivery Services,Restaurant/Grocery/Other Delivery Services
435,DOORDASH,2020-02,NC,102754.08000000002,3091794.39,Third- Party Delivery Services,Restaurant/Grocery/Other Delivery Services
436,UBEREATS,2020-02,ME,2484.8,64488.48000000001,Third- Party Delivery Services,Restaurant/Grocery/Other Delivery Services
437,GRUBHUB.COM,2020-02,UT,8746.18,309103.04000000004,Third- Party Delivery Services,Restaurant/Grocery/Other Delivery Services
438,UBEREATS,2020-01,ME,2428.31,66560.62,Third- Party Delivery Services,Restaurant/Grocery/Other Delivery Services
439,INSTACART,2020-01,HI,1714.7500000000002,139664.63999999998,Third- Party Delivery Services,Restaurant/Grocery/Other Delivery Services
440,AMAZON FRESH,2020-02,TX,22941.51,1397949.13,Third- Party Delivery Services,Restaurant/Grocery/Other Delivery Services
441,INSTACART,2020-01,DE,2098.55,181070.56,Third- Party Delivery Services,Restaurant/Grocery/Other Delivery Services
442,GRUBHUB.COM,2020-02,VT,997.4399999999998,28766.950000000004,Third- Party Delivery Services,Restaurant/Grocery/Other Delivery Services
443,DOORDASH,2020-02,MD,87136.77000000005,2665638.24,Third- Party Delivery Services,Restaurant/Grocery/Other Delivery Services
444,INSTACART,2020-02,KY,2188.79,174223.75999999995,Third- Party Delivery Services,Restaurant/Grocery/Other Delivery Services
445,GRUBHUB.COM,2020-01,UT,8649.97,308293.28,Third- Party Delivery Services,Restaurant/Grocery/Other Delivery Services
446,DOORDASH,2020-02,DC,12830.57,400783.9900000001,Third- Party Delivery Services,Restaurant/Grocery/Other Delivery Services
447,INSTACART,2020-01,FL,68384.37,6109438.94,Third- Party Delivery Services,Restaurant/Grocery/Other Delivery Services
448,UBEREATS,2020-02,MO,8743.320000000002,214009.55,Third- Party Delivery Services,Restaurant/Grocery/Other Delivery Services
449,AMAZON FRESH,2020-01,NY,29858.60000000001,1450692.4399999997,Third- Party Delivery Services,Restaurant/Grocery/Other Delivery Services
450,GRUBHUB.COM,2020-02,KY,3319.94,108377.62,Third- Party Delivery Services,Restaurant/Grocery/Other Delivery Services
451,GRUBHUB.COM,2020-01,OH,9515.76,288578.31,Third- Party Delivery Services,Restaurant/Grocery/Other Delivery Services
452,UBEREATS,2020-02,NV,29867.35000000001,781471.3899999998,Third- Party Delivery Services,Restaurant/Grocery/Other Delivery Services
453,UBEREATS,2020-01,MT,6952.090000000002,191580.29,Third- Party Delivery Services,Restaurant/Grocery/Other Delivery Services
454,AMAZON FRESH,2020-02,AK,102.07,6566.140000000001,Third- Party Delivery Services,Restaurant/Grocery/Other Delivery Services
455,INSTACART,2020-02,SC,11609.88,1059103.51,Third- Party Delivery Services,Restaurant/Grocery/Other Delivery Services
456,AMAZON FRESH,2020-02,WI,3816.7200000000007,225972.98000000004,Third- Party Delivery Services,Restaurant/Grocery/Other Delivery Services
457,AMAZON FRESH,2020-02,AR,438.68000000000006,26585.71,Third- Party Delivery Services,Restaurant/Grocery/Other Delivery Services
458,UBEREATS,2020-01,MO,8543.070000000002,203285.64,Third- Party Delivery Services,Restaurant/Grocery/Other Delivery Services
459,DOORDASH,2020-01,LA,13062.919999999998,379275.19,Third- Party Delivery Services,Restaurant/Grocery/Other Delivery Services
460,INSTACART,2020-01,PA,27663.840000000007,2614731.23,Third- Party Delivery Services,Restaurant/Grocery/Other Delivery Services
461,INSTACART,2020-01,AR,1518.41,143044.38,Third- Party Delivery Services,Restaurant/Grocery/Other Delivery Services
462,DOORDASH,2020-02,NJ,87383.49999999999,2735248.1300000004,Third- Party Delivery Services,Restaurant/Grocery/Other Delivery Services
463,INSTACART,2020-01,RI,294.2599999999999,36766.65,Third- Party Delivery Services,Restaurant/Grocery/Other Delivery Services
464,AMAZON FRESH,2020-02,FL,11893.7,735662.7999999998,Third- Party Delivery Services,Restaurant/Grocery/Other Delivery Services
465,UBEREATS,2020-01,VT,2025.06,54138.48,Third- Party Delivery Services,Restaurant/Grocery/Other Delivery Services
466,INSTACART,2020-01,CT,7231.709999999998,644711.88,Third- Party Delivery Services,Restaurant/Grocery/Other Delivery Services
467,AMAZON FRESH,2020-01,WY,121.39,4056.7599999999984,Third- Party Delivery Services,Restaurant/Grocery/Other Delivery Services
468,AMAZON FRESH,2020-02,OK,668.7,38542.48,Third- Party Delivery Services,Restaurant/Grocery/Other Delivery Services
469,DOORDASH,2020-02,ID,21409.200000000004,665812.0499999999,Third- Party Delivery Services,Restaurant/Grocery/Other Delivery Services
470,GRUBHUB.COM,2020-02,GA,24133.2,751116.7400000001,Third- Party Delivery Services,Restaurant/Grocery/Other Delivery Services
471,DOORDASH,2020-01,MN,79364.21,2554148.3399999994,Third- Party Delivery Services,Restaurant/Grocery/Other Delivery Services
472,DOORDASH,2020-01,GA,94290.45,2777848.7100000004,Third- Party Delivery Services,Restaurant/Grocery/Other Delivery Services
473,DOORDASH,2020-02,ND,5752.330000000001,174481.14,Third- Party Delivery Services,Restaurant/Grocery/Other Delivery Services
474,AMAZON FRESH,2020-01,IL,9926.209999999995,424458.3300000001,Third- Party Delivery Services,Restaurant/Grocery/Other Delivery Services
475,DOORDASH,2020-02,DE,10873.41,338252.64,Third- Party Delivery Services,Restaurant/Grocery/Other Delivery Services
476,UBEREATS,2020-01,NY,156324.69999999998,3788476.17,Third- Party Delivery Services,Restaurant/Grocery/Other Delivery Services
477,AMAZON FRESH,2020-02,OR,3776.9,216864.19,Third- Party Delivery Services,Restaurant/Grocery/Other Delivery Services
478,AMAZON FRESH,2020-01,OK,1055.5500000000002,40204.45,Third- Party Delivery Services,Restaurant/Grocery/Other Delivery Services
479,UBEREATS,2020-01,MA,37387.21,835086.6600000001,Third- Party Delivery Services,Restaurant/Grocery/Other Delivery Services
480,UBEREATS,2020-02,MI,10970.13,283285.18000000005,Third- Party Delivery Services,Restaurant/Grocery/Other Delivery Services
481,GRUBHUB.COM,2020-02,MT,1625.76,56464.3,Third- Party Delivery Services,Restaurant/Grocery/Other Delivery Services
482,AMAZON FRESH,2020-01,NJ,13827.64,631263.56,Third- Party Delivery Services,Restaurant/Grocery/Other Delivery Services
483,INSTACART,2020-02,NH,1214.37,111029.72,Third- Party Delivery Services,Restaurant/Grocery/Other Delivery Services
484,INSTACART,2020-01,OK,2782.65,244994.61000000004,Third- Party Delivery Services,Restaurant/Grocery/Other Delivery Services
485,GRUBHUB.COM,2020-01,NH,2439.53,79858.41999999998,Third- Party Delivery Services,Restaurant/Grocery/Other Delivery Services
486,DOORDASH,2020-01,ME,5294.529999999999,175714.61,Third- Party Delivery Services,Restaurant/Grocery/Other Delivery Services
487,AMAZON FRESH,2020-01,AZ,8114.240000000002,323499.30999999994,Third- Party Delivery Services,Restaurant/Grocery/Other Delivery Services
488,AMAZON FRESH,2020-02,CT,3053.42,224794.54,Third- Party Delivery Services,Restaurant/Grocery/Other Delivery Services
489,DOORDASH,2020-02,NE,30816.2,930786.6900000002,Third- Party Delivery Services,Restaurant/Grocery/Other Delivery Services
490,INSTACART,2020-02,AZ,12785.92,1089906.17,Third- Party Delivery Services,Restaurant/Grocery/Other Delivery Services
491,INSTACART,2020-02,OR,9693.240000000003,894722.9199999998,Third- Party Delivery Services,Restaurant/Grocery/Other Delivery Services
492,DOORDASH,2020-02,SD,5001.859999999999,153148.06999999995,Third- Party Delivery Services,Restaurant/Grocery/Other Delivery Services
493,INSTACART,2020-02,TN,14523.319999999996,1298867.6,Third- Party Delivery Services,Restaurant/Grocery/Other Delivery Services
494,UBEREATS,2020-01,NM,4864.580000000001,123654.73999999996,Third- Party Delivery Services,Restaurant/Grocery/Other Delivery Services
495,DOORDASH,2020-01,UT,51157.11999999999,1506493.7500000002,Third- Party Delivery Services,Restaurant/Grocery/Other Delivery Services
496,AMAZON FRESH,2020-01,HI,805.84,40242.68,Third- Party Delivery Services,Restaurant/Grocery/Other Delivery Services
497,UBEREATS,2020-01,IA,7323.28,190264.2800000001,Third- Party Delivery Services,Restaurant/Grocery/Other Delivery Services
498,GRUBHUB.COM,2020-02,WI,14013.19,483702.1399999999,Third- Party Delivery Services,Restaurant/Grocery/Other Delivery Services
499,AMAZON FRESH,2020-02,NM,580.97,36161.7,Third- Party Delivery Services,Restaurant/Grocery/Other Delivery Services
500,DOORDASH,2020-01,WI,37557.54000000001,1154177.26,Third- Party Delivery Services,Restaurant/Grocery/Other Delivery Services
501,AMAZON FRESH,2020-01,ND,54.30000000000001,2743.09,Third- Party Delivery Services,Restaurant/Grocery/Other Delivery Services
502,UBEREATS,2020-02,NY,160571.14999999997,3919675.4300000006,Third- Party Delivery Services,Restaurant/Grocery/Other Delivery Services
503,INSTACART,2020-02,CT,7244.909999999999,646697.94,Third- Party Delivery Services,Restaurant/Grocery/Other Delivery Services
504,DOORDASH,2020-02,TN,58652.28,1819060.28,Third- Party Delivery Services,Restaurant/Grocery/Other Delivery Services
505,UBEREATS,2020-01,TN,50298.77,1252446.1,Third- Party Delivery Services,Restaurant/Grocery/Other Delivery Services
506,UBEREATS,2020-01,UT,11689.039999999995,299225.05000000005,Third- Party Delivery Services,Restaurant/Grocery/Other Delivery Services
507,UBEREATS,2020-01,KS,6651.27,166618.21999999997,Third- Party Delivery Services,Restaurant/Grocery/Other Delivery Services
508,UBEREATS,2020-02,ND,2111.15,59132.57,Third- Party Delivery Services,Restaurant/Grocery/Other Delivery Services
509,DOORDASH,2020-02,WI,41742.710000000014,1281271.16,Third- Party Delivery Services,Restaurant/Grocery/Other Delivery Services
