,BRAND_NAME,MONTH,STATE_ABBR,TRANS_COUNT,SPEND_AMOUNT,INDUSTRY_NAME,SUBINDUSTRY_NAME
0,GRUBHUB.COM,2021-01,MO,9670.049999999996,366057.02,Third- Party Delivery Services,Restaurant/Grocery/Other Delivery Services
1,UBEREATS,2021-01,TX,642812.4300000003,17933634.779999997,Third- Party Delivery Services,Restaurant/Grocery/Other Delivery Services
2,GRUBHUB.COM,2021-01,IL,62283.85999999999,2408086.68,Third- Party Delivery Services,Restaurant/Grocery/Other Delivery Services
3,GRUBHUB.COM,2021-01,ID,6356.72,231921.70000000007,Third- Party Delivery Services,Restaurant/Grocery/Other Delivery Services
4,GRUBHUB.COM,2021-01,CT,35367.840000000004,1341820.48,Third- Party Delivery Services,Restaurant/Grocery/Other Delivery Services
5,UBEREATS,2021-01,HI,13491.589999999997,394572.3300000001,Third- Party Delivery Services,Restaurant/Grocery/Other Delivery Services
6,DOORDASH,2021-01,RI,7137.089999999999,261410.96,Third- Party Delivery Services,Restaurant/Grocery/Other Delivery Services
7,UBEREATS,2021-01,OK,20183.42,542328.11,Third- Party Delivery Services,Restaurant/Grocery/Other Delivery Services
8,DOORDASH,2021-01,FL,450219.59,13995522.079999998,Third- Party Delivery Services,Restaurant/Grocery/Other Delivery Services
9,DOORDASH,2021-01,AZ,222217.47,7387314.710000002,Third- Party Delivery Services,Restaurant/Grocery/Other Delivery Services
10,INSTACART,2021-01,AR,4721.86,432104.47,Third- Party Delivery Services,Restaurant/Grocery/Other Delivery Services
11,GRUBHUB.COM,2021-01,WV,4150.43,162292.67999999996,Third- Party Delivery Services,Restaurant/Grocery/Other Delivery Services
12,UBEREATS,2021-01,WV,4614.550000000001,143941.48,Third- Party Delivery Services,Restaurant/Grocery/Other Delivery Services
13,AMAZON FRESH,2021-01,OK,2514.19,174382.01000000004,Third- Party Delivery Services,Restaurant/Grocery/Other Delivery Services
14,INSTACART,2021-01,LA,9494.490000000002,994601.6,Third- Party Delivery Services,Restaurant/Grocery/Other Delivery Services
15,INSTACART,2021-01,MA,30218.669999999995,3140225.77,Third- Party Delivery Services,Restaurant/Grocery/Other Delivery Services
16,AMAZON FRESH,2021-01,NE,3104.4400000000005,267878.02,Third- Party Delivery Services,Restaurant/Grocery/Other Delivery Services
17,DOORDASH,2021-01,NC,350921.3,11095474.170000002,Third- Party Delivery Services,Restaurant/Grocery/Other Delivery Services
18,GRUBHUB.COM,2021-01,NC,52197.85999999999,1932104.98,Third- Party Delivery Services,Restaurant/Grocery/Other Delivery Services
19,INSTACART,2021-01,MN,86859.51000000001,8804543.540000001,Third- Party Delivery Services,Restaurant/Grocery/Other Delivery Services
20,UBEREATS,2021-01,RI,4648.46,124970.21,Third- Party Delivery Services,Restaurant/Grocery/Other Delivery Services
21,DOORDASH,2021-01,GA,321494.95000000007,10142199.47,Third- Party Delivery Services,Restaurant/Grocery/Other Delivery Services
22,INSTACART,2021-01,OK,13346.03,1245329.34,Third- Party Delivery Services,Restaurant/Grocery/Other Delivery Services
23,INSTACART,2021-01,NH,7082.180000000001,684250.8699999999,Third- Party Delivery Services,Restaurant/Grocery/Other Delivery Services
24,INSTACART,2021-01,MD,64840.02000000001,6232005.95,Third- Party Delivery Services,Restaurant/Grocery/Other Delivery Services
25,DOORDASH,2021-01,DC,34006.97,1180962.4899999998,Third- Party Delivery Services,Restaurant/Grocery/Other Delivery Services
26,AMAZON FRESH,2021-01,AK,370.83,28384.58,Third- Party Delivery Services,Restaurant/Grocery/Other Delivery Services
27,UBEREATS,2021-01,WY,2752.850000000001,86053.77999999998,Third- Party Delivery Services,Restaurant/Grocery/Other Delivery Services
28,INSTACART,2021-01,TX,134235.19999999998,13009356.85,Third- Party Delivery Services,Restaurant/Grocery/Other Delivery Services
29,INSTACART,2021-01,MT,5357.4800000000005,595984.3600000001,Third- Party Delivery Services,Restaurant/Grocery/Other Delivery Services
30,GRUBHUB.COM,2021-01,AL,11383.240000000002,397085.8100000001,Third- Party Delivery Services,Restaurant/Grocery/Other Delivery Services
31,GRUBHUB.COM,2021-01,FL,54289.18000000002,1908659.39,Third- Party Delivery Services,Restaurant/Grocery/Other Delivery Services
32,GRUBHUB.COM,2021-01,IA,19955.8,751534.41,Third- Party Delivery Services,Restaurant/Grocery/Other Delivery Services
33,UBEREATS,2021-01,AR,7380.48,212632.69000000003,Third- Party Delivery Services,Restaurant/Grocery/Other Delivery Services
34,UBEREATS,2021-01,NH,5475.62,161505.6,Third- Party Delivery Services,Restaurant/Grocery/Other Delivery Services
35,DOORDASH,2021-01,CO,242071.75,8363869.909999997,Third- Party Delivery Services,Restaurant/Grocery/Other Delivery Services
36,GRUBHUB.COM,2021-01,WA,51174.50000000001,2130061.97,Third- Party Delivery Services,Restaurant/Grocery/Other Delivery Services
37,INSTACART,2021-01,GA,105819.69,10184588.13,Third- Party Delivery Services,Restaurant/Grocery/Other Delivery Services
38,AMAZON FRESH,2021-01,FL,37902.64000000001,2659807.64,Third- Party Delivery Services,Restaurant/Grocery/Other Delivery Services
39,AMAZON FRESH,2021-01,CT,10223.48,962506.22,Third- Party Delivery Services,Restaurant/Grocery/Other Delivery Services
40,AMAZON FRESH,2021-01,NM,2991.26,281416.35,Third- Party Delivery Services,Restaurant/Grocery/Other Delivery Services
41,AMAZON FRESH,2021-01,OH,6351.269999999999,462197.50000000006,Third- Party Delivery Services,Restaurant/Grocery/Other Delivery Services
42,GRUBHUB.COM,2021-01,ME,2431.74,109088.89,Third- Party Delivery Services,Restaurant/Grocery/Other Delivery Services
43,GRUBHUB.COM,2021-01,DC,10912.86,419488.6,Third- Party Delivery Services,Restaurant/Grocery/Other Delivery Services
44,INSTACART,2021-01,SC,48779.25000000001,4663302.65,Third- Party Delivery Services,Restaurant/Grocery/Other Delivery Services
45,UBEREATS,2021-01,IL,112300.42,3199911.7100000004,Third- Party Delivery Services,Restaurant/Grocery/Other Delivery Services
46,DOORDASH,2021-01,VA,323654.3400000001,10591307.23,Third- Party Delivery Services,Restaurant/Grocery/Other Delivery Services
47,UBEREATS,2021-01,TN,107465.88,3152354.43,Third- Party Delivery Services,Restaurant/Grocery/Other Delivery Services
48,INSTACART,2021-01,SD,2321.7,225994.69000000003,Third- Party Delivery Services,Restaurant/Grocery/Other Delivery Services
49,AMAZON FRESH,2021-01,IA,3345.1900000000005,263851.2,Third- Party Delivery Services,Restaurant/Grocery/Other Delivery Services
50,UBEREATS,2021-01,NE,16213.839999999997,455418.34,Third- Party Delivery Services,Restaurant/Grocery/Other Delivery Services
51,DOORDASH,2021-01,IL,160151.46,5421774.129999999,Third- Party Delivery Services,Restaurant/Grocery/Other Delivery Services
52,INSTACART,2021-01,DE,8625.21,879646.31,Third- Party Delivery Services,Restaurant/Grocery/Other Delivery Services
53,GRUBHUB.COM,2021-01,OR,56822.73,2165909.24,Third- Party Delivery Services,Restaurant/Grocery/Other Delivery Services
54,DOORDASH,2021-01,AL,127379.95,4032058.5300000007,Third- Party Delivery Services,Restaurant/Grocery/Other Delivery Services
55,GRUBHUB.COM,2021-01,LA,4608.950000000001,167107.30999999997,Third- Party Delivery Services,Restaurant/Grocery/Other Delivery Services
56,UBEREATS,2021-01,SC,52446.48,1585757.7999999998,Third- Party Delivery Services,Restaurant/Grocery/Other Delivery Services
57,INSTACART,2021-01,KS,9332.91,924874.15,Third- Party Delivery Services,Restaurant/Grocery/Other Delivery Services
58,INSTACART,2021-01,DC,12177.91,1152990.4599999995,Third- Party Delivery Services,Restaurant/Grocery/Other Delivery Services
59,UBEREATS,2021-01,CT,111303.56,3470205.2600000007,Third- Party Delivery Services,Restaurant/Grocery/Other Delivery Services
60,DOORDASH,2021-01,IN,51457.64,1711224.7199999995,Third- Party Delivery Services,Restaurant/Grocery/Other Delivery Services
61,INSTACART,2021-01,AK,4257.35,502688.14,Third- Party Delivery Services,Restaurant/Grocery/Other Delivery Services
62,GRUBHUB.COM,2021-01,VT,1471.0899999999997,65113.42999999999,Third- Party Delivery Services,Restaurant/Grocery/Other Delivery Services
63,INSTACART,2021-01,MI,11682.62,1162197.7,Third- Party Delivery Services,Restaurant/Grocery/Other Delivery Services
64,AMAZON FRESH,2021-01,KS,2119.01,156343.05,Third- Party Delivery Services,Restaurant/Grocery/Other Delivery Services
65,GRUBHUB.COM,2021-01,TN,22368.040000000005,818410.5299999999,Third- Party Delivery Services,Restaurant/Grocery/Other Delivery Services
66,DOORDASH,2021-01,MS,47372.78999999999,1454096.59,Third- Party Delivery Services,Restaurant/Grocery/Other Delivery Services
67,UBEREATS,2021-01,MT,14901.099999999997,445730.77,Third- Party Delivery Services,Restaurant/Grocery/Other Delivery Services
68,GRUBHUB.COM,2021-01,CO,65722.89,2720112.03,Third- Party Delivery Services,Restaurant/Grocery/Other Delivery Services
69,AMAZON FRESH,2021-01,MN,17696.959999999995,1362525.7700000005,Third- Party Delivery Services,Restaurant/Grocery/Other Delivery Services
70,UBEREATS,2021-01,LA,19894.700000000004,625418.94,Third- Party Delivery Services,Restaurant/Grocery/Other Delivery Services
71,INSTACART,2021-01,WI,32846.24999999999,3112232.57,Third- Party Delivery Services,Restaurant/Grocery/Other Delivery Services
72,GRUBHUB.COM,2021-01,WI,24083.07,893446.5799999998,Third- Party Delivery Services,Restaurant/Grocery/Other Delivery Services
73,DOORDASH,2021-01,LA,43983.82999999999,1437689.56,Third- Party Delivery Services,Restaurant/Grocery/Other Delivery Services
74,GRUBHUB.COM,2021-01,AZ,36104.2,1360802.46,Third- Party Delivery Services,Restaurant/Grocery/Other Delivery Services
75,GRUBHUB.COM,2021-01,ND,1891.52,74620.04,Third- Party Delivery Services,Restaurant/Grocery/Other Delivery Services
76,GRUBHUB.COM,2021-01,MA,37591.97,1401862.93,Third- Party Delivery Services,Restaurant/Grocery/Other Delivery Services
77,AMAZON FRESH,2021-01,VT,1003.73,88687.45,Third- Party Delivery Services,Restaurant/Grocery/Other Delivery Services
78,DOORDASH,2021-01,ID,63792.02000000001,2036985.31,Third- Party Delivery Services,Restaurant/Grocery/Other Delivery Services
79,INSTACART,2021-01,WA,67477.82,7516965.689999999,Third- Party Delivery Services,Restaurant/Grocery/Other Delivery Services
80,GRUBHUB.COM,2021-01,OH,14396.97,524404.6799999999,Third- Party Delivery Services,Restaurant/Grocery/Other Delivery Services
81,AMAZON FRESH,2021-01,CO,26476.04,2258320.96,Third- Party Delivery Services,Restaurant/Grocery/Other Delivery Services
82,AMAZON FRESH,2021-01,GA,20890.6,1421543.15,Third- Party Delivery Services,Restaurant/Grocery/Other Delivery Services
83,UBEREATS,2021-01,FL,659191.46,19046121.74,Third- Party Delivery Services,Restaurant/Grocery/Other Delivery Services
84,INSTACART,2021-01,CT,37319.49,3860420.089999999,Third- Party Delivery Services,Restaurant/Grocery/Other Delivery Services
85,GRUBHUB.COM,2021-01,MN,25702.6,1027066.96,Third- Party Delivery Services,Restaurant/Grocery/Other Delivery Services
86,DOORDASH,2021-01,WY,19441.76,665601.23,Third- Party Delivery Services,Restaurant/Grocery/Other Delivery Services
87,UBEREATS,2021-01,IA,21998.370000000003,609080.91,Third- Party Delivery Services,Restaurant/Grocery/Other Delivery Services
88,INSTACART,2021-01,AL,32534.24,3251238.6500000004,Third- Party Delivery Services,Restaurant/Grocery/Other Delivery Services
89,UBEREATS,2021-01,KS,13984.409999999998,391448.03,Third- Party Delivery Services,Restaurant/Grocery/Other Delivery Services
90,DOORDASH,2021-01,NM,63166.22000000001,2153824.89,Third- Party Delivery Services,Restaurant/Grocery/Other Delivery Services
91,GRUBHUB.COM,2021-01,NH,4762.549999999999,167572.95000000004,Third- Party Delivery Services,Restaurant/Grocery/Other Delivery Services
92,AMAZON FRESH,2021-01,AR,1363.2999999999995,117008.03,Third- Party Delivery Services,Restaurant/Grocery/Other Delivery Services
93,UBEREATS,2021-01,WA,217467.2800000001,7234350.750000003,Third- Party Delivery Services,Restaurant/Grocery/Other Delivery Services
94,DOORDASH,2021-01,WA,327960.45,12146393.460000005,Third- Party Delivery Services,Restaurant/Grocery/Other Delivery Services
95,INSTACART,2021-01,NJ,55542.95,6007934.679999999,Third- Party Delivery Services,Restaurant/Grocery/Other Delivery Services
96,UBEREATS,2021-01,GA,251189.32,7545705.619999999,Third- Party Delivery Services,Restaurant/Grocery/Other Delivery Services
97,UBEREATS,2021-01,VA,171543.22000000006,4956817.180000001,Third- Party Delivery Services,Restaurant/Grocery/Other Delivery Services
98,DOORDASH,2021-01,DE,44007.61999999999,1412773.2099999995,Third- Party Delivery Services,Restaurant/Grocery/Other Delivery Services
99,DOORDASH,2021-01,NY,287884.28,9581722.28,Third- Party Delivery Services,Restaurant/Grocery/Other Delivery Services
100,INSTACART,2021-01,IN,12941.010000000002,1178508.8799999997,Third- Party Delivery Services,Restaurant/Grocery/Other Delivery Services
101,INSTACART,2021-01,OH,21073.070000000003,1977809.33,Third- Party Delivery Services,Restaurant/Grocery/Other Delivery Services
102,GRUBHUB.COM,2021-01,MI,12694.070000000002,487999.3500000001,Third- Party Delivery Services,Restaurant/Grocery/Other Delivery Services
103,AMAZON FRESH,2021-01,WV,389.54,39925.56,Third- Party Delivery Services,Restaurant/Grocery/Other Delivery Services
104,DOORDASH,2021-01,OH,137453.68,4316872.389999999,Third- Party Delivery Services,Restaurant/Grocery/Other Delivery Services
105,GRUBHUB.COM,2021-01,MT,2705.71,98425.55,Third- Party Delivery Services,Restaurant/Grocery/Other Delivery Services
106,DOORDASH,2021-01,KS,60269.42,1956881.8400000008,Third- Party Delivery Services,Restaurant/Grocery/Other Delivery Services
107,AMAZON FRESH,2021-01,DC,10834.590000000002,782696.4700000002,Third- Party Delivery Services,Restaurant/Grocery/Other Delivery Services
108,UBEREATS,2021-01,ND,5312.240000000002,158401.08,Third- Party Delivery Services,Restaurant/Grocery/Other Delivery Services
109,DOORDASH,2021-01,MA,74568.59999999999,2656271.86,Third- Party Delivery Services,Restaurant/Grocery/Other Delivery Services
110,AMAZON FRESH,2021-01,TX,73320.31999999999,5034969.48,Third- Party Delivery Services,Restaurant/Grocery/Other Delivery Services
111,AMAZON FRESH,2021-01,OR,16180.020000000002,1247077.72,Third- Party Delivery Services,Restaurant/Grocery/Other Delivery Services
112,UBEREATS,2021-01,MI,21953.29,664733.8299999998,Third- Party Delivery Services,Restaurant/Grocery/Other Delivery Services
113,DOORDASH,2021-01,CT,73071.05,2462488.2,Third- Party Delivery Services,Restaurant/Grocery/Other Delivery Services
114,AMAZON FRESH,2021-01,NV,9992.85,688275.0,Third- Party Delivery Services,Restaurant/Grocery/Other Delivery Services
115,INSTACART,2021-01,VA,84319.24,8336116.079999998,Third- Party Delivery Services,Restaurant/Grocery/Other Delivery Services
116,UBEREATS,2021-01,SD,2578.98,68988.97999999997,Third- Party Delivery Services,Restaurant/Grocery/Other Delivery Services
117,UBEREATS,2021-01,MO,19307.8,540316.33,Third- Party Delivery Services,Restaurant/Grocery/Other Delivery Services
118,INSTACART,2021-01,IA,14269.350000000006,1274331.9600000002,Third- Party Delivery Services,Restaurant/Grocery/Other Delivery Services
119,UBEREATS,2021-01,KY,11699.589999999998,319313.14,Third- Party Delivery Services,Restaurant/Grocery/Other Delivery Services
120,GRUBHUB.COM,2021-01,NV,23245.55,915056.89,Third- Party Delivery Services,Restaurant/Grocery/Other Delivery Services
121,DOORDASH,2021-01,CA,2008936.21,73219750.42,Third- Party Delivery Services,Restaurant/Grocery/Other Delivery Services
122,DOORDASH,2021-01,TX,948707.79,30921650.35,Third- Party Delivery Services,Restaurant/Grocery/Other Delivery Services
123,GRUBHUB.COM,2021-01,VA,67253.58,2472039.9300000006,Third- Party Delivery Services,Restaurant/Grocery/Other Delivery Services
124,AMAZON FRESH,2021-01,NY,61426.05,4649095.01,Third- Party Delivery Services,Restaurant/Grocery/Other Delivery Services
125,DOORDASH,2021-01,KY,58372.71,1833724.8,Third- Party Delivery Services,Restaurant/Grocery/Other Delivery Services
126,AMAZON FRESH,2021-01,IN,3456.2100000000005,239993.96000000005,Third- Party Delivery Services,Restaurant/Grocery/Other Delivery Services
127,UBEREATS,2021-01,AL,22009.79,615589.1299999999,Third- Party Delivery Services,Restaurant/Grocery/Other Delivery Services
128,INSTACART,2021-01,ND,4113.1,409426.52,Third- Party Delivery Services,Restaurant/Grocery/Other Delivery Services
129,AMAZON FRESH,2021-01,WY,319.6600000000001,24456.720000000005,Third- Party Delivery Services,Restaurant/Grocery/Other Delivery Services
130,UBEREATS,2021-01,DC,62354.16999999999,1904568.1400000004,Third- Party Delivery Services,Restaurant/Grocery/Other Delivery Services
131,DOORDASH,2021-01,TN,187052.92000000004,6004436.65,Third- Party Delivery Services,Restaurant/Grocery/Other Delivery Services
132,GRUBHUB.COM,2021-01,TX,94124.79,3436082.02,Third- Party Delivery Services,Restaurant/Grocery/Other Delivery Services
133,GRUBHUB.COM,2021-01,KS,6795.509999999999,263899.4,Third- Party Delivery Services,Restaurant/Grocery/Other Delivery Services
134,INSTACART,2021-01,ID,7796.5,887208.1700000003,Third- Party Delivery Services,Restaurant/Grocery/Other Delivery Services
135,INSTACART,2021-01,NY,130876.32,12586644.049999995,Third- Party Delivery Services,Restaurant/Grocery/Other Delivery Services
136,AMAZON FRESH,2021-01,MT,543.4,43494.47,Third- Party Delivery Services,Restaurant/Grocery/Other Delivery Services
137,GRUBHUB.COM,2021-01,SD,2856.23,91533.1,Third- Party Delivery Services,Restaurant/Grocery/Other Delivery Services
138,DOORDASH,2021-01,MD,233950.91,7819094.340000001,Third- Party Delivery Services,Restaurant/Grocery/Other Delivery Services
139,GRUBHUB.COM,2021-01,MS,4291.599999999999,142675.11,Third- Party Delivery Services,Restaurant/Grocery/Other Delivery Services
140,UBEREATS,2021-01,CA,630483.2800000001,19743196.68,Third- Party Delivery Services,Restaurant/Grocery/Other Delivery Services
141,DOORDASH,2021-01,NH,36337.02,1228378.89,Third- Party Delivery Services,Restaurant/Grocery/Other Delivery Services
142,UBEREATS,2021-01,NJ,229186.3,6371088.19,Third- Party Delivery Services,Restaurant/Grocery/Other Delivery Services
143,DOORDASH,2021-01,ND,24183.09,781755.5700000001,Third- Party Delivery Services,Restaurant/Grocery/Other Delivery Services
144,AMAZON FRESH,2021-01,MI,5303.030000000001,412938.2899999999,Third- Party Delivery Services,Restaurant/Grocery/Other Delivery Services
145,DOORDASH,2021-01,HI,25654.38,932108.35,Third- Party Delivery Services,Restaurant/Grocery/Other Delivery Services
146,DOORDASH,2021-01,IA,103705.75999999998,3294083.87,Third- Party Delivery Services,Restaurant/Grocery/Other Delivery Services
147,UBEREATS,2021-01,WI,36775.06,1006651.4499999998,Third- Party Delivery Services,Restaurant/Grocery/Other Delivery Services
148,INSTACART,2021-01,NM,10797.85,1139850.72,Third- Party Delivery Services,Restaurant/Grocery/Other Delivery Services
149,GRUBHUB.COM,2021-01,HI,3523.9999999999995,142033.19999999998,Third- Party Delivery Services,Restaurant/Grocery/Other Delivery Services
150,UBEREATS,2021-01,MS,11442.13,319255.25,Third- Party Delivery Services,Restaurant/Grocery/Other Delivery Services
151,UBEREATS,2021-01,NC,105473.04,2928734.83,Third- Party Delivery Services,Restaurant/Grocery/Other Delivery Services
152,AMAZON FRESH,2021-01,UT,3408.53,278581.18999999994,Third- Party Delivery Services,Restaurant/Grocery/Other Delivery Services
153,DOORDASH,2021-01,NV,95192.69,3260295.710000001,Third- Party Delivery Services,Restaurant/Grocery/Other Delivery Services
154,DOORDASH,2021-01,UT,157262.47,4764869.829999999,Third- Party Delivery Services,Restaurant/Grocery/Other Delivery Services
155,INSTACART,2021-01,HI,5770.290000000002,591655.9900000001,Third- Party Delivery Services,Restaurant/Grocery/Other Delivery Services
156,UBEREATS,2021-01,UT,25316.24,650582.1900000001,Third- Party Delivery Services,Restaurant/Grocery/Other Delivery Services
157,DOORDASH,2021-01,OR,160057.69,5336250.87,Third- Party Delivery Services,Restaurant/Grocery/Other Delivery Services
158,AMAZON FRESH,2021-01,AZ,17603.149999999998,1185196.16,Third- Party Delivery Services,Restaurant/Grocery/Other Delivery Services
159,INSTACART,2021-01,KY,7320.410000000002,684152.3400000002,Third- Party Delivery Services,Restaurant/Grocery/Other Delivery Services
160,DOORDASH,2021-01,MN,263655.0299999999,9211211.3,Third- Party Delivery Services,Restaurant/Grocery/Other Delivery Services
161,AMAZON FRESH,2021-01,KY,1822.8100000000004,146819.71999999997,Third- Party Delivery Services,Restaurant/Grocery/Other Delivery Services
162,AMAZON FRESH,2021-01,ME,1963.4400000000005,177288.52,Third- Party Delivery Services,Restaurant/Grocery/Other Delivery Services
163,AMAZON FRESH,2021-01,NC,30413.869999999995,2271121.84,Third- Party Delivery Services,Restaurant/Grocery/Other Delivery Services
164,UBEREATS,2021-01,PA,188055.58,5410177.5600000005,Third- Party Delivery Services,Restaurant/Grocery/Other Delivery Services
165,INSTACART,2021-01,WY,1751.6899999999998,183365.28000000003,Third- Party Delivery Services,Restaurant/Grocery/Other Delivery Services
166,DOORDASH,2021-01,SC,145042.22,4600406.120000001,Third- Party Delivery Services,Restaurant/Grocery/Other Delivery Services
167,UBEREATS,2021-01,NV,70085.37,1976039.99,Third- Party Delivery Services,Restaurant/Grocery/Other Delivery Services
168,INSTACART,2021-01,VT,2619.070000000001,292817.5,Third- Party Delivery Services,Restaurant/Grocery/Other Delivery Services
169,GRUBHUB.COM,2021-01,NE,16208.089999999998,614974.1999999998,Third- Party Delivery Services,Restaurant/Grocery/Other Delivery Services
170,INSTACART,2021-01,AZ,48479.49999999999,4857905.65,Third- Party Delivery Services,Restaurant/Grocery/Other Delivery Services
171,DOORDASH,2021-01,AR,24826.330000000005,815857.92,Third- Party Delivery Services,Restaurant/Grocery/Other Delivery Services
172,UBEREATS,2021-01,IN,17733.79,474566.76,Third- Party Delivery Services,Restaurant/Grocery/Other Delivery Services
173,INSTACART,2021-01,FL,219821.23,21477326.840000004,Third- Party Delivery Services,Restaurant/Grocery/Other Delivery Services
174,INSTACART,2021-01,UT,13887.46,1529245.4400000002,Third- Party Delivery Services,Restaurant/Grocery/Other Delivery Services
175,DOORDASH,2021-01,WI,125742.58,4123576.4499999993,Third- Party Delivery Services,Restaurant/Grocery/Other Delivery Services
176,INSTACART,2021-01,NE,10560.33,1019881.46,Third- Party Delivery Services,Restaurant/Grocery/Other Delivery Services
177,UBEREATS,2021-01,ME,4773.78,138190.1,Third- Party Delivery Services,Restaurant/Grocery/Other Delivery Services
178,INSTACART,2021-01,RI,2188.3,272225.66000000003,Third- Party Delivery Services,Restaurant/Grocery/Other Delivery Services
179,GRUBHUB.COM,2021-01,AR,2795.17,109527.66,Third- Party Delivery Services,Restaurant/Grocery/Other Delivery Services
180,INSTACART,2021-01,IL,48000.13000000002,4450505.27,Third- Party Delivery Services,Restaurant/Grocery/Other Delivery Services
181,UBEREATS,2021-01,ID,20804.16,601075.87,Third- Party Delivery Services,Restaurant/Grocery/Other Delivery Services
182,DOORDASH,2021-01,MO,70346.19999999998,2278201.59,Third- Party Delivery Services,Restaurant/Grocery/Other Delivery Services
183,GRUBHUB.COM,2021-01,NY,168864.27,6151785.570000002,Third- Party Delivery Services,Restaurant/Grocery/Other Delivery Services
184,AMAZON FRESH,2021-01,MS,1144.43,84544.76,Third- Party Delivery Services,Restaurant/Grocery/Other Delivery Services
185,AMAZON FRESH,2021-01,CA,197063.52,14604529.170000004,Third- Party Delivery Services,Restaurant/Grocery/Other Delivery Services
186,AMAZON FRESH,2021-01,SC,6807.679999999999,523786.95,Third- Party Delivery Services,Restaurant/Grocery/Other Delivery Services
187,AMAZON FRESH,2021-01,IL,18879.54,1434024.6699999997,Third- Party Delivery Services,Restaurant/Grocery/Other Delivery Services
188,AMAZON FRESH,2021-01,NJ,24841.6,1994410.31,Third- Party Delivery Services,Restaurant/Grocery/Other Delivery Services
189,GRUBHUB.COM,2021-01,MD,58694.31000000001,2233272.5300000003,Third- Party Delivery Services,Restaurant/Grocery/Other Delivery Services
190,AMAZON FRESH,2021-01,ID,1820.4,145488.83,Third- Party Delivery Services,Restaurant/Grocery/Other Delivery Services
191,AMAZON FRESH,2021-01,DE,1568.0899999999997,128647.36000000002,Third- Party Delivery Services,Restaurant/Grocery/Other Delivery Services
192,UBEREATS,2021-01,OR,72151.89000000001,2070358.26,Third- Party Delivery Services,Restaurant/Grocery/Other Delivery Services
193,DOORDASH,2021-01,PA,418236.78,14201271.130000005,Third- Party Delivery Services,Restaurant/Grocery/Other Delivery Services
194,INSTACART,2021-01,NC,123881.72,11733978.56,Third- Party Delivery Services,Restaurant/Grocery/Other Delivery Services
195,UBEREATS,2021-01,AZ,123608.34999999998,3483765.6,Third- Party Delivery Services,Restaurant/Grocery/Other Delivery Services
196,GRUBHUB.COM,2021-01,AK,3773.59,162713.81000000003,Third- Party Delivery Services,Restaurant/Grocery/Other Delivery Services
197,UBEREATS,2021-01,OH,38867.84,1091570.9700000002,Third- Party Delivery Services,Restaurant/Grocery/Other Delivery Services
198,GRUBHUB.COM,2021-01,CA,259955.8,10486260.200000005,Third- Party Delivery Services,Restaurant/Grocery/Other Delivery Services
199,INSTACART,2021-01,MS,5750.219999999999,551121.79,Third- Party Delivery Services,Restaurant/Grocery/Other Delivery Services
200,UBEREATS,2021-01,CO,92017.85,2739742.6500000004,Third- Party Delivery Services,Restaurant/Grocery/Other Delivery Services
201,GRUBHUB.COM,2021-01,RI,4175.409999999999,155397.24,Third- Party Delivery Services,Restaurant/Grocery/Other Delivery Services
202,DOORDASH,2021-01,AK,28268.689999999995,1014086.78,Third- Party Delivery Services,Restaurant/Grocery/Other Delivery Services
203,AMAZON FRESH,2021-01,NH,2382.1,220887.31,Third- Party Delivery Services,Restaurant/Grocery/Other Delivery Services
204,UBEREATS,2021-01,VT,3810.13,123852.88999999998,Third- Party Delivery Services,Restaurant/Grocery/Other Delivery Services
205,DOORDASH,2021-01,NE,102043.66,3282522.06,Third- Party Delivery Services,Restaurant/Grocery/Other Delivery Services
206,INSTACART,2021-01,CO,37483.91000000001,4057014.170000001,Third- Party Delivery Services,Restaurant/Grocery/Other Delivery Services
207,GRUBHUB.COM,2021-01,GA,41302.35999999999,1463525.3199999996,Third- Party Delivery Services,Restaurant/Grocery/Other Delivery Services
208,UBEREATS,2021-01,MD,145136.62999999998,4319808.74,Third- Party Delivery Services,Restaurant/Grocery/Other Delivery Services
209,AMAZON FRESH,2021-01,LA,2405.49,191317.44999999995,Third- Party Delivery Services,Restaurant/Grocery/Other Delivery Services
210,GRUBHUB.COM,2021-01,SC,13530.22,486574.7699999999,Third- Party Delivery Services,Restaurant/Grocery/Other Delivery Services
211,AMAZON FRESH,2021-01,RI,1939.4000000000003,184397.71,Third- Party Delivery Services,Restaurant/Grocery/Other Delivery Services
212,GRUBHUB.COM,2021-01,IN,10505.759999999998,372051.2800000001,Third- Party Delivery Services,Restaurant/Grocery/Other Delivery Services
213,AMAZON FRESH,2021-01,SD,292.43999999999994,28391.98999999999,Third- Party Delivery Services,Restaurant/Grocery/Other Delivery Services
214,UBEREATS,2021-01,DE,8075.919999999999,223476.0300000001,Third- Party Delivery Services,Restaurant/Grocery/Other Delivery Services
215,DOORDASH,2021-01,VT,4058.6,151009.52,Third- Party Delivery Services,Restaurant/Grocery/Other Delivery Services
216,DOORDASH,2021-01,ME,15603.229999999998,532830.09,Third- Party Delivery Services,Restaurant/Grocery/Other Delivery Services
217,AMAZON FRESH,2021-01,WA,47530.780000000006,3512590.49,Third- Party Delivery Services,Restaurant/Grocery/Other Delivery Services
218,AMAZON FRESH,2021-01,HI,2066.67,167353.56,Third- Party Delivery Services,Restaurant/Grocery/Other Delivery Services
219,INSTACART,2021-01,TN,45852.3,4530541.329999999,Third- Party Delivery Services,Restaurant/Grocery/Other Delivery Services
220,AMAZON FRESH,2021-01,VA,28034.79,2122864.24,Third- Party Delivery Services,Restaurant/Grocery/Other Delivery Services
221,INSTACART,2021-01,PA,94848.41,9594288.459999995,Third- Party Delivery Services,Restaurant/Grocery/Other Delivery Services
222,DOORDASH,2021-01,OK,117830.53999999998,3822234.3,Third- Party Delivery Services,Restaurant/Grocery/Other Delivery Services
223,GRUBHUB.COM,2021-01,DE,6790.54,240786.75,Third- Party Delivery Services,Restaurant/Grocery/Other Delivery Services
224,INSTACART,2021-01,WV,6557.050000000001,615379.4399999998,Third- Party Delivery Services,Restaurant/Grocery/Other Delivery Services
225,GRUBHUB.COM,2021-01,WY,1672.51,68765.93000000002,Third- Party Delivery Services,Restaurant/Grocery/Other Delivery Services
226,GRUBHUB.COM,2021-01,OK,10415.82,387905.55,Third- Party Delivery Services,Restaurant/Grocery/Other Delivery Services
227,INSTACART,2021-01,ME,3191.55,336676.99,Third- Party Delivery Services,Restaurant/Grocery/Other Delivery Services
228,AMAZON FRESH,2021-01,TN,14968.680000000002,1138132.7100000002,Third- Party Delivery Services,Restaurant/Grocery/Other Delivery Services
229,GRUBHUB.COM,2021-01,PA,150201.33000000002,5642825.430000001,Third- Party Delivery Services,Restaurant/Grocery/Other Delivery Services
230,GRUBHUB.COM,2021-01,UT,16914.04,627708.3400000001,Third- Party Delivery Services,Restaurant/Grocery/Other Delivery Services
231,UBEREATS,2021-01,AK,3322.11,96585.35,Third- Party Delivery Services,Restaurant/Grocery/Other Delivery Services
232,INSTACART,2021-01,CA,517123.57000000007,51504297.14000001,Third- Party Delivery Services,Restaurant/Grocery/Other Delivery Services
233,INSTACART,2021-01,OR,38040.26,4169027.87,Third- Party Delivery Services,Restaurant/Grocery/Other Delivery Services
234,AMAZON FRESH,2021-01,WI,9834.179999999998,734985.37,Third- Party Delivery Services,Restaurant/Grocery/Other Delivery Services
235,DOORDASH,2021-01,MT,35421.08,1128225.5,Third- Party Delivery Services,Restaurant/Grocery/Other Delivery Services
236,DOORDASH,2021-01,SD,20596.09,688190.5200000003,Third- Party Delivery Services,Restaurant/Grocery/Other Delivery Services
237,AMAZON FRESH,2021-01,MD,22148.72,1664998.1100000003,Third- Party Delivery Services,Restaurant/Grocery/Other Delivery Services
238,INSTACART,2021-01,NV,19821.160000000003,1884715.82,Third- Party Delivery Services,Restaurant/Grocery/Other Delivery Services
239,DOORDASH,2021-01,WV,40039.779999999984,1358756.78,Third- Party Delivery Services,Restaurant/Grocery/Other Delivery Services
240,UBEREATS,2021-01,MA,75687.70999999999,2128953.0,Third- Party Delivery Services,Restaurant/Grocery/Other Delivery Services
241,AMAZON FRESH,2021-01,AL,3435.190000000001,248940.44,Third- Party Delivery Services,Restaurant/Grocery/Other Delivery Services
242,AMAZON FRESH,2021-01,PA,33575.469999999994,2718024.17,Third- Party Delivery Services,Restaurant/Grocery/Other Delivery Services
243,GRUBHUB.COM,2021-01,KY,4877.7,177576.05000000002,Third- Party Delivery Services,Restaurant/Grocery/Other Delivery Services
244,AMAZON FRESH,2021-01,MO,2802.22,207096.33,Third- Party Delivery Services,Restaurant/Grocery/Other Delivery Services
245,UBEREATS,2021-01,MN,44476.06999999999,1232636.1599999997,Third- Party Delivery Services,Restaurant/Grocery/Other Delivery Services
246,AMAZON FRESH,2021-01,ND,127.63999999999996,7595.320000000001,Third- Party Delivery Services,Restaurant/Grocery/Other Delivery Services
247,DOORDASH,2021-01,NJ,282903.39000000013,9607757.670000002,Third- Party Delivery Services,Restaurant/Grocery/Other Delivery Services
248,UBEREATS,2021-01,NM,13990.350000000004,385784.5799999999,Third- Party Delivery Services,Restaurant/Grocery/Other Delivery Services
249,GRUBHUB.COM,2021-01,NJ,78437.67999999998,2915588.2400000007,Third- Party Delivery Services,Restaurant/Grocery/Other Delivery Services
250,AMAZON FRESH,2021-01,MA,18128.99,1483979.12,Third- Party Delivery Services,Restaurant/Grocery/Other Delivery Services
251,UBEREATS,2021-01,NY,393095.45,11302150.48,Third- Party Delivery Services,Restaurant/Grocery/Other Delivery Services
252,DOORDASH,2021-01,MI,56996.51999999999,1979343.17,Third- Party Delivery Services,Restaurant/Grocery/Other Delivery Services
253,GRUBHUB.COM,2021-01,NM,11385.21,435439.07000000007,Third- Party Delivery Services,Restaurant/Grocery/Other Delivery Services
254,INSTACART,2021-01,MO,17051.85,1692047.200000001,Third- Party Delivery Services,Restaurant/Grocery/Other Delivery Services
