,BRAND_NAME,MONTH,STATE_ABBR,TRANS_COUNT,SPEND_AMOUNT,INDUSTRY_NAME,SUBINDUSTRY_NAME
0,UBEREATS,2021-02,AK,3451.86,92472.13,Third- Party Delivery Services,Restaurant/Grocery/Other Delivery Services
1,AMAZON FRESH,2021-01,ID,1820.4,145488.83,Third- Party Delivery Services,Restaurant/Grocery/Other Delivery Services
2,AMAZON FRESH,2021-02,AR,1133.0600000000004,105129.61000000002,Third- Party Delivery Services,Restaurant/Grocery/Other Delivery Services
3,GRUBHUB.COM,2021-01,LA,4608.950000000001,167107.30999999997,Third- Party Delivery Services,Restaurant/Grocery/Other Delivery Services
4,UBEREATS,2021-02,HI,12957.58,385241.92999999993,Third- Party Delivery Services,Restaurant/Grocery/Other Delivery Services
5,INSTACART,2021-02,PA,77175.09999999999,7450475.599999998,Third- Party Delivery Services,Restaurant/Grocery/Other Delivery Services
6,AMAZON FRESH,2021-02,NV,8505.26,565360.3,Third- Party Delivery Services,Restaurant/Grocery/Other Delivery Services
7,AMAZON FRESH,2021-01,TX,73320.31999999999,5034969.48,Third- Party Delivery Services,Restaurant/Grocery/Other Delivery Services
8,AMAZON FRESH,2021-01,WY,319.6600000000001,24456.720000000005,Third- Party Delivery Services,Restaurant/Grocery/Other Delivery Services
9,UBEREATS,2021-02,OK,16705.129999999997,467479.4200000001,Third- Party Delivery Services,Restaurant/Grocery/Other Delivery Services
10,GRUBHUB.COM,2021-02,ID,5575.280000000001,204797.57,Third- Party Delivery Services,Restaurant/Grocery/Other Delivery Services
11,AMAZON FRESH,2021-01,MN,17696.959999999995,1362525.7700000005,Third- Party Delivery Services,Restaurant/Grocery/Other Delivery Services
12,GRUBHUB.COM,2021-01,TX,94124.79,3436082.02,Third- Party Delivery Services,Restaurant/Grocery/Other Delivery Services
13,GRUBHUB.COM,2021-02,CT,30914.800000000003,1134334.03,Third- Party Delivery Services,Restaurant/Grocery/Other Delivery Services
14,DOORDASH,2021-02,MO,62978.4,2013441.2000000004,Third- Party Delivery Services,Restaurant/Grocery/Other Delivery Services
15,DOORDASH,2021-02,SC,137867.15,4344581.51,Third- Party Delivery Services,Restaurant/Grocery/Other Delivery Services
16,INSTACART,2021-01,MS,5750.219999999999,551121.79,Third- Party Delivery Services,Restaurant/Grocery/Other Delivery Services
17,GRUBHUB.COM,2021-01,WI,24083.07,893446.5799999998,Third- Party Delivery Services,Restaurant/Grocery/Other Delivery Services
18,GRUBHUB.COM,2021-01,MI,12694.070000000002,487999.3500000001,Third- Party Delivery Services,Restaurant/Grocery/Other Delivery Services
19,GRUBHUB.COM,2021-01,PA,150201.33000000002,5642825.430000001,Third- Party Delivery Services,Restaurant/Grocery/Other Delivery Services
20,AMAZON FRESH,2021-02,SD,265.5,19742.05,Third- Party Delivery Services,Restaurant/Grocery/Other Delivery Services
21,INSTACART,2021-02,FL,195897.7800000001,18783444.8,Third- Party Delivery Services,Restaurant/Grocery/Other Delivery Services
22,DOORDASH,2021-01,MT,35421.08,1128225.5,Third- Party Delivery Services,Restaurant/Grocery/Other Delivery Services
23,UBEREATS,2021-02,DE,8187.039999999998,225796.14,Third- Party Delivery Services,Restaurant/Grocery/Other Delivery Services
24,AMAZON FRESH,2021-02,LA,2163.61,185200.02,Third- Party Delivery Services,Restaurant/Grocery/Other Delivery Services
25,UBEREATS,2021-01,WV,4614.550000000001,143941.48,Third- Party Delivery Services,Restaurant/Grocery/Other Delivery Services
26,DOORDASH,2021-01,ID,63792.02000000001,2036985.31,Third- Party Delivery Services,Restaurant/Grocery/Other Delivery Services
27,INSTACART,2021-02,NY,109821.91000000005,10436422.17,Third- Party Delivery Services,Restaurant/Grocery/Other Delivery Services
28,GRUBHUB.COM,2021-02,AK,3613.64,145527.01000000004,Third- Party Delivery Services,Restaurant/Grocery/Other Delivery Services
29,DOORDASH,2021-02,OR,135147.14999999997,4483191.49,Third- Party Delivery Services,Restaurant/Grocery/Other Delivery Services
30,UBEREATS,2021-01,KY,11699.589999999998,319313.14,Third- Party Delivery Services,Restaurant/Grocery/Other Delivery Services
31,DOORDASH,2021-02,OK,92379.63999999998,2979895.27,Third- Party Delivery Services,Restaurant/Grocery/Other Delivery Services
32,UBEREATS,2021-01,HI,13491.589999999997,394572.3300000001,Third- Party Delivery Services,Restaurant/Grocery/Other Delivery Services
33,DOORDASH,2021-01,IL,160151.46,5421774.129999999,Third- Party Delivery Services,Restaurant/Grocery/Other Delivery Services
34,UBEREATS,2021-02,SC,49803.00000000001,1469251.7499999998,Third- Party Delivery Services,Restaurant/Grocery/Other Delivery Services
35,INSTACART,2021-02,HI,5345.480000000001,536865.63,Third- Party Delivery Services,Restaurant/Grocery/Other Delivery Services
36,GRUBHUB.COM,2021-02,NM,10065.329999999998,377028.27,Third- Party Delivery Services,Restaurant/Grocery/Other Delivery Services
37,DOORDASH,2021-01,AL,127379.95,4032058.5300000007,Third- Party Delivery Services,Restaurant/Grocery/Other Delivery Services
38,INSTACART,2021-02,UT,13280.490000000002,1409003.7900000005,Third- Party Delivery Services,Restaurant/Grocery/Other Delivery Services
39,GRUBHUB.COM,2021-01,IL,62283.85999999999,2408086.68,Third- Party Delivery Services,Restaurant/Grocery/Other Delivery Services
40,AMAZON FRESH,2021-02,IL,17763.379999999997,1290735.39,Third- Party Delivery Services,Restaurant/Grocery/Other Delivery Services
41,AMAZON FRESH,2021-02,IA,3001.33,246704.02,Third- Party Delivery Services,Restaurant/Grocery/Other Delivery Services
42,UBEREATS,2021-01,NJ,229186.3,6371088.19,Third- Party Delivery Services,Restaurant/Grocery/Other Delivery Services
43,INSTACART,2021-01,CA,517123.57000000007,51504297.14000001,Third- Party Delivery Services,Restaurant/Grocery/Other Delivery Services
44,UBEREATS,2021-02,ND,5539.62,156703.15,Third- Party Delivery Services,Restaurant/Grocery/Other Delivery Services
45,UBEREATS,2021-02,NE,18016.7,496291.66,Third- Party Delivery Services,Restaurant/Grocery/Other Delivery Services
46,DOORDASH,2021-02,IL,142317.52000000002,4778526.240000001,Third- Party Delivery Services,Restaurant/Grocery/Other Delivery Services
47,DOORDASH,2021-01,AR,24826.330000000005,815857.92,Third- Party Delivery Services,Restaurant/Grocery/Other Delivery Services
48,AMAZON FRESH,2021-01,MA,18128.99,1483979.12,Third- Party Delivery Services,Restaurant/Grocery/Other Delivery Services
49,AMAZON FRESH,2021-02,DE,1334.9400000000005,113033.32,Third- Party Delivery Services,Restaurant/Grocery/Other Delivery Services
50,GRUBHUB.COM,2021-01,NC,52197.85999999999,1932104.98,Third- Party Delivery Services,Restaurant/Grocery/Other Delivery Services
51,INSTACART,2021-02,NJ,47439.14999999999,4988939.69,Third- Party Delivery Services,Restaurant/Grocery/Other Delivery Services
52,GRUBHUB.COM,2021-02,TN,19444.88,701060.1299999999,Third- Party Delivery Services,Restaurant/Grocery/Other Delivery Services
53,GRUBHUB.COM,2021-01,MS,4291.599999999999,142675.11,Third- Party Delivery Services,Restaurant/Grocery/Other Delivery Services
54,GRUBHUB.COM,2021-01,VT,1471.0899999999997,65113.42999999999,Third- Party Delivery Services,Restaurant/Grocery/Other Delivery Services
55,INSTACART,2021-01,WY,1751.6899999999998,183365.28000000003,Third- Party Delivery Services,Restaurant/Grocery/Other Delivery Services
56,INSTACART,2021-02,NC,108608.44,10100498.340000002,Third- Party Delivery Services,Restaurant/Grocery/Other Delivery Services
57,DOORDASH,2021-02,TN,154263.13999999998,4953853.9,Third- Party Delivery Services,Restaurant/Grocery/Other Delivery Services
58,AMAZON FRESH,2021-02,NH,2119.1800000000007,200777.59,Third- Party Delivery Services,Restaurant/Grocery/Other Delivery Services
59,UBEREATS,2021-01,MA,75687.70999999999,2128953.0,Third- Party Delivery Services,Restaurant/Grocery/Other Delivery Services
60,DOORDASH,2021-01,TN,187052.92000000004,6004436.65,Third- Party Delivery Services,Restaurant/Grocery/Other Delivery Services
61,DOORDASH,2021-01,CA,2008936.21,73219750.42,Third- Party Delivery Services,Restaurant/Grocery/Other Delivery Services
62,INSTACART,2021-01,SC,48779.25000000001,4663302.65,Third- Party Delivery Services,Restaurant/Grocery/Other Delivery Services
63,UBEREATS,2021-02,FL,634784.67,18183410.7,Third- Party Delivery Services,Restaurant/Grocery/Other Delivery Services
64,AMAZON FRESH,2021-02,MA,15780.46,1268098.7,Third- Party Delivery Services,Restaurant/Grocery/Other Delivery Services
65,DOORDASH,2021-02,PA,352550.52,12040543.649999997,Third- Party Delivery Services,Restaurant/Grocery/Other Delivery Services
66,GRUBHUB.COM,2021-02,NE,15327.79,563470.3300000002,Third- Party Delivery Services,Restaurant/Grocery/Other Delivery Services
67,UBEREATS,2021-01,VA,171543.22000000006,4956817.180000001,Third- Party Delivery Services,Restaurant/Grocery/Other Delivery Services
68,INSTACART,2021-01,NM,10797.85,1139850.72,Third- Party Delivery Services,Restaurant/Grocery/Other Delivery Services
69,INSTACART,2021-02,MD,58033.91,5446298.75,Third- Party Delivery Services,Restaurant/Grocery/Other Delivery Services
70,GRUBHUB.COM,2021-02,AR,2867.64,106945.9,Third- Party Delivery Services,Restaurant/Grocery/Other Delivery Services
71,GRUBHUB.COM,2021-02,UT,14357.11,523795.29,Third- Party Delivery Services,Restaurant/Grocery/Other Delivery Services
72,INSTACART,2021-01,TX,134235.19999999998,13009356.85,Third- Party Delivery Services,Restaurant/Grocery/Other Delivery Services
73,AMAZON FRESH,2021-02,TN,11018.260000000002,838254.09,Third- Party Delivery Services,Restaurant/Grocery/Other Delivery Services
74,UBEREATS,2021-01,IL,112300.42,3199911.7100000004,Third- Party Delivery Services,Restaurant/Grocery/Other Delivery Services
75,AMAZON FRESH,2021-01,KS,2119.01,156343.05,Third- Party Delivery Services,Restaurant/Grocery/Other Delivery Services
76,AMAZON FRESH,2021-01,TN,14968.680000000002,1138132.7100000002,Third- Party Delivery Services,Restaurant/Grocery/Other Delivery Services
77,DOORDASH,2021-01,NY,287884.28,9581722.28,Third- Party Delivery Services,Restaurant/Grocery/Other Delivery Services
78,UBEREATS,2021-02,WV,4668.379999999999,135649.46000000002,Third- Party Delivery Services,Restaurant/Grocery/Other Delivery Services
79,DOORDASH,2021-02,MN,240976.05000000005,8442146.509999998,Third- Party Delivery Services,Restaurant/Grocery/Other Delivery Services
80,INSTACART,2021-01,NH,7082.180000000001,684250.8699999999,Third- Party Delivery Services,Restaurant/Grocery/Other Delivery Services
81,UBEREATS,2021-02,OR,62014.48999999999,1771333.0700000003,Third- Party Delivery Services,Restaurant/Grocery/Other Delivery Services
82,INSTACART,2021-02,AK,3533.71,418494.82,Third- Party Delivery Services,Restaurant/Grocery/Other Delivery Services
83,DOORDASH,2021-02,OH,125728.85,3961749.67,Third- Party Delivery Services,Restaurant/Grocery/Other Delivery Services
84,INSTACART,2021-02,LA,8550.9,834203.5300000003,Third- Party Delivery Services,Restaurant/Grocery/Other Delivery Services
85,UBEREATS,2021-02,TN,87514.16999999997,2592528.07,Third- Party Delivery Services,Restaurant/Grocery/Other Delivery Services
86,AMAZON FRESH,2021-02,FL,33606.280000000006,2377974.0900000003,Third- Party Delivery Services,Restaurant/Grocery/Other Delivery Services
87,DOORDASH,2021-01,VT,4058.6,151009.52,Third- Party Delivery Services,Restaurant/Grocery/Other Delivery Services
88,GRUBHUB.COM,2021-02,MD,52104.03,1931621.6200000003,Third- Party Delivery Services,Restaurant/Grocery/Other Delivery Services
89,UBEREATS,2021-02,NJ,203387.59,5745272.08,Third- Party Delivery Services,Restaurant/Grocery/Other Delivery Services
90,INSTACART,2021-01,MI,11682.62,1162197.7,Third- Party Delivery Services,Restaurant/Grocery/Other Delivery Services
91,AMAZON FRESH,2021-01,NV,9992.85,688275.0,Third- Party Delivery Services,Restaurant/Grocery/Other Delivery Services
92,UBEREATS,2021-01,AR,7380.48,212632.69000000003,Third- Party Delivery Services,Restaurant/Grocery/Other Delivery Services
93,AMAZON FRESH,2021-02,WV,381.94,36289.75,Third- Party Delivery Services,Restaurant/Grocery/Other Delivery Services
94,INSTACART,2021-01,KY,7320.410000000002,684152.3400000002,Third- Party Delivery Services,Restaurant/Grocery/Other Delivery Services
95,GRUBHUB.COM,2021-01,WY,1672.51,68765.93000000002,Third- Party Delivery Services,Restaurant/Grocery/Other Delivery Services
96,DOORDASH,2021-02,NM,58020.79999999999,1942658.91,Third- Party Delivery Services,Restaurant/Grocery/Other Delivery Services
97,UBEREATS,2021-02,NM,13291.88,367025.63,Third- Party Delivery Services,Restaurant/Grocery/Other Delivery Services
98,UBEREATS,2021-02,CT,95915.43000000002,2957528.8400000003,Third- Party Delivery Services,Restaurant/Grocery/Other Delivery Services
99,DOORDASH,2021-02,ME,14612.010000000002,493430.94,Third- Party Delivery Services,Restaurant/Grocery/Other Delivery Services
100,GRUBHUB.COM,2021-01,WV,4150.43,162292.67999999996,Third- Party Delivery Services,Restaurant/Grocery/Other Delivery Services
101,DOORDASH,2021-01,MI,56996.51999999999,1979343.17,Third- Party Delivery Services,Restaurant/Grocery/Other Delivery Services
102,DOORDASH,2021-02,WY,19110.76,622533.5900000001,Third- Party Delivery Services,Restaurant/Grocery/Other Delivery Services
103,AMAZON FRESH,2021-02,SC,5965.16,462399.2300000001,Third- Party Delivery Services,Restaurant/Grocery/Other Delivery Services
104,GRUBHUB.COM,2021-02,SD,2756.37,82672.37000000001,Third- Party Delivery Services,Restaurant/Grocery/Other Delivery Services
105,GRUBHUB.COM,2021-02,TX,80511.68000000001,2905159.5000000005,Third- Party Delivery Services,Restaurant/Grocery/Other Delivery Services
106,GRUBHUB.COM,2021-02,WY,1387.9799999999996,50804.280000000006,Third- Party Delivery Services,Restaurant/Grocery/Other Delivery Services
107,INSTACART,2021-01,KS,9332.91,924874.15,Third- Party Delivery Services,Restaurant/Grocery/Other Delivery Services
108,UBEREATS,2021-01,ND,5312.240000000002,158401.08,Third- Party Delivery Services,Restaurant/Grocery/Other Delivery Services
109,INSTACART,2021-02,MS,4724.53,439364.0500000001,Third- Party Delivery Services,Restaurant/Grocery/Other Delivery Services
110,AMAZON FRESH,2021-01,NY,61426.05,4649095.01,Third- Party Delivery Services,Restaurant/Grocery/Other Delivery Services
111,DOORDASH,2021-01,OR,160057.69,5336250.87,Third- Party Delivery Services,Restaurant/Grocery/Other Delivery Services
112,AMAZON FRESH,2021-01,KY,1822.8100000000004,146819.71999999997,Third- Party Delivery Services,Restaurant/Grocery/Other Delivery Services
113,DOORDASH,2021-01,PA,418236.78,14201271.130000005,Third- Party Delivery Services,Restaurant/Grocery/Other Delivery Services
114,DOORDASH,2021-02,IN,48119.21,1596729.6000000003,Third- Party Delivery Services,Restaurant/Grocery/Other Delivery Services
115,INSTACART,2021-02,NM,8860.5,904904.9,Third- Party Delivery Services,Restaurant/Grocery/Other Delivery Services
116,GRUBHUB.COM,2021-01,KS,6795.509999999999,263899.4,Third- Party Delivery Services,Restaurant/Grocery/Other Delivery Services
117,INSTACART,2021-01,NY,130876.32,12586644.049999995,Third- Party Delivery Services,Restaurant/Grocery/Other Delivery Services
118,DOORDASH,2021-02,VT,3899.38,142075.84999999998,Third- Party Delivery Services,Restaurant/Grocery/Other Delivery Services
119,INSTACART,2021-01,AK,4257.35,502688.14,Third- Party Delivery Services,Restaurant/Grocery/Other Delivery Services
120,DOORDASH,2021-01,AZ,222217.47,7387314.710000002,Third- Party Delivery Services,Restaurant/Grocery/Other Delivery Services
121,INSTACART,2021-02,WV,5590.219999999999,524639.02,Third- Party Delivery Services,Restaurant/Grocery/Other Delivery Services
122,AMAZON FRESH,2021-01,WV,389.54,39925.56,Third- Party Delivery Services,Restaurant/Grocery/Other Delivery Services
123,DOORDASH,2021-02,MS,38964.17999999999,1192247.2000000002,Third- Party Delivery Services,Restaurant/Grocery/Other Delivery Services
124,INSTACART,2021-02,VT,1918.8900000000003,232274.19,Third- Party Delivery Services,Restaurant/Grocery/Other Delivery Services
125,DOORDASH,2021-02,SD,19639.85000000001,641598.2600000001,Third- Party Delivery Services,Restaurant/Grocery/Other Delivery Services
126,UBEREATS,2021-02,RI,4295.780000000001,120435.29,Third- Party Delivery Services,Restaurant/Grocery/Other Delivery Services
127,GRUBHUB.COM,2021-01,NH,4762.549999999999,167572.95000000004,Third- Party Delivery Services,Restaurant/Grocery/Other Delivery Services
128,UBEREATS,2021-02,VT,2357.380000000001,78664.12,Third- Party Delivery Services,Restaurant/Grocery/Other Delivery Services
129,DOORDASH,2021-01,NC,350921.3,11095474.170000002,Third- Party Delivery Services,Restaurant/Grocery/Other Delivery Services
130,UBEREATS,2021-01,KS,13984.409999999998,391448.03,Third- Party Delivery Services,Restaurant/Grocery/Other Delivery Services
131,GRUBHUB.COM,2021-02,CA,224183.5,8938803.48,Third- Party Delivery Services,Restaurant/Grocery/Other Delivery Services
132,INSTACART,2021-02,AL,28595.370000000003,2799662.77,Third- Party Delivery Services,Restaurant/Grocery/Other Delivery Services
133,INSTACART,2021-02,RI,1555.0000000000002,199604.51,Third- Party Delivery Services,Restaurant/Grocery/Other Delivery Services
134,UBEREATS,2021-01,IA,21998.370000000003,609080.91,Third- Party Delivery Services,Restaurant/Grocery/Other Delivery Services
135,INSTACART,2021-01,MA,30218.669999999995,3140225.77,Third- Party Delivery Services,Restaurant/Grocery/Other Delivery Services
136,UBEREATS,2021-02,IA,19852.4,524647.4100000001,Third- Party Delivery Services,Restaurant/Grocery/Other Delivery Services
137,INSTACART,2021-01,GA,105819.69,10184588.13,Third- Party Delivery Services,Restaurant/Grocery/Other Delivery Services
138,AMAZON FRESH,2021-01,WA,47530.780000000006,3512590.49,Third- Party Delivery Services,Restaurant/Grocery/Other Delivery Services
139,GRUBHUB.COM,2021-02,CO,59575.69,2430359.56,Third- Party Delivery Services,Restaurant/Grocery/Other Delivery Services
140,GRUBHUB.COM,2021-01,GA,41302.35999999999,1463525.3199999996,Third- Party Delivery Services,Restaurant/Grocery/Other Delivery Services
141,INSTACART,2021-02,SD,1978.7700000000004,186306.09000000003,Third- Party Delivery Services,Restaurant/Grocery/Other Delivery Services
142,INSTACART,2021-02,VA,74692.95,7273648.45,Third- Party Delivery Services,Restaurant/Grocery/Other Delivery Services
143,AMAZON FRESH,2021-02,AZ,14175.14,970947.74,Third- Party Delivery Services,Restaurant/Grocery/Other Delivery Services
144,UBEREATS,2021-01,NY,393095.45,11302150.48,Third- Party Delivery Services,Restaurant/Grocery/Other Delivery Services
145,DOORDASH,2021-02,FL,423089.05,13045884.21,Third- Party Delivery Services,Restaurant/Grocery/Other Delivery Services
146,UBEREATS,2021-01,DC,62354.16999999999,1904568.1400000004,Third- Party Delivery Services,Restaurant/Grocery/Other Delivery Services
147,UBEREATS,2021-02,WA,185509.94,6141384.37,Third- Party Delivery Services,Restaurant/Grocery/Other Delivery Services
148,DOORDASH,2021-02,RI,6576.76,234456.35,Third- Party Delivery Services,Restaurant/Grocery/Other Delivery Services
149,GRUBHUB.COM,2021-02,KS,6788.989999999999,261399.4100000001,Third- Party Delivery Services,Restaurant/Grocery/Other Delivery Services
150,UBEREATS,2021-01,MD,145136.62999999998,4319808.74,Third- Party Delivery Services,Restaurant/Grocery/Other Delivery Services
151,GRUBHUB.COM,2021-02,VT,1551.57,63210.2,Third- Party Delivery Services,Restaurant/Grocery/Other Delivery Services
152,GRUBHUB.COM,2021-01,NM,11385.21,435439.07000000007,Third- Party Delivery Services,Restaurant/Grocery/Other Delivery Services
153,INSTACART,2021-01,NC,123881.72,11733978.56,Third- Party Delivery Services,Restaurant/Grocery/Other Delivery Services
154,INSTACART,2021-01,OK,13346.03,1245329.34,Third- Party Delivery Services,Restaurant/Grocery/Other Delivery Services
155,GRUBHUB.COM,2021-02,MN,25428.82,980970.47,Third- Party Delivery Services,Restaurant/Grocery/Other Delivery Services
156,INSTACART,2021-02,MO,15413.31,1495694.59,Third- Party Delivery Services,Restaurant/Grocery/Other Delivery Services
157,DOORDASH,2021-02,TX,739030.1000000002,23861145.430000003,Third- Party Delivery Services,Restaurant/Grocery/Other Delivery Services
158,UBEREATS,2021-01,CT,111303.56,3470205.2600000007,Third- Party Delivery Services,Restaurant/Grocery/Other Delivery Services
159,INSTACART,2021-02,GA,93345.27,8741891.939999998,Third- Party Delivery Services,Restaurant/Grocery/Other Delivery Services
160,AMAZON FRESH,2021-01,IA,3345.1900000000005,263851.2,Third- Party Delivery Services,Restaurant/Grocery/Other Delivery Services
161,DOORDASH,2021-01,FL,450219.59,13995522.079999998,Third- Party Delivery Services,Restaurant/Grocery/Other Delivery Services
162,GRUBHUB.COM,2021-01,AR,2795.17,109527.66,Third- Party Delivery Services,Restaurant/Grocery/Other Delivery Services
163,AMAZON FRESH,2021-02,ID,1642.7300000000002,133745.82999999996,Third- Party Delivery Services,Restaurant/Grocery/Other Delivery Services
164,INSTACART,2021-02,CA,415991.63,41827427.47999999,Third- Party Delivery Services,Restaurant/Grocery/Other Delivery Services
165,INSTACART,2021-01,IA,14269.350000000006,1274331.9600000002,Third- Party Delivery Services,Restaurant/Grocery/Other Delivery Services
166,AMAZON FRESH,2021-01,VT,1003.73,88687.45,Third- Party Delivery Services,Restaurant/Grocery/Other Delivery Services
167,UBEREATS,2021-02,GA,239113.55,6999612.339999999,Third- Party Delivery Services,Restaurant/Grocery/Other Delivery Services
168,DOORDASH,2021-02,AL,114681.66,3607766.76,Third- Party Delivery Services,Restaurant/Grocery/Other Delivery Services
169,INSTACART,2021-02,MT,5056.91,556233.72,Third- Party Delivery Services,Restaurant/Grocery/Other Delivery Services
170,DOORDASH,2021-02,AR,21249.71,695660.1700000002,Third- Party Delivery Services,Restaurant/Grocery/Other Delivery Services
171,GRUBHUB.COM,2021-01,CA,259955.8,10486260.200000005,Third- Party Delivery Services,Restaurant/Grocery/Other Delivery Services
172,GRUBHUB.COM,2021-02,NC,50333.7,1801839.64,Third- Party Delivery Services,Restaurant/Grocery/Other Delivery Services
173,AMAZON FRESH,2021-01,DE,1568.0899999999997,128647.36000000002,Third- Party Delivery Services,Restaurant/Grocery/Other Delivery Services
174,DOORDASH,2021-02,NC,337125.82,10594127.17,Third- Party Delivery Services,Restaurant/Grocery/Other Delivery Services
175,UBEREATS,2021-01,CA,630483.2800000001,19743196.68,Third- Party Delivery Services,Restaurant/Grocery/Other Delivery Services
176,AMAZON FRESH,2021-02,OK,1725.1700000000003,130866.76,Third- Party Delivery Services,Restaurant/Grocery/Other Delivery Services
177,DOORDASH,2021-02,WI,115560.38999999998,3786400.43,Third- Party Delivery Services,Restaurant/Grocery/Other Delivery Services
178,DOORDASH,2021-01,NJ,282903.39000000013,9607757.670000002,Third- Party Delivery Services,Restaurant/Grocery/Other Delivery Services
179,AMAZON FRESH,2021-01,NC,30413.869999999995,2271121.84,Third- Party Delivery Services,Restaurant/Grocery/Other Delivery Services
180,GRUBHUB.COM,2021-02,ME,2493.24,101422.74000000002,Third- Party Delivery Services,Restaurant/Grocery/Other Delivery Services
181,INSTACART,2021-02,CT,32528.04,3341880.23,Third- Party Delivery Services,Restaurant/Grocery/Other Delivery Services
182,AMAZON FRESH,2021-02,TX,50721.85999999998,3504575.44,Third- Party Delivery Services,Restaurant/Grocery/Other Delivery Services
183,AMAZON FRESH,2021-02,CO,23699.800000000007,1980092.1100000003,Third- Party Delivery Services,Restaurant/Grocery/Other Delivery Services
184,DOORDASH,2021-02,KS,56808.26,1789233.9800000004,Third- Party Delivery Services,Restaurant/Grocery/Other Delivery Services
185,UBEREATS,2021-02,MI,20104.41,600131.89,Third- Party Delivery Services,Restaurant/Grocery/Other Delivery Services
186,INSTACART,2021-02,MA,26132.67,2700869.68,Third- Party Delivery Services,Restaurant/Grocery/Other Delivery Services
187,UBEREATS,2021-02,KS,13192.630000000005,362535.82,Third- Party Delivery Services,Restaurant/Grocery/Other Delivery Services
188,GRUBHUB.COM,2021-02,LA,4933.569999999999,171868.03000000003,Third- Party Delivery Services,Restaurant/Grocery/Other Delivery Services
189,DOORDASH,2021-02,KY,51949.28999999999,1590593.5299999998,Third- Party Delivery Services,Restaurant/Grocery/Other Delivery Services
190,AMAZON FRESH,2021-02,WI,7795.54,566131.4299999999,Third- Party Delivery Services,Restaurant/Grocery/Other Delivery Services
191,AMAZON FRESH,2021-02,OH,5282.839999999998,406105.3599999999,Third- Party Delivery Services,Restaurant/Grocery/Other Delivery Services
192,GRUBHUB.COM,2021-01,HI,3523.9999999999995,142033.19999999998,Third- Party Delivery Services,Restaurant/Grocery/Other Delivery Services
193,UBEREATS,2021-01,CO,92017.85,2739742.6500000004,Third- Party Delivery Services,Restaurant/Grocery/Other Delivery Services
194,GRUBHUB.COM,2021-02,ND,1785.4800000000002,66050.80999999998,Third- Party Delivery Services,Restaurant/Grocery/Other Delivery Services
195,INSTACART,2021-01,NJ,55542.95,6007934.679999999,Third- Party Delivery Services,Restaurant/Grocery/Other Delivery Services
196,INSTACART,2021-02,MI,9995.71,1001788.5299999998,Third- Party Delivery Services,Restaurant/Grocery/Other Delivery Services
197,AMAZON FRESH,2021-01,VA,28034.79,2122864.24,Third- Party Delivery Services,Restaurant/Grocery/Other Delivery Services
198,AMAZON FRESH,2021-01,AK,370.83,28384.58,Third- Party Delivery Services,Restaurant/Grocery/Other Delivery Services
199,GRUBHUB.COM,2021-02,IN,9575.31,316967.27,Third- Party Delivery Services,Restaurant/Grocery/Other Delivery Services
200,DOORDASH,2021-02,NH,34301.829999999994,1159946.41,Third- Party Delivery Services,Restaurant/Grocery/Other Delivery Services
201,DOORDASH,2021-02,ID,57479.26,1798903.44,Third- Party Delivery Services,Restaurant/Grocery/Other Delivery Services
202,DOORDASH,2021-02,MT,33837.91999999999,1068765.33,Third- Party Delivery Services,Restaurant/Grocery/Other Delivery Services
203,INSTACART,2021-02,TN,38674.35999999999,3706139.51,Third- Party Delivery Services,Restaurant/Grocery/Other Delivery Services
204,UBEREATS,2021-02,WY,2735.65,81239.66000000002,Third- Party Delivery Services,Restaurant/Grocery/Other Delivery Services
205,AMAZON FRESH,2021-01,FL,37902.64000000001,2659807.64,Third- Party Delivery Services,Restaurant/Grocery/Other Delivery Services
206,INSTACART,2021-01,IL,48000.13000000002,4450505.27,Third- Party Delivery Services,Restaurant/Grocery/Other Delivery Services
207,DOORDASH,2021-01,CT,73071.05,2462488.2,Third- Party Delivery Services,Restaurant/Grocery/Other Delivery Services
208,AMAZON FRESH,2021-02,GA,18876.610000000004,1270027.4,Third- Party Delivery Services,Restaurant/Grocery/Other Delivery Services
209,GRUBHUB.COM,2021-02,DE,5759.679999999999,203564.44,Third- Party Delivery Services,Restaurant/Grocery/Other Delivery Services
210,DOORDASH,2021-01,UT,157262.47,4764869.829999999,Third- Party Delivery Services,Restaurant/Grocery/Other Delivery Services
211,DOORDASH,2021-02,AK,26020.51,916291.9500000002,Third- Party Delivery Services,Restaurant/Grocery/Other Delivery Services
212,DOORDASH,2021-01,NM,63166.22000000001,2153824.89,Third- Party Delivery Services,Restaurant/Grocery/Other Delivery Services
213,GRUBHUB.COM,2021-02,IL,57699.90000000001,2198343.41,Third- Party Delivery Services,Restaurant/Grocery/Other Delivery Services
214,INSTACART,2021-02,OH,19415.119999999995,1699517.8200000003,Third- Party Delivery Services,Restaurant/Grocery/Other Delivery Services
215,DOORDASH,2021-02,LA,38263.5,1196734.2400000002,Third- Party Delivery Services,Restaurant/Grocery/Other Delivery Services
216,UBEREATS,2021-01,PA,188055.58,5410177.5600000005,Third- Party Delivery Services,Restaurant/Grocery/Other Delivery Services
217,INSTACART,2021-01,WV,6557.050000000001,615379.4399999998,Third- Party Delivery Services,Restaurant/Grocery/Other Delivery Services
218,DOORDASH,2021-01,WV,40039.779999999984,1358756.78,Third- Party Delivery Services,Restaurant/Grocery/Other Delivery Services
219,GRUBHUB.COM,2021-02,MT,2609.9,94428.39000000004,Third- Party Delivery Services,Restaurant/Grocery/Other Delivery Services
220,UBEREATS,2021-02,AZ,118765.18000000002,3294514.789999999,Third- Party Delivery Services,Restaurant/Grocery/Other Delivery Services
221,AMAZON FRESH,2021-02,CT,8623.2,794850.3999999999,Third- Party Delivery Services,Restaurant/Grocery/Other Delivery Services
222,DOORDASH,2021-01,WY,19441.76,665601.23,Third- Party Delivery Services,Restaurant/Grocery/Other Delivery Services
223,AMAZON FRESH,2021-01,RI,1939.4000000000003,184397.71,Third- Party Delivery Services,Restaurant/Grocery/Other Delivery Services
224,AMAZON FRESH,2021-01,MI,5303.030000000001,412938.2899999999,Third- Party Delivery Services,Restaurant/Grocery/Other Delivery Services
225,INSTACART,2021-01,SD,2321.7,225994.69000000003,Third- Party Delivery Services,Restaurant/Grocery/Other Delivery Services
226,DOORDASH,2021-01,NH,36337.02,1228378.89,Third- Party Delivery Services,Restaurant/Grocery/Other Delivery Services
227,INSTACART,2021-01,ME,3191.55,336676.99,Third- Party Delivery Services,Restaurant/Grocery/Other Delivery Services
228,UBEREATS,2021-01,AK,3322.11,96585.35,Third- Party Delivery Services,Restaurant/Grocery/Other Delivery Services
229,INSTACART,2021-02,ME,2554.28,274034.82,Third- Party Delivery Services,Restaurant/Grocery/Other Delivery Services
230,INSTACART,2021-02,NE,9281.69,855851.35,Third- Party Delivery Services,Restaurant/Grocery/Other Delivery Services
231,DOORDASH,2021-02,VA,296421.73,9694492.02,Third- Party Delivery Services,Restaurant/Grocery/Other Delivery Services
232,GRUBHUB.COM,2021-02,FL,51150.74,1770998.81,Third- Party Delivery Services,Restaurant/Grocery/Other Delivery Services
233,UBEREATS,2021-02,NC,103419.86000000002,2832294.27,Third- Party Delivery Services,Restaurant/Grocery/Other Delivery Services
234,GRUBHUB.COM,2021-02,AL,11324.77,370161.5,Third- Party Delivery Services,Restaurant/Grocery/Other Delivery Services
235,UBEREATS,2021-01,OH,38867.84,1091570.9700000002,Third- Party Delivery Services,Restaurant/Grocery/Other Delivery Services
236,DOORDASH,2021-01,ND,24183.09,781755.5700000001,Third- Party Delivery Services,Restaurant/Grocery/Other Delivery Services
237,DOORDASH,2021-02,ND,23331.35,760208.1000000001,Third- Party Delivery Services,Restaurant/Grocery/Other Delivery Services
238,DOORDASH,2021-02,MD,213011.12,7177451.2700000005,Third- Party Delivery Services,Restaurant/Grocery/Other Delivery Services
239,INSTACART,2021-02,CO,34306.06,3544138.3300000005,Third- Party Delivery Services,Restaurant/Grocery/Other Delivery Services
240,INSTACART,2021-01,TN,45852.3,4530541.329999999,Third- Party Delivery Services,Restaurant/Grocery/Other Delivery Services
241,AMAZON FRESH,2021-01,CT,10223.48,962506.22,Third- Party Delivery Services,Restaurant/Grocery/Other Delivery Services
242,INSTACART,2021-01,FL,219821.23,21477326.840000004,Third- Party Delivery Services,Restaurant/Grocery/Other Delivery Services
243,UBEREATS,2021-01,NM,13990.350000000004,385784.5799999999,Third- Party Delivery Services,Restaurant/Grocery/Other Delivery Services
244,UBEREATS,2021-01,NE,16213.839999999997,455418.34,Third- Party Delivery Services,Restaurant/Grocery/Other Delivery Services
245,AMAZON FRESH,2021-01,NE,3104.4400000000005,267878.02,Third- Party Delivery Services,Restaurant/Grocery/Other Delivery Services
246,AMAZON FRESH,2021-01,CO,26476.04,2258320.96,Third- Party Delivery Services,Restaurant/Grocery/Other Delivery Services
247,DOORDASH,2021-02,MA,69862.06,2475590.4800000004,Third- Party Delivery Services,Restaurant/Grocery/Other Delivery Services
248,INSTACART,2021-01,OH,21073.070000000003,1977809.33,Third- Party Delivery Services,Restaurant/Grocery/Other Delivery Services
249,AMAZON FRESH,2021-01,LA,2405.49,191317.44999999995,Third- Party Delivery Services,Restaurant/Grocery/Other Delivery Services
250,UBEREATS,2021-02,NV,67850.37000000001,1904605.7,Third- Party Delivery Services,Restaurant/Grocery/Other Delivery Services
251,GRUBHUB.COM,2021-02,NV,20436.22,794176.07,Third- Party Delivery Services,Restaurant/Grocery/Other Delivery Services
252,UBEREATS,2021-02,CA,594477.1400000001,18292515.32,Third- Party Delivery Services,Restaurant/Grocery/Other Delivery Services
253,UBEREATS,2021-02,KY,9749.03,279456.14,Third- Party Delivery Services,Restaurant/Grocery/Other Delivery Services
254,AMAZON FRESH,2021-02,NY,50820.76000000001,4005767.73,Third- Party Delivery Services,Restaurant/Grocery/Other Delivery Services
255,INSTACART,2021-01,AZ,48479.49999999999,4857905.65,Third- Party Delivery Services,Restaurant/Grocery/Other Delivery Services
256,INSTACART,2021-01,PA,94848.41,9594288.459999995,Third- Party Delivery Services,Restaurant/Grocery/Other Delivery Services
257,INSTACART,2021-01,HI,5770.290000000002,591655.9900000001,Third- Party Delivery Services,Restaurant/Grocery/Other Delivery Services
258,DOORDASH,2021-01,IN,51457.64,1711224.7199999995,Third- Party Delivery Services,Restaurant/Grocery/Other Delivery Services
259,UBEREATS,2021-02,OH,35366.11,996968.6199999998,Third- Party Delivery Services,Restaurant/Grocery/Other Delivery Services
260,DOORDASH,2021-01,MA,74568.59999999999,2656271.86,Third- Party Delivery Services,Restaurant/Grocery/Other Delivery Services
261,GRUBHUB.COM,2021-01,DE,6790.54,240786.75,Third- Party Delivery Services,Restaurant/Grocery/Other Delivery Services
262,GRUBHUB.COM,2021-02,NJ,71097.45999999999,2630898.849999999,Third- Party Delivery Services,Restaurant/Grocery/Other Delivery Services
263,INSTACART,2021-02,KY,6898.420000000001,616173.0900000001,Third- Party Delivery Services,Restaurant/Grocery/Other Delivery Services
264,GRUBHUB.COM,2021-01,IA,19955.8,751534.41,Third- Party Delivery Services,Restaurant/Grocery/Other Delivery Services
265,INSTACART,2021-01,AL,32534.24,3251238.6500000004,Third- Party Delivery Services,Restaurant/Grocery/Other Delivery Services
266,GRUBHUB.COM,2021-01,MO,9670.049999999996,366057.02,Third- Party Delivery Services,Restaurant/Grocery/Other Delivery Services
267,INSTACART,2021-01,OR,38040.26,4169027.87,Third- Party Delivery Services,Restaurant/Grocery/Other Delivery Services
268,AMAZON FRESH,2021-01,PA,33575.469999999994,2718024.17,Third- Party Delivery Services,Restaurant/Grocery/Other Delivery Services
269,AMAZON FRESH,2021-01,AZ,17603.149999999998,1185196.16,Third- Party Delivery Services,Restaurant/Grocery/Other Delivery Services
270,INSTACART,2021-01,DE,8625.21,879646.31,Third- Party Delivery Services,Restaurant/Grocery/Other Delivery Services
271,DOORDASH,2021-01,WI,125742.58,4123576.4499999993,Third- Party Delivery Services,Restaurant/Grocery/Other Delivery Services
272,GRUBHUB.COM,2021-02,SC,12074.919999999998,431554.63,Third- Party Delivery Services,Restaurant/Grocery/Other Delivery Services
273,DOORDASH,2021-01,NV,95192.69,3260295.710000001,Third- Party Delivery Services,Restaurant/Grocery/Other Delivery Services
274,GRUBHUB.COM,2021-01,FL,54289.18000000002,1908659.39,Third- Party Delivery Services,Restaurant/Grocery/Other Delivery Services
275,AMAZON FRESH,2021-02,NJ,21092.59,1645827.8399999996,Third- Party Delivery Services,Restaurant/Grocery/Other Delivery Services
276,INSTACART,2021-01,DC,12177.91,1152990.4599999995,Third- Party Delivery Services,Restaurant/Grocery/Other Delivery Services
277,UBEREATS,2021-02,AL,21786.42000000001,617791.3500000001,Third- Party Delivery Services,Restaurant/Grocery/Other Delivery Services
278,AMAZON FRESH,2021-01,MO,2802.22,207096.33,Third- Party Delivery Services,Restaurant/Grocery/Other Delivery Services
279,GRUBHUB.COM,2021-01,DC,10912.86,419488.6,Third- Party Delivery Services,Restaurant/Grocery/Other Delivery Services
280,UBEREATS,2021-01,MI,21953.29,664733.8299999998,Third- Party Delivery Services,Restaurant/Grocery/Other Delivery Services
281,AMAZON FRESH,2021-02,UT,2796.05,234109.47,Third- Party Delivery Services,Restaurant/Grocery/Other Delivery Services
282,UBEREATS,2021-01,MS,11442.13,319255.25,Third- Party Delivery Services,Restaurant/Grocery/Other Delivery Services
283,UBEREATS,2021-01,TN,107465.88,3152354.43,Third- Party Delivery Services,Restaurant/Grocery/Other Delivery Services
284,UBEREATS,2021-02,SD,2786.459999999999,79654.70999999999,Third- Party Delivery Services,Restaurant/Grocery/Other Delivery Services
285,GRUBHUB.COM,2021-02,GA,38548.87000000001,1344140.97,Third- Party Delivery Services,Restaurant/Grocery/Other Delivery Services
286,GRUBHUB.COM,2021-01,KY,4877.7,177576.05000000002,Third- Party Delivery Services,Restaurant/Grocery/Other Delivery Services
287,GRUBHUB.COM,2021-01,MA,37591.97,1401862.93,Third- Party Delivery Services,Restaurant/Grocery/Other Delivery Services
288,UBEREATS,2021-02,IL,107460.63,3073523.32,Third- Party Delivery Services,Restaurant/Grocery/Other Delivery Services
289,AMAZON FRESH,2021-01,OK,2514.19,174382.01000000004,Third- Party Delivery Services,Restaurant/Grocery/Other Delivery Services
290,AMAZON FRESH,2021-01,MS,1144.43,84544.76,Third- Party Delivery Services,Restaurant/Grocery/Other Delivery Services
291,GRUBHUB.COM,2021-01,OH,14396.97,524404.6799999999,Third- Party Delivery Services,Restaurant/Grocery/Other Delivery Services
292,GRUBHUB.COM,2021-02,OK,8561.949999999997,314798.59,Third- Party Delivery Services,Restaurant/Grocery/Other Delivery Services
293,UBEREATS,2021-01,DE,8075.919999999999,223476.0300000001,Third- Party Delivery Services,Restaurant/Grocery/Other Delivery Services
294,INSTACART,2021-01,ND,4113.1,409426.52,Third- Party Delivery Services,Restaurant/Grocery/Other Delivery Services
295,DOORDASH,2021-01,SD,20596.09,688190.5200000003,Third- Party Delivery Services,Restaurant/Grocery/Other Delivery Services
296,INSTACART,2021-02,DE,7073.849999999999,728329.2800000001,Third- Party Delivery Services,Restaurant/Grocery/Other Delivery Services
297,INSTACART,2021-02,AR,4122.999999999999,368869.23999999993,Third- Party Delivery Services,Restaurant/Grocery/Other Delivery Services
298,GRUBHUB.COM,2021-02,OH,13578.270000000002,471650.01000000007,Third- Party Delivery Services,Restaurant/Grocery/Other Delivery Services
299,INSTACART,2021-02,OR,32441.029999999995,3538175.02,Third- Party Delivery Services,Restaurant/Grocery/Other Delivery Services
300,DOORDASH,2021-01,KS,60269.42,1956881.8400000008,Third- Party Delivery Services,Restaurant/Grocery/Other Delivery Services
301,GRUBHUB.COM,2021-01,MT,2705.71,98425.55,Third- Party Delivery Services,Restaurant/Grocery/Other Delivery Services
302,UBEREATS,2021-01,MT,14901.099999999997,445730.77,Third- Party Delivery Services,Restaurant/Grocery/Other Delivery Services
303,AMAZON FRESH,2021-01,SC,6807.679999999999,523786.95,Third- Party Delivery Services,Restaurant/Grocery/Other Delivery Services
304,GRUBHUB.COM,2021-01,ND,1891.52,74620.04,Third- Party Delivery Services,Restaurant/Grocery/Other Delivery Services
305,AMAZON FRESH,2021-02,NE,2688.05,233730.39000000004,Third- Party Delivery Services,Restaurant/Grocery/Other Delivery Services
306,UBEREATS,2021-01,MN,44476.06999999999,1232636.1599999997,Third- Party Delivery Services,Restaurant/Grocery/Other Delivery Services
307,GRUBHUB.COM,2021-02,RI,4072.100000000001,139440.15000000002,Third- Party Delivery Services,Restaurant/Grocery/Other Delivery Services
308,UBEREATS,2021-01,ID,20804.16,601075.87,Third- Party Delivery Services,Restaurant/Grocery/Other Delivery Services
309,GRUBHUB.COM,2021-01,OR,56822.73,2165909.24,Third- Party Delivery Services,Restaurant/Grocery/Other Delivery Services
310,INSTACART,2021-02,WI,31872.42,2914123.51,Third- Party Delivery Services,Restaurant/Grocery/Other Delivery Services
311,GRUBHUB.COM,2021-02,OR,46245.44,1742212.9,Third- Party Delivery Services,Restaurant/Grocery/Other Delivery Services
312,INSTACART,2021-01,NE,10560.33,1019881.46,Third- Party Delivery Services,Restaurant/Grocery/Other Delivery Services
313,DOORDASH,2021-02,WV,37379.81,1238911.2999999998,Third- Party Delivery Services,Restaurant/Grocery/Other Delivery Services
314,UBEREATS,2021-01,AZ,123608.34999999998,3483765.6,Third- Party Delivery Services,Restaurant/Grocery/Other Delivery Services
315,DOORDASH,2021-01,IA,103705.75999999998,3294083.87,Third- Party Delivery Services,Restaurant/Grocery/Other Delivery Services
316,INSTACART,2021-01,AR,4721.86,432104.47,Third- Party Delivery Services,Restaurant/Grocery/Other Delivery Services
317,GRUBHUB.COM,2021-01,CT,35367.840000000004,1341820.48,Third- Party Delivery Services,Restaurant/Grocery/Other Delivery Services
318,AMAZON FRESH,2021-01,NH,2382.1,220887.31,Third- Party Delivery Services,Restaurant/Grocery/Other Delivery Services
319,UBEREATS,2021-01,NH,5475.62,161505.6,Third- Party Delivery Services,Restaurant/Grocery/Other Delivery Services
320,INSTACART,2021-01,WI,32846.24999999999,3112232.57,Third- Party Delivery Services,Restaurant/Grocery/Other Delivery Services
321,INSTACART,2021-02,KS,8372.59,803821.6400000002,Third- Party Delivery Services,Restaurant/Grocery/Other Delivery Services
322,UBEREATS,2021-02,NH,5562.510000000001,167494.2,Third- Party Delivery Services,Restaurant/Grocery/Other Delivery Services
323,DOORDASH,2021-01,OK,117830.53999999998,3822234.3,Third- Party Delivery Services,Restaurant/Grocery/Other Delivery Services
324,INSTACART,2021-02,ND,3602.2499999999995,362498.45,Third- Party Delivery Services,Restaurant/Grocery/Other Delivery Services
325,UBEREATS,2021-02,LA,16704.19,529634.1799999999,Third- Party Delivery Services,Restaurant/Grocery/Other Delivery Services
326,DOORDASH,2021-02,NV,87620.01,2947719.630000001,Third- Party Delivery Services,Restaurant/Grocery/Other Delivery Services
327,GRUBHUB.COM,2021-01,IN,10505.759999999998,372051.2800000001,Third- Party Delivery Services,Restaurant/Grocery/Other Delivery Services
328,INSTACART,2021-01,MN,86859.51000000001,8804543.540000001,Third- Party Delivery Services,Restaurant/Grocery/Other Delivery Services
329,GRUBHUB.COM,2021-02,MS,3416.8400000000006,115103.83,Third- Party Delivery Services,Restaurant/Grocery/Other Delivery Services
330,GRUBHUB.COM,2021-01,NY,168864.27,6151785.570000002,Third- Party Delivery Services,Restaurant/Grocery/Other Delivery Services
331,GRUBHUB.COM,2021-02,WI,22820.09999999999,816872.17,Third- Party Delivery Services,Restaurant/Grocery/Other Delivery Services
332,UBEREATS,2021-02,PA,163878.14999999997,4660496.34,Third- Party Delivery Services,Restaurant/Grocery/Other Delivery Services
333,GRUBHUB.COM,2021-02,AZ,32367.120000000003,1172826.0399999998,Third- Party Delivery Services,Restaurant/Grocery/Other Delivery Services
334,INSTACART,2021-01,NV,19821.160000000003,1884715.82,Third- Party Delivery Services,Restaurant/Grocery/Other Delivery Services
335,INSTACART,2021-01,RI,2188.3,272225.66000000003,Third- Party Delivery Services,Restaurant/Grocery/Other Delivery Services
336,GRUBHUB.COM,2021-02,VA,62607.67000000001,2250846.1,Third- Party Delivery Services,Restaurant/Grocery/Other Delivery Services
337,UBEREATS,2021-01,TX,642812.4300000003,17933634.779999997,Third- Party Delivery Services,Restaurant/Grocery/Other Delivery Services
338,DOORDASH,2021-02,WA,276711.21,10062680.680000002,Third- Party Delivery Services,Restaurant/Grocery/Other Delivery Services
339,INSTACART,2021-02,TX,113509.15,10571170.38,Third- Party Delivery Services,Restaurant/Grocery/Other Delivery Services
340,UBEREATS,2021-02,MA,70154.12999999999,2057453.29,Third- Party Delivery Services,Restaurant/Grocery/Other Delivery Services
341,GRUBHUB.COM,2021-01,CO,65722.89,2720112.03,Third- Party Delivery Services,Restaurant/Grocery/Other Delivery Services
342,GRUBHUB.COM,2021-01,ID,6356.72,231921.70000000007,Third- Party Delivery Services,Restaurant/Grocery/Other Delivery Services
343,AMAZON FRESH,2021-02,WY,256.55,17978.65,Third- Party Delivery Services,Restaurant/Grocery/Other Delivery Services
344,GRUBHUB.COM,2021-01,AZ,36104.2,1360802.46,Third- Party Delivery Services,Restaurant/Grocery/Other Delivery Services
345,DOORDASH,2021-01,OH,137453.68,4316872.389999999,Third- Party Delivery Services,Restaurant/Grocery/Other Delivery Services
346,DOORDASH,2021-01,MD,233950.91,7819094.340000001,Third- Party Delivery Services,Restaurant/Grocery/Other Delivery Services
347,DOORDASH,2021-01,DC,34006.97,1180962.4899999998,Third- Party Delivery Services,Restaurant/Grocery/Other Delivery Services
348,AMAZON FRESH,2021-01,AL,3435.190000000001,248940.44,Third- Party Delivery Services,Restaurant/Grocery/Other Delivery Services
349,INSTACART,2021-01,VT,2619.070000000001,292817.5,Third- Party Delivery Services,Restaurant/Grocery/Other Delivery Services
350,UBEREATS,2021-01,NV,70085.37,1976039.99,Third- Party Delivery Services,Restaurant/Grocery/Other Delivery Services
351,DOORDASH,2021-01,MN,263655.0299999999,9211211.3,Third- Party Delivery Services,Restaurant/Grocery/Other Delivery Services
352,GRUBHUB.COM,2021-01,RI,4175.409999999999,155397.24,Third- Party Delivery Services,Restaurant/Grocery/Other Delivery Services
353,DOORDASH,2021-01,RI,7137.089999999999,261410.96,Third- Party Delivery Services,Restaurant/Grocery/Other Delivery Services
354,UBEREATS,2021-01,SC,52446.48,1585757.7999999998,Third- Party Delivery Services,Restaurant/Grocery/Other Delivery Services
355,GRUBHUB.COM,2021-01,TN,22368.040000000005,818410.5299999999,Third- Party Delivery Services,Restaurant/Grocery/Other Delivery Services
356,INSTACART,2021-02,OK,12066.499999999998,1084959.12,Third- Party Delivery Services,Restaurant/Grocery/Other Delivery Services
357,UBEREATS,2021-02,AR,6809.24,195529.33,Third- Party Delivery Services,Restaurant/Grocery/Other Delivery Services
358,DOORDASH,2021-01,TX,948707.79,30921650.35,Third- Party Delivery Services,Restaurant/Grocery/Other Delivery Services
359,INSTACART,2021-02,IN,11824.899999999998,1068267.8,Third- Party Delivery Services,Restaurant/Grocery/Other Delivery Services
360,UBEREATS,2021-02,ME,4729.64,138973.61000000002,Third- Party Delivery Services,Restaurant/Grocery/Other Delivery Services
361,INSTACART,2021-01,CO,37483.91000000001,4057014.170000001,Third- Party Delivery Services,Restaurant/Grocery/Other Delivery Services
362,DOORDASH,2021-02,DE,39553.29999999999,1285928.59,Third- Party Delivery Services,Restaurant/Grocery/Other Delivery Services
363,AMAZON FRESH,2021-01,ND,127.63999999999996,7595.320000000001,Third- Party Delivery Services,Restaurant/Grocery/Other Delivery Services
364,AMAZON FRESH,2021-02,MD,19855.450000000004,1441196.24,Third- Party Delivery Services,Restaurant/Grocery/Other Delivery Services
365,GRUBHUB.COM,2021-01,AK,3773.59,162713.81000000003,Third- Party Delivery Services,Restaurant/Grocery/Other Delivery Services
366,AMAZON FRESH,2021-02,NC,28039.209999999992,2057123.16,Third- Party Delivery Services,Restaurant/Grocery/Other Delivery Services
367,INSTACART,2021-02,AZ,41935.25,4088790.14,Third- Party Delivery Services,Restaurant/Grocery/Other Delivery Services
368,INSTACART,2021-02,ID,6910.01,740848.7999999998,Third- Party Delivery Services,Restaurant/Grocery/Other Delivery Services
369,AMAZON FRESH,2021-01,IL,18879.54,1434024.6699999997,Third- Party Delivery Services,Restaurant/Grocery/Other Delivery Services
370,DOORDASH,2021-02,AZ,210278.3,6862692.359999998,Third- Party Delivery Services,Restaurant/Grocery/Other Delivery Services
371,DOORDASH,2021-01,CO,242071.75,8363869.909999997,Third- Party Delivery Services,Restaurant/Grocery/Other Delivery Services
372,DOORDASH,2021-01,GA,321494.95000000007,10142199.47,Third- Party Delivery Services,Restaurant/Grocery/Other Delivery Services
373,UBEREATS,2021-02,WI,35736.31,968259.43,Third- Party Delivery Services,Restaurant/Grocery/Other Delivery Services
374,UBEREATS,2021-01,OK,20183.42,542328.11,Third- Party Delivery Services,Restaurant/Grocery/Other Delivery Services
375,INSTACART,2021-01,MO,17051.85,1692047.200000001,Third- Party Delivery Services,Restaurant/Grocery/Other Delivery Services
376,GRUBHUB.COM,2021-02,WV,3447.0199999999995,139694.78,Third- Party Delivery Services,Restaurant/Grocery/Other Delivery Services
377,DOORDASH,2021-01,VA,323654.3400000001,10591307.23,Third- Party Delivery Services,Restaurant/Grocery/Other Delivery Services
378,AMAZON FRESH,2021-02,NM,2687.7100000000005,251379.55,Third- Party Delivery Services,Restaurant/Grocery/Other Delivery Services
379,AMAZON FRESH,2021-01,OR,16180.020000000002,1247077.72,Third- Party Delivery Services,Restaurant/Grocery/Other Delivery Services
380,UBEREATS,2021-01,WI,36775.06,1006651.4499999998,Third- Party Delivery Services,Restaurant/Grocery/Other Delivery Services
381,AMAZON FRESH,2021-02,MI,4352.02,339118.5799999999,Third- Party Delivery Services,Restaurant/Grocery/Other Delivery Services
382,AMAZON FRESH,2021-01,DC,10834.590000000002,782696.4700000002,Third- Party Delivery Services,Restaurant/Grocery/Other Delivery Services
383,DOORDASH,2021-02,CT,67089.6,2229397.85,Third- Party Delivery Services,Restaurant/Grocery/Other Delivery Services
384,AMAZON FRESH,2021-01,HI,2066.67,167353.56,Third- Party Delivery Services,Restaurant/Grocery/Other Delivery Services
385,AMAZON FRESH,2021-02,WA,38821.41,2843103.7,Third- Party Delivery Services,Restaurant/Grocery/Other Delivery Services
386,INSTACART,2021-02,WA,58284.81,6569069.84,Third- Party Delivery Services,Restaurant/Grocery/Other Delivery Services
387,GRUBHUB.COM,2021-01,NJ,78437.67999999998,2915588.2400000007,Third- Party Delivery Services,Restaurant/Grocery/Other Delivery Services
388,DOORDASH,2021-02,IA,97239.83999999998,3105445.41,Third- Party Delivery Services,Restaurant/Grocery/Other Delivery Services
389,AMAZON FRESH,2021-02,VT,885.72,81481.35999999999,Third- Party Delivery Services,Restaurant/Grocery/Other Delivery Services
390,UBEREATS,2021-01,FL,659191.46,19046121.74,Third- Party Delivery Services,Restaurant/Grocery/Other Delivery Services
391,UBEREATS,2021-02,ID,19009.01,543318.34,Third- Party Delivery Services,Restaurant/Grocery/Other Delivery Services
392,GRUBHUB.COM,2021-01,ME,2431.74,109088.89,Third- Party Delivery Services,Restaurant/Grocery/Other Delivery Services
393,INSTACART,2021-01,MD,64840.02000000001,6232005.95,Third- Party Delivery Services,Restaurant/Grocery/Other Delivery Services
394,GRUBHUB.COM,2021-02,IA,18536.75,687012.5299999999,Third- Party Delivery Services,Restaurant/Grocery/Other Delivery Services
395,UBEREATS,2021-02,TX,508135.8200000001,14448741.430000002,Third- Party Delivery Services,Restaurant/Grocery/Other Delivery Services
396,DOORDASH,2021-01,MO,70346.19999999998,2278201.59,Third- Party Delivery Services,Restaurant/Grocery/Other Delivery Services
397,DOORDASH,2021-02,GA,300422.64,9404192.03,Third- Party Delivery Services,Restaurant/Grocery/Other Delivery Services
398,GRUBHUB.COM,2021-02,MO,9201.23,337992.35000000003,Third- Party Delivery Services,Restaurant/Grocery/Other Delivery Services
399,AMAZON FRESH,2021-01,AR,1363.2999999999995,117008.03,Third- Party Delivery Services,Restaurant/Grocery/Other Delivery Services
400,AMAZON FRESH,2021-02,IN,2735.55,212824.00999999995,Third- Party Delivery Services,Restaurant/Grocery/Other Delivery Services
401,AMAZON FRESH,2021-01,GA,20890.6,1421543.15,Third- Party Delivery Services,Restaurant/Grocery/Other Delivery Services
402,DOORDASH,2021-02,HI,23617.02,854715.1400000002,Third- Party Delivery Services,Restaurant/Grocery/Other Delivery Services
403,GRUBHUB.COM,2021-01,SD,2856.23,91533.1,Third- Party Delivery Services,Restaurant/Grocery/Other Delivery Services
404,GRUBHUB.COM,2021-02,NH,4236.630000000001,159753.18000000002,Third- Party Delivery Services,Restaurant/Grocery/Other Delivery Services
405,UBEREATS,2021-02,MO,18360.410000000003,521449.45,Third- Party Delivery Services,Restaurant/Grocery/Other Delivery Services
406,INSTACART,2021-02,IA,13318.250000000004,1204374.0399999996,Third- Party Delivery Services,Restaurant/Grocery/Other Delivery Services
407,INSTACART,2021-01,UT,13887.46,1529245.4400000002,Third- Party Delivery Services,Restaurant/Grocery/Other Delivery Services
408,DOORDASH,2021-01,MS,47372.78999999999,1454096.59,Third- Party Delivery Services,Restaurant/Grocery/Other Delivery Services
409,AMAZON FRESH,2021-02,DC,10036.239999999998,727770.8300000002,Third- Party Delivery Services,Restaurant/Grocery/Other Delivery Services
410,AMAZON FRESH,2021-02,MT,526.5,40931.82000000001,Third- Party Delivery Services,Restaurant/Grocery/Other Delivery Services
411,DOORDASH,2021-02,DC,31652.18,1099630.33,Third- Party Delivery Services,Restaurant/Grocery/Other Delivery Services
412,AMAZON FRESH,2021-01,MT,543.4,43494.47,Third- Party Delivery Services,Restaurant/Grocery/Other Delivery Services
413,UBEREATS,2021-01,VT,3810.13,123852.88999999998,Third- Party Delivery Services,Restaurant/Grocery/Other Delivery Services
414,UBEREATS,2021-02,UT,25562.86,676559.8200000001,Third- Party Delivery Services,Restaurant/Grocery/Other Delivery Services
415,AMAZON FRESH,2021-01,OH,6351.269999999999,462197.50000000006,Third- Party Delivery Services,Restaurant/Grocery/Other Delivery Services
416,AMAZON FRESH,2021-02,OR,12079.66,948452.22,Third- Party Delivery Services,Restaurant/Grocery/Other Delivery Services
417,AMAZON FRESH,2021-01,MD,22148.72,1664998.1100000003,Third- Party Delivery Services,Restaurant/Grocery/Other Delivery Services
418,GRUBHUB.COM,2021-01,MD,58694.31000000001,2233272.5300000003,Third- Party Delivery Services,Restaurant/Grocery/Other Delivery Services
419,DOORDASH,2021-02,NY,268802.17,8919382.360000001,Third- Party Delivery Services,Restaurant/Grocery/Other Delivery Services
420,DOORDASH,2021-01,DE,44007.61999999999,1412773.2099999995,Third- Party Delivery Services,Restaurant/Grocery/Other Delivery Services
421,AMAZON FRESH,2021-01,IN,3456.2100000000005,239993.96000000005,Third- Party Delivery Services,Restaurant/Grocery/Other Delivery Services
422,GRUBHUB.COM,2021-02,WA,44863.01,1826755.51,Third- Party Delivery Services,Restaurant/Grocery/Other Delivery Services
423,UBEREATS,2021-01,LA,19894.700000000004,625418.94,Third- Party Delivery Services,Restaurant/Grocery/Other Delivery Services
424,DOORDASH,2021-01,AK,28268.689999999995,1014086.78,Third- Party Delivery Services,Restaurant/Grocery/Other Delivery Services
425,INSTACART,2021-01,CT,37319.49,3860420.089999999,Third- Party Delivery Services,Restaurant/Grocery/Other Delivery Services
426,UBEREATS,2021-01,GA,251189.32,7545705.619999999,Third- Party Delivery Services,Restaurant/Grocery/Other Delivery Services
427,AMAZON FRESH,2021-01,UT,3408.53,278581.18999999994,Third- Party Delivery Services,Restaurant/Grocery/Other Delivery Services
428,DOORDASH,2021-02,CA,1814612.89,65542339.24999999,Third- Party Delivery Services,Restaurant/Grocery/Other Delivery Services
429,AMAZON FRESH,2021-02,KS,1967.13,144339.08000000002,Third- Party Delivery Services,Restaurant/Grocery/Other Delivery Services
430,UBEREATS,2021-01,SD,2578.98,68988.97999999997,Third- Party Delivery Services,Restaurant/Grocery/Other Delivery Services
431,DOORDASH,2021-02,NJ,239853.38000000003,8152761.120000001,Third- Party Delivery Services,Restaurant/Grocery/Other Delivery Services
432,AMAZON FRESH,2021-02,MO,2760.2300000000005,198738.1,Third- Party Delivery Services,Restaurant/Grocery/Other Delivery Services
433,GRUBHUB.COM,2021-02,PA,131955.93,4931178.540000001,Third- Party Delivery Services,Restaurant/Grocery/Other Delivery Services
434,INSTACART,2021-02,NV,16937.84,1590089.27,Third- Party Delivery Services,Restaurant/Grocery/Other Delivery Services
435,UBEREATS,2021-02,NY,351726.78,10095473.94,Third- Party Delivery Services,Restaurant/Grocery/Other Delivery Services
436,AMAZON FRESH,2021-02,HI,2130.2600000000007,170433.85,Third- Party Delivery Services,Restaurant/Grocery/Other Delivery Services
437,INSTACART,2021-01,LA,9494.490000000002,994601.6,Third- Party Delivery Services,Restaurant/Grocery/Other Delivery Services
438,AMAZON FRESH,2021-01,ME,1963.4400000000005,177288.52,Third- Party Delivery Services,Restaurant/Grocery/Other Delivery Services
439,GRUBHUB.COM,2021-01,OK,10415.82,387905.55,Third- Party Delivery Services,Restaurant/Grocery/Other Delivery Services
440,DOORDASH,2021-02,UT,149447.71000000002,4466211.64,Third- Party Delivery Services,Restaurant/Grocery/Other Delivery Services
441,INSTACART,2021-02,NH,5325.660000000001,497803.56000000006,Third- Party Delivery Services,Restaurant/Grocery/Other Delivery Services
442,UBEREATS,2021-01,WY,2752.850000000001,86053.77999999998,Third- Party Delivery Services,Restaurant/Grocery/Other Delivery Services
443,DOORDASH,2021-02,CO,219905.3,7553694.989999998,Third- Party Delivery Services,Restaurant/Grocery/Other Delivery Services
444,UBEREATS,2021-01,IN,17733.79,474566.76,Third- Party Delivery Services,Restaurant/Grocery/Other Delivery Services
445,INSTACART,2021-02,DC,10910.89,992100.81,Third- Party Delivery Services,Restaurant/Grocery/Other Delivery Services
446,INSTACART,2021-01,IN,12941.010000000002,1178508.8799999997,Third- Party Delivery Services,Restaurant/Grocery/Other Delivery Services
447,AMAZON FRESH,2021-01,CA,197063.52,14604529.170000004,Third- Party Delivery Services,Restaurant/Grocery/Other Delivery Services
448,GRUBHUB.COM,2021-01,NE,16208.089999999998,614974.1999999998,Third- Party Delivery Services,Restaurant/Grocery/Other Delivery Services
449,UBEREATS,2021-02,VA,158385.56,4536002.589999999,Third- Party Delivery Services,Restaurant/Grocery/Other Delivery Services
450,AMAZON FRESH,2021-01,NM,2991.26,281416.35,Third- Party Delivery Services,Restaurant/Grocery/Other Delivery Services
451,GRUBHUB.COM,2021-01,NV,23245.55,915056.89,Third- Party Delivery Services,Restaurant/Grocery/Other Delivery Services
452,GRUBHUB.COM,2021-01,WA,51174.50000000001,2130061.97,Third- Party Delivery Services,Restaurant/Grocery/Other Delivery Services
453,UBEREATS,2021-01,MO,19307.8,540316.33,Third- Party Delivery Services,Restaurant/Grocery/Other Delivery Services
454,AMAZON FRESH,2021-01,SD,292.43999999999994,28391.98999999999,Third- Party Delivery Services,Restaurant/Grocery/Other Delivery Services
455,UBEREATS,2021-01,NC,105473.04,2928734.83,Third- Party Delivery Services,Restaurant/Grocery/Other Delivery Services
456,UBEREATS,2021-01,UT,25316.24,650582.1900000001,Third- Party Delivery Services,Restaurant/Grocery/Other Delivery Services
457,AMAZON FRESH,2021-02,MS,947.16,75849.49999999999,Third- Party Delivery Services,Restaurant/Grocery/Other Delivery Services
458,INSTACART,2021-01,MT,5357.4800000000005,595984.3600000001,Third- Party Delivery Services,Restaurant/Grocery/Other Delivery Services
459,AMAZON FRESH,2021-02,MN,15262.610000000002,1168304.8999999997,Third- Party Delivery Services,Restaurant/Grocery/Other Delivery Services
460,INSTACART,2021-01,WA,67477.82,7516965.689999999,Third- Party Delivery Services,Restaurant/Grocery/Other Delivery Services
461,GRUBHUB.COM,2021-01,AL,11383.240000000002,397085.8100000001,Third- Party Delivery Services,Restaurant/Grocery/Other Delivery Services
462,INSTACART,2021-02,MN,79496.73,7972193.010000001,Third- Party Delivery Services,Restaurant/Grocery/Other Delivery Services
463,UBEREATS,2021-01,RI,4648.46,124970.21,Third- Party Delivery Services,Restaurant/Grocery/Other Delivery Services
464,AMAZON FRESH,2021-01,NJ,24841.6,1994410.31,Third- Party Delivery Services,Restaurant/Grocery/Other Delivery Services
465,GRUBHUB.COM,2021-02,KY,4526.339999999999,153967.71000000002,Third- Party Delivery Services,Restaurant/Grocery/Other Delivery Services
466,DOORDASH,2021-01,KY,58372.71,1833724.8,Third- Party Delivery Services,Restaurant/Grocery/Other Delivery Services
467,AMAZON FRESH,2021-02,AK,227.66,19214.7,Third- Party Delivery Services,Restaurant/Grocery/Other Delivery Services
468,AMAZON FRESH,2021-02,ME,1428.0299999999995,130267.36000000002,Third- Party Delivery Services,Restaurant/Grocery/Other Delivery Services
469,AMAZON FRESH,2021-02,VA,25033.709999999992,1851161.2700000005,Third- Party Delivery Services,Restaurant/Grocery/Other Delivery Services
470,UBEREATS,2021-01,OR,72151.89000000001,2070358.26,Third- Party Delivery Services,Restaurant/Grocery/Other Delivery Services
471,UBEREATS,2021-01,WA,217467.2800000001,7234350.750000003,Third- Party Delivery Services,Restaurant/Grocery/Other Delivery Services
472,INSTACART,2021-01,VA,84319.24,8336116.079999998,Third- Party Delivery Services,Restaurant/Grocery/Other Delivery Services
473,GRUBHUB.COM,2021-02,MI,12393.72,478610.78,Third- Party Delivery Services,Restaurant/Grocery/Other Delivery Services
474,GRUBHUB.COM,2021-02,MA,34252.81999999999,1215881.98,Third- Party Delivery Services,Restaurant/Grocery/Other Delivery Services
475,UBEREATS,2021-02,MN,40167.68000000001,1099165.2100000002,Third- Party Delivery Services,Restaurant/Grocery/Other Delivery Services
476,DOORDASH,2021-01,WA,327960.45,12146393.460000005,Third- Party Delivery Services,Restaurant/Grocery/Other Delivery Services
477,UBEREATS,2021-01,AL,22009.79,615589.1299999999,Third- Party Delivery Services,Restaurant/Grocery/Other Delivery Services
478,UBEREATS,2021-01,ME,4773.78,138190.1,Third- Party Delivery Services,Restaurant/Grocery/Other Delivery Services
479,AMAZON FRESH,2021-02,PA,27806.93,2250042.76,Third- Party Delivery Services,Restaurant/Grocery/Other Delivery Services
480,INSTACART,2021-01,ID,7796.5,887208.1700000003,Third- Party Delivery Services,Restaurant/Grocery/Other Delivery Services
481,INSTACART,2021-02,WY,1574.09,155957.9,Third- Party Delivery Services,Restaurant/Grocery/Other Delivery Services
482,DOORDASH,2021-02,MI,52402.65,1804630.0700000008,Third- Party Delivery Services,Restaurant/Grocery/Other Delivery Services
483,UBEREATS,2021-02,MS,10391.160000000002,294440.8900000001,Third- Party Delivery Services,Restaurant/Grocery/Other Delivery Services
484,AMAZON FRESH,2021-01,WI,9834.179999999998,734985.37,Third- Party Delivery Services,Restaurant/Grocery/Other Delivery Services
485,AMAZON FRESH,2021-02,AL,2904.9800000000005,207693.94,Third- Party Delivery Services,Restaurant/Grocery/Other Delivery Services
486,GRUBHUB.COM,2021-01,SC,13530.22,486574.7699999999,Third- Party Delivery Services,Restaurant/Grocery/Other Delivery Services
487,GRUBHUB.COM,2021-01,MN,25702.6,1027066.96,Third- Party Delivery Services,Restaurant/Grocery/Other Delivery Services
488,GRUBHUB.COM,2021-01,UT,16914.04,627708.3400000001,Third- Party Delivery Services,Restaurant/Grocery/Other Delivery Services
489,UBEREATS,2021-02,CO,85027.75000000001,2533007.66,Third- Party Delivery Services,Restaurant/Grocery/Other Delivery Services
490,DOORDASH,2021-02,NE,94892.07999999996,3040860.83,Third- Party Delivery Services,Restaurant/Grocery/Other Delivery Services
491,GRUBHUB.COM,2021-01,VA,67253.58,2472039.9300000006,Third- Party Delivery Services,Restaurant/Grocery/Other Delivery Services
492,GRUBHUB.COM,2021-02,DC,11054.460000000005,417464.48000000016,Third- Party Delivery Services,Restaurant/Grocery/Other Delivery Services
493,UBEREATS,2021-02,MD,135299.88999999998,4059721.91,Third- Party Delivery Services,Restaurant/Grocery/Other Delivery Services
494,UBEREATS,2021-02,MT,12519.05,369263.7200000001,Third- Party Delivery Services,Restaurant/Grocery/Other Delivery Services
495,DOORDASH,2021-01,SC,145042.22,4600406.120000001,Third- Party Delivery Services,Restaurant/Grocery/Other Delivery Services
496,GRUBHUB.COM,2021-02,HI,3407.2700000000004,138196.59000000003,Third- Party Delivery Services,Restaurant/Grocery/Other Delivery Services
497,DOORDASH,2021-01,ME,15603.229999999998,532830.09,Third- Party Delivery Services,Restaurant/Grocery/Other Delivery Services
498,DOORDASH,2021-01,LA,43983.82999999999,1437689.56,Third- Party Delivery Services,Restaurant/Grocery/Other Delivery Services
499,AMAZON FRESH,2021-02,KY,1524.1100000000004,124200.11,Third- Party Delivery Services,Restaurant/Grocery/Other Delivery Services
500,DOORDASH,2021-01,NE,102043.66,3282522.06,Third- Party Delivery Services,Restaurant/Grocery/Other Delivery Services
501,AMAZON FRESH,2021-02,ND,117.24,6802.71,Third- Party Delivery Services,Restaurant/Grocery/Other Delivery Services
502,AMAZON FRESH,2021-02,CA,169742.37000000002,12446042.779999996,Third- Party Delivery Services,Restaurant/Grocery/Other Delivery Services
503,UBEREATS,2021-02,DC,59842.08,1834112.1,Third- Party Delivery Services,Restaurant/Grocery/Other Delivery Services
504,GRUBHUB.COM,2021-02,NY,154408.19,5579009.47,Third- Party Delivery Services,Restaurant/Grocery/Other Delivery Services
505,INSTACART,2021-02,IL,43530.750000000015,3856196.21,Third- Party Delivery Services,Restaurant/Grocery/Other Delivery Services
506,DOORDASH,2021-01,HI,25654.38,932108.35,Third- Party Delivery Services,Restaurant/Grocery/Other Delivery Services
507,UBEREATS,2021-02,IN,17127.28,464747.35,Third- Party Delivery Services,Restaurant/Grocery/Other Delivery Services
508,AMAZON FRESH,2021-02,RI,1858.66,163804.15,Third- Party Delivery Services,Restaurant/Grocery/Other Delivery Services
509,INSTACART,2021-02,SC,43027.35,4015779.56,Third- Party Delivery Services,Restaurant/Grocery/Other Delivery Services
