,BRAND_NAME,MONTH,STATE_ABBR,TRANS_COUNT,SPEND_AMOUNT,INDUSTRY_NAME,SUBINDUSTRY_NAME
0,INSTACART,2021-02,IA,13318.250000000004,1204374.0399999996,Third- Party Delivery Services,Restaurant/Grocery/Other Delivery Services
1,UBEREATS,2021-01,MA,75687.70999999999,2128953.0,Third- Party Delivery Services,Restaurant/Grocery/Other Delivery Services
2,AMAZON FRESH,2021-01,WV,389.54,39925.56,Third- Party Delivery Services,Restaurant/Grocery/Other Delivery Services
3,UBEREATS,2021-01,TN,107465.88,3152354.43,Third- Party Delivery Services,Restaurant/Grocery/Other Delivery Services
4,DOORDASH,2021-03,NH,41797.37000000001,1392663.3899999997,Third- Party Delivery Services,Restaurant/Grocery/Other Delivery Services
5,INSTACART,2021-02,ME,2554.28,274034.82,Third- Party Delivery Services,Restaurant/Grocery/Other Delivery Services
6,INSTACART,2021-03,SD,2193.49,216073.27,Third- Party Delivery Services,Restaurant/Grocery/Other Delivery Services
7,DOORDASH,2021-02,UT,149447.71000000002,4466211.64,Third- Party Delivery Services,Restaurant/Grocery/Other Delivery Services
8,INSTACART,2021-02,GA,93345.27,8741891.939999998,Third- Party Delivery Services,Restaurant/Grocery/Other Delivery Services
9,AMAZON FRESH,2021-01,FL,37902.64000000001,2659807.64,Third- Party Delivery Services,Restaurant/Grocery/Other Delivery Services
10,UBEREATS,2021-02,NC,103419.86000000002,2832294.27,Third- Party Delivery Services,Restaurant/Grocery/Other Delivery Services
11,DOORDASH,2021-02,NE,94892.07999999996,3040860.83,Third- Party Delivery Services,Restaurant/Grocery/Other Delivery Services
12,GRUBHUB.COM,2021-03,TN,23294.14,810166.9500000002,Third- Party Delivery Services,Restaurant/Grocery/Other Delivery Services
13,DOORDASH,2021-03,MO,74775.08000000002,2411994.26,Third- Party Delivery Services,Restaurant/Grocery/Other Delivery Services
14,DOORDASH,2021-03,AK,28464.130000000005,996135.14,Third- Party Delivery Services,Restaurant/Grocery/Other Delivery Services
15,INSTACART,2021-01,MN,86859.51000000001,8804543.540000001,Third- Party Delivery Services,Restaurant/Grocery/Other Delivery Services
16,AMAZON FRESH,2021-01,GA,20890.6,1421543.15,Third- Party Delivery Services,Restaurant/Grocery/Other Delivery Services
17,INSTACART,2021-02,AK,3533.71,418494.82,Third- Party Delivery Services,Restaurant/Grocery/Other Delivery Services
18,AMAZON FRESH,2021-02,MI,4352.02,339118.5799999999,Third- Party Delivery Services,Restaurant/Grocery/Other Delivery Services
19,GRUBHUB.COM,2021-01,OH,14396.97,524404.6799999999,Third- Party Delivery Services,Restaurant/Grocery/Other Delivery Services
20,AMAZON FRESH,2021-02,TN,11018.260000000002,838254.09,Third- Party Delivery Services,Restaurant/Grocery/Other Delivery Services
21,AMAZON FRESH,2021-01,LA,2405.49,191317.44999999995,Third- Party Delivery Services,Restaurant/Grocery/Other Delivery Services
22,UBEREATS,2021-01,VT,3810.13,123852.88999999998,Third- Party Delivery Services,Restaurant/Grocery/Other Delivery Services
23,UBEREATS,2021-03,WV,5695.239999999998,162265.65999999997,Third- Party Delivery Services,Restaurant/Grocery/Other Delivery Services
24,GRUBHUB.COM,2021-01,UT,16914.04,627708.3400000001,Third- Party Delivery Services,Restaurant/Grocery/Other Delivery Services
25,GRUBHUB.COM,2021-03,IL,68883.57999999997,2559220.3700000006,Third- Party Delivery Services,Restaurant/Grocery/Other Delivery Services
26,DOORDASH,2021-03,AZ,236835.84000000003,7721939.950000001,Third- Party Delivery Services,Restaurant/Grocery/Other Delivery Services
27,INSTACART,2021-03,HI,5417.119999999999,553886.8600000001,Third- Party Delivery Services,Restaurant/Grocery/Other Delivery Services
28,DOORDASH,2021-01,NC,350921.3,11095474.170000002,Third- Party Delivery Services,Restaurant/Grocery/Other Delivery Services
29,DOORDASH,2021-02,NH,34301.829999999994,1159946.41,Third- Party Delivery Services,Restaurant/Grocery/Other Delivery Services
30,INSTACART,2021-02,NJ,47439.14999999999,4988939.69,Third- Party Delivery Services,Restaurant/Grocery/Other Delivery Services
31,INSTACART,2021-02,PA,77175.09999999999,7450475.599999998,Third- Party Delivery Services,Restaurant/Grocery/Other Delivery Services
32,GRUBHUB.COM,2021-02,DE,5759.679999999999,203564.44,Third- Party Delivery Services,Restaurant/Grocery/Other Delivery Services
33,AMAZON FRESH,2021-01,NV,9992.85,688275.0,Third- Party Delivery Services,Restaurant/Grocery/Other Delivery Services
34,AMAZON FRESH,2021-02,WY,256.55,17978.65,Third- Party Delivery Services,Restaurant/Grocery/Other Delivery Services
35,AMAZON FRESH,2021-03,NM,2496.26,245956.9800000001,Third- Party Delivery Services,Restaurant/Grocery/Other Delivery Services
36,AMAZON FRESH,2021-03,OH,5964.16,454084.93,Third- Party Delivery Services,Restaurant/Grocery/Other Delivery Services
37,DOORDASH,2021-01,WA,327960.45,12146393.460000005,Third- Party Delivery Services,Restaurant/Grocery/Other Delivery Services
38,UBEREATS,2021-03,NY,433775.3200000001,12233483.239999996,Third- Party Delivery Services,Restaurant/Grocery/Other Delivery Services
39,UBEREATS,2021-01,MO,19307.8,540316.33,Third- Party Delivery Services,Restaurant/Grocery/Other Delivery Services
40,GRUBHUB.COM,2021-01,MS,4291.599999999999,142675.11,Third- Party Delivery Services,Restaurant/Grocery/Other Delivery Services
41,UBEREATS,2021-01,IA,21998.370000000003,609080.91,Third- Party Delivery Services,Restaurant/Grocery/Other Delivery Services
42,DOORDASH,2021-03,NV,102068.94,3451491.8999999994,Third- Party Delivery Services,Restaurant/Grocery/Other Delivery Services
43,GRUBHUB.COM,2021-03,KS,7896.359999999999,294031.63000000006,Third- Party Delivery Services,Restaurant/Grocery/Other Delivery Services
44,GRUBHUB.COM,2021-02,IN,9575.31,316967.27,Third- Party Delivery Services,Restaurant/Grocery/Other Delivery Services
45,AMAZON FRESH,2021-02,NC,28039.209999999992,2057123.16,Third- Party Delivery Services,Restaurant/Grocery/Other Delivery Services
46,AMAZON FRESH,2021-01,MI,5303.030000000001,412938.2899999999,Third- Party Delivery Services,Restaurant/Grocery/Other Delivery Services
47,AMAZON FRESH,2021-02,NY,50820.76000000001,4005767.73,Third- Party Delivery Services,Restaurant/Grocery/Other Delivery Services
48,GRUBHUB.COM,2021-01,TN,22368.040000000005,818410.5299999999,Third- Party Delivery Services,Restaurant/Grocery/Other Delivery Services
49,UBEREATS,2021-02,KY,9749.03,279456.14,Third- Party Delivery Services,Restaurant/Grocery/Other Delivery Services
50,UBEREATS,2021-02,AR,6809.24,195529.33,Third- Party Delivery Services,Restaurant/Grocery/Other Delivery Services
51,DOORDASH,2021-03,NM,65749.09,2200751.09,Third- Party Delivery Services,Restaurant/Grocery/Other Delivery Services
52,AMAZON FRESH,2021-02,AL,2904.9800000000005,207693.94,Third- Party Delivery Services,Restaurant/Grocery/Other Delivery Services
53,INSTACART,2021-02,MA,26132.67,2700869.68,Third- Party Delivery Services,Restaurant/Grocery/Other Delivery Services
54,AMAZON FRESH,2021-02,ME,1428.0299999999995,130267.36000000002,Third- Party Delivery Services,Restaurant/Grocery/Other Delivery Services
55,AMAZON FRESH,2021-03,OK,1936.3900000000003,147358.34,Third- Party Delivery Services,Restaurant/Grocery/Other Delivery Services
56,UBEREATS,2021-01,ME,4773.78,138190.1,Third- Party Delivery Services,Restaurant/Grocery/Other Delivery Services
57,AMAZON FRESH,2021-02,CA,169742.37000000002,12446042.779999996,Third- Party Delivery Services,Restaurant/Grocery/Other Delivery Services
58,DOORDASH,2021-01,MD,233950.91,7819094.340000001,Third- Party Delivery Services,Restaurant/Grocery/Other Delivery Services
59,DOORDASH,2021-02,VT,3899.38,142075.84999999998,Third- Party Delivery Services,Restaurant/Grocery/Other Delivery Services
60,UBEREATS,2021-03,SD,3300.11,95829.25,Third- Party Delivery Services,Restaurant/Grocery/Other Delivery Services
61,GRUBHUB.COM,2021-03,WV,4626.71,186876.15000000005,Third- Party Delivery Services,Restaurant/Grocery/Other Delivery Services
62,DOORDASH,2021-03,GA,320041.3,9919826.290000005,Third- Party Delivery Services,Restaurant/Grocery/Other Delivery Services
63,AMAZON FRESH,2021-03,MA,16756.74,1381730.5899999996,Third- Party Delivery Services,Restaurant/Grocery/Other Delivery Services
64,UBEREATS,2021-03,WY,3285.9600000000005,99997.36,Third- Party Delivery Services,Restaurant/Grocery/Other Delivery Services
65,GRUBHUB.COM,2021-02,KY,4526.339999999999,153967.71000000002,Third- Party Delivery Services,Restaurant/Grocery/Other Delivery Services
66,DOORDASH,2021-02,MS,38964.17999999999,1192247.2000000002,Third- Party Delivery Services,Restaurant/Grocery/Other Delivery Services
67,UBEREATS,2021-03,VA,180773.55,5098429.85,Third- Party Delivery Services,Restaurant/Grocery/Other Delivery Services
68,UBEREATS,2021-01,NJ,229186.3,6371088.19,Third- Party Delivery Services,Restaurant/Grocery/Other Delivery Services
69,GRUBHUB.COM,2021-02,SD,2756.37,82672.37000000001,Third- Party Delivery Services,Restaurant/Grocery/Other Delivery Services
70,UBEREATS,2021-02,MI,20104.41,600131.89,Third- Party Delivery Services,Restaurant/Grocery/Other Delivery Services
71,INSTACART,2021-02,LA,8550.9,834203.5300000003,Third- Party Delivery Services,Restaurant/Grocery/Other Delivery Services
72,UBEREATS,2021-03,CA,721406.4199999999,21427887.129999995,Third- Party Delivery Services,Restaurant/Grocery/Other Delivery Services
73,DOORDASH,2021-02,IA,97239.83999999998,3105445.41,Third- Party Delivery Services,Restaurant/Grocery/Other Delivery Services
74,INSTACART,2021-02,ID,6910.01,740848.7999999998,Third- Party Delivery Services,Restaurant/Grocery/Other Delivery Services
75,INSTACART,2021-02,TN,38674.35999999999,3706139.51,Third- Party Delivery Services,Restaurant/Grocery/Other Delivery Services
76,GRUBHUB.COM,2021-03,AR,3671.69,135459.9,Third- Party Delivery Services,Restaurant/Grocery/Other Delivery Services
77,INSTACART,2021-02,NE,9281.69,855851.35,Third- Party Delivery Services,Restaurant/Grocery/Other Delivery Services
78,AMAZON FRESH,2021-03,SD,291.23,21316.29,Third- Party Delivery Services,Restaurant/Grocery/Other Delivery Services
79,DOORDASH,2021-01,ID,63792.02000000001,2036985.31,Third- Party Delivery Services,Restaurant/Grocery/Other Delivery Services
80,GRUBHUB.COM,2021-03,SD,3241.8400000000006,99448.14,Third- Party Delivery Services,Restaurant/Grocery/Other Delivery Services
81,DOORDASH,2021-02,NY,268802.17,8919382.360000001,Third- Party Delivery Services,Restaurant/Grocery/Other Delivery Services
82,AMAZON FRESH,2021-02,WA,38821.41,2843103.7,Third- Party Delivery Services,Restaurant/Grocery/Other Delivery Services
83,INSTACART,2021-01,DC,12177.91,1152990.4599999995,Third- Party Delivery Services,Restaurant/Grocery/Other Delivery Services
84,GRUBHUB.COM,2021-03,VA,79546.74000000002,2807411.45,Third- Party Delivery Services,Restaurant/Grocery/Other Delivery Services
85,DOORDASH,2021-02,CO,219905.3,7553694.989999998,Third- Party Delivery Services,Restaurant/Grocery/Other Delivery Services
86,UBEREATS,2021-03,NM,14483.77,376363.70000000007,Third- Party Delivery Services,Restaurant/Grocery/Other Delivery Services
87,DOORDASH,2021-02,WV,37379.81,1238911.2999999998,Third- Party Delivery Services,Restaurant/Grocery/Other Delivery Services
88,AMAZON FRESH,2021-03,NV,9492.95,645277.43,Third- Party Delivery Services,Restaurant/Grocery/Other Delivery Services
89,GRUBHUB.COM,2021-02,MT,2609.9,94428.39000000004,Third- Party Delivery Services,Restaurant/Grocery/Other Delivery Services
90,AMAZON FRESH,2021-01,WA,47530.780000000006,3512590.49,Third- Party Delivery Services,Restaurant/Grocery/Other Delivery Services
91,DOORDASH,2021-03,MD,236718.89000000004,7844476.750000001,Third- Party Delivery Services,Restaurant/Grocery/Other Delivery Services
92,GRUBHUB.COM,2021-02,CO,59575.69,2430359.56,Third- Party Delivery Services,Restaurant/Grocery/Other Delivery Services
93,UBEREATS,2021-02,DC,59842.08,1834112.1,Third- Party Delivery Services,Restaurant/Grocery/Other Delivery Services
94,INSTACART,2021-03,PA,83773.10000000002,8187031.159999999,Third- Party Delivery Services,Restaurant/Grocery/Other Delivery Services
95,GRUBHUB.COM,2021-02,AR,2867.64,106945.9,Third- Party Delivery Services,Restaurant/Grocery/Other Delivery Services
96,AMAZON FRESH,2021-02,ID,1642.7300000000002,133745.82999999996,Third- Party Delivery Services,Restaurant/Grocery/Other Delivery Services
97,INSTACART,2021-01,MT,5357.4800000000005,595984.3600000001,Third- Party Delivery Services,Restaurant/Grocery/Other Delivery Services
98,INSTACART,2021-03,GA,97512.96,9084182.399999997,Third- Party Delivery Services,Restaurant/Grocery/Other Delivery Services
99,AMAZON FRESH,2021-02,RI,1858.66,163804.15,Third- Party Delivery Services,Restaurant/Grocery/Other Delivery Services
100,AMAZON FRESH,2021-01,CT,10223.48,962506.22,Third- Party Delivery Services,Restaurant/Grocery/Other Delivery Services
101,GRUBHUB.COM,2021-02,NY,154408.19,5579009.47,Third- Party Delivery Services,Restaurant/Grocery/Other Delivery Services
102,AMAZON FRESH,2021-02,NM,2687.7100000000005,251379.55,Third- Party Delivery Services,Restaurant/Grocery/Other Delivery Services
103,INSTACART,2021-03,NC,109195.39999999997,10158202.93,Third- Party Delivery Services,Restaurant/Grocery/Other Delivery Services
104,GRUBHUB.COM,2021-03,ID,6624.57,251564.68,Third- Party Delivery Services,Restaurant/Grocery/Other Delivery Services
105,UBEREATS,2021-02,ND,5539.62,156703.15,Third- Party Delivery Services,Restaurant/Grocery/Other Delivery Services
106,GRUBHUB.COM,2021-02,ME,2493.24,101422.74000000002,Third- Party Delivery Services,Restaurant/Grocery/Other Delivery Services
107,DOORDASH,2021-01,VT,4058.6,151009.52,Third- Party Delivery Services,Restaurant/Grocery/Other Delivery Services
108,AMAZON FRESH,2021-03,WA,42331.73999999999,3199725.6499999994,Third- Party Delivery Services,Restaurant/Grocery/Other Delivery Services
109,GRUBHUB.COM,2021-03,MA,42079.45999999999,1503992.77,Third- Party Delivery Services,Restaurant/Grocery/Other Delivery Services
110,DOORDASH,2021-03,TX,955571.06,30796052.39,Third- Party Delivery Services,Restaurant/Grocery/Other Delivery Services
111,DOORDASH,2021-01,MS,47372.78999999999,1454096.59,Third- Party Delivery Services,Restaurant/Grocery/Other Delivery Services
112,DOORDASH,2021-01,PA,418236.78,14201271.130000005,Third- Party Delivery Services,Restaurant/Grocery/Other Delivery Services
113,DOORDASH,2021-01,IN,51457.64,1711224.7199999995,Third- Party Delivery Services,Restaurant/Grocery/Other Delivery Services
114,UBEREATS,2021-02,WA,185509.94,6141384.37,Third- Party Delivery Services,Restaurant/Grocery/Other Delivery Services
115,AMAZON FRESH,2021-03,WY,228.64,18293.990000000005,Third- Party Delivery Services,Restaurant/Grocery/Other Delivery Services
116,GRUBHUB.COM,2021-03,MO,10673.86,390777.99,Third- Party Delivery Services,Restaurant/Grocery/Other Delivery Services
117,INSTACART,2021-03,KY,6397.02,591933.75,Third- Party Delivery Services,Restaurant/Grocery/Other Delivery Services
118,UBEREATS,2021-03,MO,22691.42000000001,609300.2200000001,Third- Party Delivery Services,Restaurant/Grocery/Other Delivery Services
119,DOORDASH,2021-02,KS,56808.26,1789233.9800000004,Third- Party Delivery Services,Restaurant/Grocery/Other Delivery Services
120,AMAZON FRESH,2021-01,VA,28034.79,2122864.24,Third- Party Delivery Services,Restaurant/Grocery/Other Delivery Services
121,GRUBHUB.COM,2021-02,MO,9201.23,337992.35000000003,Third- Party Delivery Services,Restaurant/Grocery/Other Delivery Services
122,DOORDASH,2021-01,AZ,222217.47,7387314.710000002,Third- Party Delivery Services,Restaurant/Grocery/Other Delivery Services
123,UBEREATS,2021-02,OR,62014.48999999999,1771333.0700000003,Third- Party Delivery Services,Restaurant/Grocery/Other Delivery Services
124,DOORDASH,2021-02,CA,1814612.89,65542339.24999999,Third- Party Delivery Services,Restaurant/Grocery/Other Delivery Services
125,INSTACART,2021-02,DE,7073.849999999999,728329.2800000001,Third- Party Delivery Services,Restaurant/Grocery/Other Delivery Services
126,DOORDASH,2021-02,DC,31652.18,1099630.33,Third- Party Delivery Services,Restaurant/Grocery/Other Delivery Services
127,GRUBHUB.COM,2021-02,UT,14357.11,523795.29,Third- Party Delivery Services,Restaurant/Grocery/Other Delivery Services
128,DOORDASH,2021-02,AR,21249.71,695660.1700000002,Third- Party Delivery Services,Restaurant/Grocery/Other Delivery Services
129,GRUBHUB.COM,2021-01,AR,2795.17,109527.66,Third- Party Delivery Services,Restaurant/Grocery/Other Delivery Services
130,DOORDASH,2021-02,WY,19110.76,622533.5900000001,Third- Party Delivery Services,Restaurant/Grocery/Other Delivery Services
131,GRUBHUB.COM,2021-02,ID,5575.280000000001,204797.57,Third- Party Delivery Services,Restaurant/Grocery/Other Delivery Services
132,GRUBHUB.COM,2021-03,NV,24992.050000000007,954877.0599999998,Third- Party Delivery Services,Restaurant/Grocery/Other Delivery Services
133,AMAZON FRESH,2021-01,MN,17696.959999999995,1362525.7700000005,Third- Party Delivery Services,Restaurant/Grocery/Other Delivery Services
134,DOORDASH,2021-03,CO,221109.55,7670459.780000001,Third- Party Delivery Services,Restaurant/Grocery/Other Delivery Services
135,INSTACART,2021-01,IA,14269.350000000006,1274331.9600000002,Third- Party Delivery Services,Restaurant/Grocery/Other Delivery Services
136,INSTACART,2021-03,SC,44165.01,4110358.6799999992,Third- Party Delivery Services,Restaurant/Grocery/Other Delivery Services
137,INSTACART,2021-02,ND,3602.2499999999995,362498.45,Third- Party Delivery Services,Restaurant/Grocery/Other Delivery Services
138,UBEREATS,2021-01,NC,105473.04,2928734.83,Third- Party Delivery Services,Restaurant/Grocery/Other Delivery Services
139,AMAZON FRESH,2021-03,NY,56484.9,4574152.86,Third- Party Delivery Services,Restaurant/Grocery/Other Delivery Services
140,INSTACART,2021-02,AL,28595.370000000003,2799662.77,Third- Party Delivery Services,Restaurant/Grocery/Other Delivery Services
141,DOORDASH,2021-03,NY,299460.18999999994,9803607.95,Third- Party Delivery Services,Restaurant/Grocery/Other Delivery Services
142,GRUBHUB.COM,2021-01,MA,37591.97,1401862.93,Third- Party Delivery Services,Restaurant/Grocery/Other Delivery Services
143,DOORDASH,2021-03,MT,39368.09,1242209.7499999998,Third- Party Delivery Services,Restaurant/Grocery/Other Delivery Services
144,UBEREATS,2021-01,NE,16213.839999999997,455418.34,Third- Party Delivery Services,Restaurant/Grocery/Other Delivery Services
145,GRUBHUB.COM,2021-01,CT,35367.840000000004,1341820.48,Third- Party Delivery Services,Restaurant/Grocery/Other Delivery Services
146,GRUBHUB.COM,2021-03,WA,55968.65,2285625.2800000003,Third- Party Delivery Services,Restaurant/Grocery/Other Delivery Services
147,DOORDASH,2021-02,DE,39553.29999999999,1285928.59,Third- Party Delivery Services,Restaurant/Grocery/Other Delivery Services
148,DOORDASH,2021-03,NJ,284072.30999999994,9428602.580000002,Third- Party Delivery Services,Restaurant/Grocery/Other Delivery Services
149,GRUBHUB.COM,2021-01,OK,10415.82,387905.55,Third- Party Delivery Services,Restaurant/Grocery/Other Delivery Services
150,AMAZON FRESH,2021-03,IL,17839.040000000005,1298519.39,Third- Party Delivery Services,Restaurant/Grocery/Other Delivery Services
151,INSTACART,2021-03,UT,13937.109999999995,1436801.8199999996,Third- Party Delivery Services,Restaurant/Grocery/Other Delivery Services
152,AMAZON FRESH,2021-02,PA,27806.93,2250042.76,Third- Party Delivery Services,Restaurant/Grocery/Other Delivery Services
153,GRUBHUB.COM,2021-01,AZ,36104.2,1360802.46,Third- Party Delivery Services,Restaurant/Grocery/Other Delivery Services
154,GRUBHUB.COM,2021-02,HI,3407.2700000000004,138196.59000000003,Third- Party Delivery Services,Restaurant/Grocery/Other Delivery Services
155,GRUBHUB.COM,2021-02,NC,50333.7,1801839.64,Third- Party Delivery Services,Restaurant/Grocery/Other Delivery Services
156,UBEREATS,2021-02,ME,4729.64,138973.61000000002,Third- Party Delivery Services,Restaurant/Grocery/Other Delivery Services
157,UBEREATS,2021-01,WA,217467.2800000001,7234350.750000003,Third- Party Delivery Services,Restaurant/Grocery/Other Delivery Services
158,UBEREATS,2021-01,UT,25316.24,650582.1900000001,Third- Party Delivery Services,Restaurant/Grocery/Other Delivery Services
159,UBEREATS,2021-02,UT,25562.86,676559.8200000001,Third- Party Delivery Services,Restaurant/Grocery/Other Delivery Services
160,GRUBHUB.COM,2021-03,TX,109646.7,3908370.9,Third- Party Delivery Services,Restaurant/Grocery/Other Delivery Services
161,DOORDASH,2021-02,MN,240976.05000000005,8442146.509999998,Third- Party Delivery Services,Restaurant/Grocery/Other Delivery Services
162,INSTACART,2021-03,NV,18731.71,1757228.0700000003,Third- Party Delivery Services,Restaurant/Grocery/Other Delivery Services
163,AMAZON FRESH,2021-01,NY,61426.05,4649095.01,Third- Party Delivery Services,Restaurant/Grocery/Other Delivery Services
164,INSTACART,2021-02,TX,113509.15,10571170.38,Third- Party Delivery Services,Restaurant/Grocery/Other Delivery Services
165,DOORDASH,2021-01,CO,242071.75,8363869.909999997,Third- Party Delivery Services,Restaurant/Grocery/Other Delivery Services
166,GRUBHUB.COM,2021-01,VT,1471.0899999999997,65113.42999999999,Third- Party Delivery Services,Restaurant/Grocery/Other Delivery Services
167,DOORDASH,2021-01,CT,73071.05,2462488.2,Third- Party Delivery Services,Restaurant/Grocery/Other Delivery Services
168,UBEREATS,2021-03,ID,21489.41,589786.3799999999,Third- Party Delivery Services,Restaurant/Grocery/Other Delivery Services
169,GRUBHUB.COM,2021-01,SD,2856.23,91533.1,Third- Party Delivery Services,Restaurant/Grocery/Other Delivery Services
170,INSTACART,2021-01,TN,45852.3,4530541.329999999,Third- Party Delivery Services,Restaurant/Grocery/Other Delivery Services
171,GRUBHUB.COM,2021-01,CO,65722.89,2720112.03,Third- Party Delivery Services,Restaurant/Grocery/Other Delivery Services
172,UBEREATS,2021-03,AZ,136054.34,3779090.040000001,Third- Party Delivery Services,Restaurant/Grocery/Other Delivery Services
173,DOORDASH,2021-02,WI,115560.38999999998,3786400.43,Third- Party Delivery Services,Restaurant/Grocery/Other Delivery Services
174,INSTACART,2021-01,TX,134235.19999999998,13009356.85,Third- Party Delivery Services,Restaurant/Grocery/Other Delivery Services
175,INSTACART,2021-01,NM,10797.85,1139850.72,Third- Party Delivery Services,Restaurant/Grocery/Other Delivery Services
176,AMAZON FRESH,2021-01,ME,1963.4400000000005,177288.52,Third- Party Delivery Services,Restaurant/Grocery/Other Delivery Services
177,UBEREATS,2021-03,OK,22923.94,589923.68,Third- Party Delivery Services,Restaurant/Grocery/Other Delivery Services
178,INSTACART,2021-01,IN,12941.010000000002,1178508.8799999997,Third- Party Delivery Services,Restaurant/Grocery/Other Delivery Services
179,DOORDASH,2021-02,OR,135147.14999999997,4483191.49,Third- Party Delivery Services,Restaurant/Grocery/Other Delivery Services
180,UBEREATS,2021-01,OH,38867.84,1091570.9700000002,Third- Party Delivery Services,Restaurant/Grocery/Other Delivery Services
181,GRUBHUB.COM,2021-01,FL,54289.18000000002,1908659.39,Third- Party Delivery Services,Restaurant/Grocery/Other Delivery Services
182,UBEREATS,2021-01,SC,52446.48,1585757.7999999998,Third- Party Delivery Services,Restaurant/Grocery/Other Delivery Services
183,AMAZON FRESH,2021-03,DC,10504.56,775980.9399999998,Third- Party Delivery Services,Restaurant/Grocery/Other Delivery Services
184,DOORDASH,2021-01,TX,948707.79,30921650.35,Third- Party Delivery Services,Restaurant/Grocery/Other Delivery Services
185,DOORDASH,2021-01,NH,36337.02,1228378.89,Third- Party Delivery Services,Restaurant/Grocery/Other Delivery Services
186,INSTACART,2021-01,VT,2619.070000000001,292817.5,Third- Party Delivery Services,Restaurant/Grocery/Other Delivery Services
187,DOORDASH,2021-02,NJ,239853.38000000003,8152761.120000001,Third- Party Delivery Services,Restaurant/Grocery/Other Delivery Services
188,GRUBHUB.COM,2021-03,WY,1453.2,59425.26,Third- Party Delivery Services,Restaurant/Grocery/Other Delivery Services
189,INSTACART,2021-03,OH,19371.740000000005,1706168.2499999998,Third- Party Delivery Services,Restaurant/Grocery/Other Delivery Services
190,DOORDASH,2021-03,WI,130849.68000000002,4236365.409999999,Third- Party Delivery Services,Restaurant/Grocery/Other Delivery Services
191,UBEREATS,2021-02,MA,70154.12999999999,2057453.29,Third- Party Delivery Services,Restaurant/Grocery/Other Delivery Services
192,UBEREATS,2021-02,OH,35366.11,996968.6199999998,Third- Party Delivery Services,Restaurant/Grocery/Other Delivery Services
193,DOORDASH,2021-01,SC,145042.22,4600406.120000001,Third- Party Delivery Services,Restaurant/Grocery/Other Delivery Services
194,AMAZON FRESH,2021-03,KY,1606.9000000000003,124095.79000000002,Third- Party Delivery Services,Restaurant/Grocery/Other Delivery Services
195,UBEREATS,2021-02,WV,4668.379999999999,135649.46000000002,Third- Party Delivery Services,Restaurant/Grocery/Other Delivery Services
196,GRUBHUB.COM,2021-03,MT,2770.499999999999,100698.62,Third- Party Delivery Services,Restaurant/Grocery/Other Delivery Services
197,INSTACART,2021-01,KS,9332.91,924874.15,Third- Party Delivery Services,Restaurant/Grocery/Other Delivery Services
198,INSTACART,2021-03,NY,114010.74999999996,10763978.179999998,Third- Party Delivery Services,Restaurant/Grocery/Other Delivery Services
199,AMAZON FRESH,2021-03,UT,2870.01,246073.09000000003,Third- Party Delivery Services,Restaurant/Grocery/Other Delivery Services
200,INSTACART,2021-03,MD,59816.62999999999,5627150.89,Third- Party Delivery Services,Restaurant/Grocery/Other Delivery Services
201,GRUBHUB.COM,2021-02,ND,1785.4800000000002,66050.80999999998,Third- Party Delivery Services,Restaurant/Grocery/Other Delivery Services
202,DOORDASH,2021-02,VA,296421.73,9694492.02,Third- Party Delivery Services,Restaurant/Grocery/Other Delivery Services
203,UBEREATS,2021-01,CO,92017.85,2739742.6500000004,Third- Party Delivery Services,Restaurant/Grocery/Other Delivery Services
204,DOORDASH,2021-03,ID,68884.01,2178412.6100000003,Third- Party Delivery Services,Restaurant/Grocery/Other Delivery Services
205,AMAZON FRESH,2021-01,MT,543.4,43494.47,Third- Party Delivery Services,Restaurant/Grocery/Other Delivery Services
206,UBEREATS,2021-03,KY,12039.57,341786.48000000004,Third- Party Delivery Services,Restaurant/Grocery/Other Delivery Services
207,DOORDASH,2021-03,WY,20739.75,680741.1700000002,Third- Party Delivery Services,Restaurant/Grocery/Other Delivery Services
208,DOORDASH,2021-01,FL,450219.59,13995522.079999998,Third- Party Delivery Services,Restaurant/Grocery/Other Delivery Services
209,AMAZON FRESH,2021-03,LA,2283.7699999999995,201771.37,Third- Party Delivery Services,Restaurant/Grocery/Other Delivery Services
210,GRUBHUB.COM,2021-03,NC,61652.59,2154318.27,Third- Party Delivery Services,Restaurant/Grocery/Other Delivery Services
211,INSTACART,2021-02,NH,5325.660000000001,497803.56000000006,Third- Party Delivery Services,Restaurant/Grocery/Other Delivery Services
212,INSTACART,2021-03,VT,1963.15,228023.29000000004,Third- Party Delivery Services,Restaurant/Grocery/Other Delivery Services
213,DOORDASH,2021-01,LA,43983.82999999999,1437689.56,Third- Party Delivery Services,Restaurant/Grocery/Other Delivery Services
214,DOORDASH,2021-03,OR,162709.08000000002,5488260.2,Third- Party Delivery Services,Restaurant/Grocery/Other Delivery Services
215,UBEREATS,2021-01,GA,251189.32,7545705.619999999,Third- Party Delivery Services,Restaurant/Grocery/Other Delivery Services
216,INSTACART,2021-02,NC,108608.44,10100498.340000002,Third- Party Delivery Services,Restaurant/Grocery/Other Delivery Services
217,AMAZON FRESH,2021-01,WI,9834.179999999998,734985.37,Third- Party Delivery Services,Restaurant/Grocery/Other Delivery Services
218,AMAZON FRESH,2021-02,AK,227.66,19214.7,Third- Party Delivery Services,Restaurant/Grocery/Other Delivery Services
219,UBEREATS,2021-01,DE,8075.919999999999,223476.0300000001,Third- Party Delivery Services,Restaurant/Grocery/Other Delivery Services
220,UBEREATS,2021-02,IL,107460.63,3073523.32,Third- Party Delivery Services,Restaurant/Grocery/Other Delivery Services
221,INSTACART,2021-02,MS,4724.53,439364.0500000001,Third- Party Delivery Services,Restaurant/Grocery/Other Delivery Services
222,GRUBHUB.COM,2021-01,KY,4877.7,177576.05000000002,Third- Party Delivery Services,Restaurant/Grocery/Other Delivery Services
223,GRUBHUB.COM,2021-03,IA,22899.81,851574.2999999999,Third- Party Delivery Services,Restaurant/Grocery/Other Delivery Services
224,INSTACART,2021-01,SD,2321.7,225994.69000000003,Third- Party Delivery Services,Restaurant/Grocery/Other Delivery Services
225,DOORDASH,2021-03,OH,140355.62,4393436.0200000005,Third- Party Delivery Services,Restaurant/Grocery/Other Delivery Services
226,AMAZON FRESH,2021-03,MS,1075.94,85189.62,Third- Party Delivery Services,Restaurant/Grocery/Other Delivery Services
227,GRUBHUB.COM,2021-01,DE,6790.54,240786.75,Third- Party Delivery Services,Restaurant/Grocery/Other Delivery Services
228,UBEREATS,2021-02,FL,634784.67,18183410.7,Third- Party Delivery Services,Restaurant/Grocery/Other Delivery Services
229,GRUBHUB.COM,2021-03,ND,2175.01,82092.30000000002,Third- Party Delivery Services,Restaurant/Grocery/Other Delivery Services
230,INSTACART,2021-03,AZ,45177.51,4364660.039999999,Third- Party Delivery Services,Restaurant/Grocery/Other Delivery Services
231,INSTACART,2021-03,AR,4020.23,337770.75999999995,Third- Party Delivery Services,Restaurant/Grocery/Other Delivery Services
232,DOORDASH,2021-02,NM,58020.79999999999,1942658.91,Third- Party Delivery Services,Restaurant/Grocery/Other Delivery Services
233,UBEREATS,2021-01,IN,17733.79,474566.76,Third- Party Delivery Services,Restaurant/Grocery/Other Delivery Services
234,INSTACART,2021-01,WA,67477.82,7516965.689999999,Third- Party Delivery Services,Restaurant/Grocery/Other Delivery Services
235,DOORDASH,2021-02,GA,300422.64,9404192.03,Third- Party Delivery Services,Restaurant/Grocery/Other Delivery Services
236,INSTACART,2021-02,OK,12066.499999999998,1084959.12,Third- Party Delivery Services,Restaurant/Grocery/Other Delivery Services
237,UBEREATS,2021-02,ID,19009.01,543318.34,Third- Party Delivery Services,Restaurant/Grocery/Other Delivery Services
238,INSTACART,2021-01,NY,130876.32,12586644.049999995,Third- Party Delivery Services,Restaurant/Grocery/Other Delivery Services
239,UBEREATS,2021-01,ID,20804.16,601075.87,Third- Party Delivery Services,Restaurant/Grocery/Other Delivery Services
240,DOORDASH,2021-02,ID,57479.26,1798903.44,Third- Party Delivery Services,Restaurant/Grocery/Other Delivery Services
241,INSTACART,2021-02,UT,13280.490000000002,1409003.7900000005,Third- Party Delivery Services,Restaurant/Grocery/Other Delivery Services
242,DOORDASH,2021-01,DC,34006.97,1180962.4899999998,Third- Party Delivery Services,Restaurant/Grocery/Other Delivery Services
243,DOORDASH,2021-02,AK,26020.51,916291.9500000002,Third- Party Delivery Services,Restaurant/Grocery/Other Delivery Services
244,GRUBHUB.COM,2021-01,TX,94124.79,3436082.02,Third- Party Delivery Services,Restaurant/Grocery/Other Delivery Services
245,AMAZON FRESH,2021-01,NM,2991.26,281416.35,Third- Party Delivery Services,Restaurant/Grocery/Other Delivery Services
246,INSTACART,2021-03,WV,6533.119999999999,604427.22,Third- Party Delivery Services,Restaurant/Grocery/Other Delivery Services
247,INSTACART,2021-02,HI,5345.480000000001,536865.63,Third- Party Delivery Services,Restaurant/Grocery/Other Delivery Services
248,GRUBHUB.COM,2021-02,NJ,71097.45999999999,2630898.849999999,Third- Party Delivery Services,Restaurant/Grocery/Other Delivery Services
249,GRUBHUB.COM,2021-03,WI,28158.43,1024729.0300000004,Third- Party Delivery Services,Restaurant/Grocery/Other Delivery Services
250,INSTACART,2021-03,ID,7315.059999999999,793434.15,Third- Party Delivery Services,Restaurant/Grocery/Other Delivery Services
251,INSTACART,2021-01,MO,17051.85,1692047.200000001,Third- Party Delivery Services,Restaurant/Grocery/Other Delivery Services
252,INSTACART,2021-01,ND,4113.1,409426.52,Third- Party Delivery Services,Restaurant/Grocery/Other Delivery Services
253,INSTACART,2021-02,VT,1918.8900000000003,232274.19,Third- Party Delivery Services,Restaurant/Grocery/Other Delivery Services
254,AMAZON FRESH,2021-02,MO,2760.2300000000005,198738.1,Third- Party Delivery Services,Restaurant/Grocery/Other Delivery Services
255,INSTACART,2021-03,AL,28322.430000000004,2839819.62,Third- Party Delivery Services,Restaurant/Grocery/Other Delivery Services
256,GRUBHUB.COM,2021-01,NV,23245.55,915056.89,Third- Party Delivery Services,Restaurant/Grocery/Other Delivery Services
257,GRUBHUB.COM,2021-02,IA,18536.75,687012.5299999999,Third- Party Delivery Services,Restaurant/Grocery/Other Delivery Services
258,AMAZON FRESH,2021-02,TX,50721.85999999998,3504575.44,Third- Party Delivery Services,Restaurant/Grocery/Other Delivery Services
259,GRUBHUB.COM,2021-03,DC,12903.9,472473.84,Third- Party Delivery Services,Restaurant/Grocery/Other Delivery Services
260,DOORDASH,2021-03,MS,46486.29,1416892.7200000004,Third- Party Delivery Services,Restaurant/Grocery/Other Delivery Services
261,DOORDASH,2021-01,OK,117830.53999999998,3822234.3,Third- Party Delivery Services,Restaurant/Grocery/Other Delivery Services
262,GRUBHUB.COM,2021-02,IL,57699.90000000001,2198343.41,Third- Party Delivery Services,Restaurant/Grocery/Other Delivery Services
263,AMAZON FRESH,2021-01,ID,1820.4,145488.83,Third- Party Delivery Services,Restaurant/Grocery/Other Delivery Services
264,INSTACART,2021-02,MN,79496.73,7972193.010000001,Third- Party Delivery Services,Restaurant/Grocery/Other Delivery Services
265,AMAZON FRESH,2021-01,DC,10834.590000000002,782696.4700000002,Third- Party Delivery Services,Restaurant/Grocery/Other Delivery Services
266,DOORDASH,2021-03,DC,33626.810000000005,1150434.29,Third- Party Delivery Services,Restaurant/Grocery/Other Delivery Services
267,DOORDASH,2021-01,TN,187052.92000000004,6004436.65,Third- Party Delivery Services,Restaurant/Grocery/Other Delivery Services
268,UBEREATS,2021-01,PA,188055.58,5410177.5600000005,Third- Party Delivery Services,Restaurant/Grocery/Other Delivery Services
269,GRUBHUB.COM,2021-02,WI,22820.09999999999,816872.17,Third- Party Delivery Services,Restaurant/Grocery/Other Delivery Services
270,UBEREATS,2021-02,GA,239113.55,6999612.339999999,Third- Party Delivery Services,Restaurant/Grocery/Other Delivery Services
271,DOORDASH,2021-01,MT,35421.08,1128225.5,Third- Party Delivery Services,Restaurant/Grocery/Other Delivery Services
272,UBEREATS,2021-03,WA,219029.37,7248739.509999999,Third- Party Delivery Services,Restaurant/Grocery/Other Delivery Services
273,INSTACART,2021-02,MI,9995.71,1001788.5299999998,Third- Party Delivery Services,Restaurant/Grocery/Other Delivery Services
274,INSTACART,2021-03,AK,4148.629999999999,485224.01,Third- Party Delivery Services,Restaurant/Grocery/Other Delivery Services
275,AMAZON FRESH,2021-03,AR,1268.5400000000002,110216.79999999996,Third- Party Delivery Services,Restaurant/Grocery/Other Delivery Services
276,GRUBHUB.COM,2021-02,TN,19444.88,701060.1299999999,Third- Party Delivery Services,Restaurant/Grocery/Other Delivery Services
277,GRUBHUB.COM,2021-03,ME,2995.5,122805.9,Third- Party Delivery Services,Restaurant/Grocery/Other Delivery Services
278,UBEREATS,2021-03,FL,738266.6299999999,21116165.360000003,Third- Party Delivery Services,Restaurant/Grocery/Other Delivery Services
279,DOORDASH,2021-01,VA,323654.3400000001,10591307.23,Third- Party Delivery Services,Restaurant/Grocery/Other Delivery Services
280,DOORDASH,2021-02,NC,337125.82,10594127.17,Third- Party Delivery Services,Restaurant/Grocery/Other Delivery Services
281,INSTACART,2021-03,OR,34647.67,3739293.520000001,Third- Party Delivery Services,Restaurant/Grocery/Other Delivery Services
282,UBEREATS,2021-03,ME,5160.580000000001,151907.27999999997,Third- Party Delivery Services,Restaurant/Grocery/Other Delivery Services
283,GRUBHUB.COM,2021-01,KS,6795.509999999999,263899.4,Third- Party Delivery Services,Restaurant/Grocery/Other Delivery Services
284,DOORDASH,2021-02,RI,6576.76,234456.35,Third- Party Delivery Services,Restaurant/Grocery/Other Delivery Services
285,INSTACART,2021-03,CT,33768.0,3472588.9800000004,Third- Party Delivery Services,Restaurant/Grocery/Other Delivery Services
286,AMAZON FRESH,2021-01,RI,1939.4000000000003,184397.71,Third- Party Delivery Services,Restaurant/Grocery/Other Delivery Services
287,DOORDASH,2021-02,ME,14612.010000000002,493430.94,Third- Party Delivery Services,Restaurant/Grocery/Other Delivery Services
288,UBEREATS,2021-01,AZ,123608.34999999998,3483765.6,Third- Party Delivery Services,Restaurant/Grocery/Other Delivery Services
289,AMAZON FRESH,2021-02,SC,5965.16,462399.2300000001,Third- Party Delivery Services,Restaurant/Grocery/Other Delivery Services
290,GRUBHUB.COM,2021-01,NM,11385.21,435439.07000000007,Third- Party Delivery Services,Restaurant/Grocery/Other Delivery Services
291,UBEREATS,2021-03,OR,74102.23,2133553.81,Third- Party Delivery Services,Restaurant/Grocery/Other Delivery Services
292,DOORDASH,2021-03,WV,42591.79999999999,1424968.41,Third- Party Delivery Services,Restaurant/Grocery/Other Delivery Services
293,AMAZON FRESH,2021-01,ND,127.63999999999996,7595.320000000001,Third- Party Delivery Services,Restaurant/Grocery/Other Delivery Services
294,INSTACART,2021-02,FL,195897.7800000001,18783444.8,Third- Party Delivery Services,Restaurant/Grocery/Other Delivery Services
295,INSTACART,2021-02,KY,6898.420000000001,616173.0900000001,Third- Party Delivery Services,Restaurant/Grocery/Other Delivery Services
296,AMAZON FRESH,2021-03,NC,27615.45,2133640.66,Third- Party Delivery Services,Restaurant/Grocery/Other Delivery Services
297,GRUBHUB.COM,2021-03,SC,14208.590000000004,493159.7599999999,Third- Party Delivery Services,Restaurant/Grocery/Other Delivery Services
298,GRUBHUB.COM,2021-02,MA,34252.81999999999,1215881.98,Third- Party Delivery Services,Restaurant/Grocery/Other Delivery Services
299,DOORDASH,2021-02,IN,48119.21,1596729.6000000003,Third- Party Delivery Services,Restaurant/Grocery/Other Delivery Services
300,DOORDASH,2021-01,RI,7137.089999999999,261410.96,Third- Party Delivery Services,Restaurant/Grocery/Other Delivery Services
301,UBEREATS,2021-03,WI,40816.51,1086301.0,Third- Party Delivery Services,Restaurant/Grocery/Other Delivery Services
302,GRUBHUB.COM,2021-02,GA,38548.87000000001,1344140.97,Third- Party Delivery Services,Restaurant/Grocery/Other Delivery Services
303,AMAZON FRESH,2021-03,MD,21064.550000000003,1556778.0799999998,Third- Party Delivery Services,Restaurant/Grocery/Other Delivery Services
304,UBEREATS,2021-02,OK,16705.129999999997,467479.4200000001,Third- Party Delivery Services,Restaurant/Grocery/Other Delivery Services
305,INSTACART,2021-01,FL,219821.23,21477326.840000004,Third- Party Delivery Services,Restaurant/Grocery/Other Delivery Services
306,UBEREATS,2021-03,DC,71882.24,2184636.27,Third- Party Delivery Services,Restaurant/Grocery/Other Delivery Services
307,UBEREATS,2021-02,TX,508135.8200000001,14448741.430000002,Third- Party Delivery Services,Restaurant/Grocery/Other Delivery Services
308,DOORDASH,2021-01,MA,74568.59999999999,2656271.86,Third- Party Delivery Services,Restaurant/Grocery/Other Delivery Services
309,GRUBHUB.COM,2021-02,OH,13578.270000000002,471650.01000000007,Third- Party Delivery Services,Restaurant/Grocery/Other Delivery Services
310,UBEREATS,2021-01,NH,5475.62,161505.6,Third- Party Delivery Services,Restaurant/Grocery/Other Delivery Services
311,AMAZON FRESH,2021-03,WV,470.81,42170.44,Third- Party Delivery Services,Restaurant/Grocery/Other Delivery Services
312,AMAZON FRESH,2021-03,SC,5865.42,465511.77,Third- Party Delivery Services,Restaurant/Grocery/Other Delivery Services
313,INSTACART,2021-01,WY,1751.6899999999998,183365.28000000003,Third- Party Delivery Services,Restaurant/Grocery/Other Delivery Services
314,DOORDASH,2021-02,NV,87620.01,2947719.630000001,Third- Party Delivery Services,Restaurant/Grocery/Other Delivery Services
315,INSTACART,2021-02,MT,5056.91,556233.72,Third- Party Delivery Services,Restaurant/Grocery/Other Delivery Services
316,DOORDASH,2021-02,AZ,210278.3,6862692.359999998,Third- Party Delivery Services,Restaurant/Grocery/Other Delivery Services
317,AMAZON FRESH,2021-02,MN,15262.610000000002,1168304.8999999997,Third- Party Delivery Services,Restaurant/Grocery/Other Delivery Services
318,GRUBHUB.COM,2021-03,CT,38942.130000000005,1417824.3500000006,Third- Party Delivery Services,Restaurant/Grocery/Other Delivery Services
319,GRUBHUB.COM,2021-03,OH,19254.79,634586.04,Third- Party Delivery Services,Restaurant/Grocery/Other Delivery Services
320,INSTACART,2021-01,NV,19821.160000000003,1884715.82,Third- Party Delivery Services,Restaurant/Grocery/Other Delivery Services
321,UBEREATS,2021-02,AZ,118765.18000000002,3294514.789999999,Third- Party Delivery Services,Restaurant/Grocery/Other Delivery Services
322,UBEREATS,2021-01,AR,7380.48,212632.69000000003,Third- Party Delivery Services,Restaurant/Grocery/Other Delivery Services
323,AMAZON FRESH,2021-01,AZ,17603.149999999998,1185196.16,Third- Party Delivery Services,Restaurant/Grocery/Other Delivery Services
324,DOORDASH,2021-01,AL,127379.95,4032058.5300000007,Third- Party Delivery Services,Restaurant/Grocery/Other Delivery Services
325,INSTACART,2021-03,MN,79115.14000000001,7857581.490000002,Third- Party Delivery Services,Restaurant/Grocery/Other Delivery Services
326,INSTACART,2021-03,LA,8770.74,886523.57,Third- Party Delivery Services,Restaurant/Grocery/Other Delivery Services
327,GRUBHUB.COM,2021-01,NC,52197.85999999999,1932104.98,Third- Party Delivery Services,Restaurant/Grocery/Other Delivery Services
328,DOORDASH,2021-03,MN,254832.12,8704941.030000001,Third- Party Delivery Services,Restaurant/Grocery/Other Delivery Services
329,GRUBHUB.COM,2021-03,DE,7295.479999999998,255751.71,Third- Party Delivery Services,Restaurant/Grocery/Other Delivery Services
330,DOORDASH,2021-01,NV,95192.69,3260295.710000001,Third- Party Delivery Services,Restaurant/Grocery/Other Delivery Services
331,DOORDASH,2021-01,MI,56996.51999999999,1979343.17,Third- Party Delivery Services,Restaurant/Grocery/Other Delivery Services
332,GRUBHUB.COM,2021-01,IL,62283.85999999999,2408086.68,Third- Party Delivery Services,Restaurant/Grocery/Other Delivery Services
333,UBEREATS,2021-03,NJ,262414.6000000001,7264131.479999999,Third- Party Delivery Services,Restaurant/Grocery/Other Delivery Services
334,GRUBHUB.COM,2021-01,NH,4762.549999999999,167572.95000000004,Third- Party Delivery Services,Restaurant/Grocery/Other Delivery Services
335,DOORDASH,2021-03,UT,174119.89999999994,5181771.04,Third- Party Delivery Services,Restaurant/Grocery/Other Delivery Services
336,INSTACART,2021-01,AZ,48479.49999999999,4857905.65,Third- Party Delivery Services,Restaurant/Grocery/Other Delivery Services
337,AMAZON FRESH,2021-02,NH,2119.1800000000007,200777.59,Third- Party Delivery Services,Restaurant/Grocery/Other Delivery Services
338,DOORDASH,2021-02,MI,52402.65,1804630.0700000008,Third- Party Delivery Services,Restaurant/Grocery/Other Delivery Services
339,UBEREATS,2021-03,MA,83766.80000000002,2371668.45,Third- Party Delivery Services,Restaurant/Grocery/Other Delivery Services
340,DOORDASH,2021-03,CA,2085450.05,75055622.42000002,Third- Party Delivery Services,Restaurant/Grocery/Other Delivery Services
341,AMAZON FRESH,2021-03,AK,269.6600000000001,23366.13,Third- Party Delivery Services,Restaurant/Grocery/Other Delivery Services
342,INSTACART,2021-01,OK,13346.03,1245329.34,Third- Party Delivery Services,Restaurant/Grocery/Other Delivery Services
343,UBEREATS,2021-03,ND,5752.510000000001,154021.63999999998,Third- Party Delivery Services,Restaurant/Grocery/Other Delivery Services
344,INSTACART,2021-02,KS,8372.59,803821.6400000002,Third- Party Delivery Services,Restaurant/Grocery/Other Delivery Services
345,GRUBHUB.COM,2021-02,MD,52104.03,1931621.6200000003,Third- Party Delivery Services,Restaurant/Grocery/Other Delivery Services
346,AMAZON FRESH,2021-02,IA,3001.33,246704.02,Third- Party Delivery Services,Restaurant/Grocery/Other Delivery Services
347,DOORDASH,2021-01,OR,160057.69,5336250.87,Third- Party Delivery Services,Restaurant/Grocery/Other Delivery Services
348,UBEREATS,2021-02,CO,85027.75000000001,2533007.66,Third- Party Delivery Services,Restaurant/Grocery/Other Delivery Services
349,GRUBHUB.COM,2021-02,DC,11054.460000000005,417464.48000000016,Third- Party Delivery Services,Restaurant/Grocery/Other Delivery Services
350,UBEREATS,2021-02,MS,10391.160000000002,294440.8900000001,Third- Party Delivery Services,Restaurant/Grocery/Other Delivery Services
351,INSTACART,2021-02,DC,10910.89,992100.81,Third- Party Delivery Services,Restaurant/Grocery/Other Delivery Services
352,DOORDASH,2021-01,KS,60269.42,1956881.8400000008,Third- Party Delivery Services,Restaurant/Grocery/Other Delivery Services
353,GRUBHUB.COM,2021-01,GA,41302.35999999999,1463525.3199999996,Third- Party Delivery Services,Restaurant/Grocery/Other Delivery Services
354,UBEREATS,2021-02,IN,17127.28,464747.35,Third- Party Delivery Services,Restaurant/Grocery/Other Delivery Services
355,DOORDASH,2021-01,OH,137453.68,4316872.389999999,Third- Party Delivery Services,Restaurant/Grocery/Other Delivery Services
356,GRUBHUB.COM,2021-03,VT,1958.55,82102.35999999999,Third- Party Delivery Services,Restaurant/Grocery/Other Delivery Services
357,AMAZON FRESH,2021-01,WY,319.6600000000001,24456.720000000005,Third- Party Delivery Services,Restaurant/Grocery/Other Delivery Services
358,AMAZON FRESH,2021-03,ME,1397.2100000000005,134673.61000000002,Third- Party Delivery Services,Restaurant/Grocery/Other Delivery Services
359,AMAZON FRESH,2021-01,DE,1568.0899999999997,128647.36000000002,Third- Party Delivery Services,Restaurant/Grocery/Other Delivery Services
360,AMAZON FRESH,2021-03,CO,22489.17,1996415.94,Third- Party Delivery Services,Restaurant/Grocery/Other Delivery Services
361,UBEREATS,2021-03,MT,14255.729999999998,415235.45,Third- Party Delivery Services,Restaurant/Grocery/Other Delivery Services
362,DOORDASH,2021-02,KY,51949.28999999999,1590593.5299999998,Third- Party Delivery Services,Restaurant/Grocery/Other Delivery Services
363,UBEREATS,2021-03,SC,55604.67999999999,1576878.62,Third- Party Delivery Services,Restaurant/Grocery/Other Delivery Services
364,GRUBHUB.COM,2021-03,NE,19763.91,712650.7200000001,Third- Party Delivery Services,Restaurant/Grocery/Other Delivery Services
365,INSTACART,2021-02,NY,109821.91000000005,10436422.17,Third- Party Delivery Services,Restaurant/Grocery/Other Delivery Services
366,AMAZON FRESH,2021-01,OR,16180.020000000002,1247077.72,Third- Party Delivery Services,Restaurant/Grocery/Other Delivery Services
367,AMAZON FRESH,2021-02,WI,7795.54,566131.4299999999,Third- Party Delivery Services,Restaurant/Grocery/Other Delivery Services
368,GRUBHUB.COM,2021-03,FL,60411.69,2081339.5,Third- Party Delivery Services,Restaurant/Grocery/Other Delivery Services
369,INSTACART,2021-01,WI,32846.24999999999,3112232.57,Third- Party Delivery Services,Restaurant/Grocery/Other Delivery Services
370,AMAZON FRESH,2021-02,ND,117.24,6802.71,Third- Party Delivery Services,Restaurant/Grocery/Other Delivery Services
371,DOORDASH,2021-03,VT,5062.969999999999,180193.93,Third- Party Delivery Services,Restaurant/Grocery/Other Delivery Services
372,GRUBHUB.COM,2021-01,PA,150201.33000000002,5642825.430000001,Third- Party Delivery Services,Restaurant/Grocery/Other Delivery Services
373,DOORDASH,2021-01,NY,287884.28,9581722.28,Third- Party Delivery Services,Restaurant/Grocery/Other Delivery Services
374,UBEREATS,2021-01,MS,11442.13,319255.25,Third- Party Delivery Services,Restaurant/Grocery/Other Delivery Services
375,UBEREATS,2021-01,NM,13990.350000000004,385784.5799999999,Third- Party Delivery Services,Restaurant/Grocery/Other Delivery Services
376,GRUBHUB.COM,2021-01,NY,168864.27,6151785.570000002,Third- Party Delivery Services,Restaurant/Grocery/Other Delivery Services
377,DOORDASH,2021-02,ND,23331.35,760208.1000000001,Third- Party Delivery Services,Restaurant/Grocery/Other Delivery Services
378,AMAZON FRESH,2021-01,VT,1003.73,88687.45,Third- Party Delivery Services,Restaurant/Grocery/Other Delivery Services
379,GRUBHUB.COM,2021-03,OK,10658.670000000002,375711.91,Third- Party Delivery Services,Restaurant/Grocery/Other Delivery Services
380,GRUBHUB.COM,2021-02,WY,1387.9799999999996,50804.280000000006,Third- Party Delivery Services,Restaurant/Grocery/Other Delivery Services
381,UBEREATS,2021-01,CT,111303.56,3470205.2600000007,Third- Party Delivery Services,Restaurant/Grocery/Other Delivery Services
382,AMAZON FRESH,2021-01,MD,22148.72,1664998.1100000003,Third- Party Delivery Services,Restaurant/Grocery/Other Delivery Services
383,UBEREATS,2021-01,WI,36775.06,1006651.4499999998,Third- Party Delivery Services,Restaurant/Grocery/Other Delivery Services
384,INSTACART,2021-03,KS,8168.45,765922.1400000002,Third- Party Delivery Services,Restaurant/Grocery/Other Delivery Services
385,UBEREATS,2021-02,SD,2786.459999999999,79654.70999999999,Third- Party Delivery Services,Restaurant/Grocery/Other Delivery Services
386,INSTACART,2021-02,AZ,41935.25,4088790.14,Third- Party Delivery Services,Restaurant/Grocery/Other Delivery Services
387,UBEREATS,2021-03,MD,166544.33000000005,4911733.05,Third- Party Delivery Services,Restaurant/Grocery/Other Delivery Services
388,AMAZON FRESH,2021-03,IN,2940.600000000001,233408.68,Third- Party Delivery Services,Restaurant/Grocery/Other Delivery Services
389,AMAZON FRESH,2021-01,KS,2119.01,156343.05,Third- Party Delivery Services,Restaurant/Grocery/Other Delivery Services
390,DOORDASH,2021-01,IA,103705.75999999998,3294083.87,Third- Party Delivery Services,Restaurant/Grocery/Other Delivery Services
391,GRUBHUB.COM,2021-01,MI,12694.070000000002,487999.3500000001,Third- Party Delivery Services,Restaurant/Grocery/Other Delivery Services
392,GRUBHUB.COM,2021-01,WV,4150.43,162292.67999999996,Third- Party Delivery Services,Restaurant/Grocery/Other Delivery Services
393,GRUBHUB.COM,2021-02,NV,20436.22,794176.07,Third- Party Delivery Services,Restaurant/Grocery/Other Delivery Services
394,AMAZON FRESH,2021-01,AK,370.83,28384.58,Third- Party Delivery Services,Restaurant/Grocery/Other Delivery Services
395,DOORDASH,2021-03,AR,23633.22,787731.03,Third- Party Delivery Services,Restaurant/Grocery/Other Delivery Services
396,AMAZON FRESH,2021-02,MD,19855.450000000004,1441196.24,Third- Party Delivery Services,Restaurant/Grocery/Other Delivery Services
397,UBEREATS,2021-01,MN,44476.06999999999,1232636.1599999997,Third- Party Delivery Services,Restaurant/Grocery/Other Delivery Services
398,AMAZON FRESH,2021-01,AR,1363.2999999999995,117008.03,Third- Party Delivery Services,Restaurant/Grocery/Other Delivery Services
399,DOORDASH,2021-02,SC,137867.15,4344581.51,Third- Party Delivery Services,Restaurant/Grocery/Other Delivery Services
400,UBEREATS,2021-01,ND,5312.240000000002,158401.08,Third- Party Delivery Services,Restaurant/Grocery/Other Delivery Services
401,AMAZON FRESH,2021-03,TX,61550.52,4347889.22,Third- Party Delivery Services,Restaurant/Grocery/Other Delivery Services
402,AMAZON FRESH,2021-03,TN,12541.339999999997,987399.6300000002,Third- Party Delivery Services,Restaurant/Grocery/Other Delivery Services
403,DOORDASH,2021-03,ME,17324.260000000002,588357.7800000001,Third- Party Delivery Services,Restaurant/Grocery/Other Delivery Services
404,DOORDASH,2021-03,DE,45472.630000000005,1443042.75,Third- Party Delivery Services,Restaurant/Grocery/Other Delivery Services
405,UBEREATS,2021-01,TX,642812.4300000003,17933634.779999997,Third- Party Delivery Services,Restaurant/Grocery/Other Delivery Services
406,INSTACART,2021-02,CO,34306.06,3544138.3300000005,Third- Party Delivery Services,Restaurant/Grocery/Other Delivery Services
407,AMAZON FRESH,2021-03,MO,2626.48,205903.05,Third- Party Delivery Services,Restaurant/Grocery/Other Delivery Services
408,INSTACART,2021-01,UT,13887.46,1529245.4400000002,Third- Party Delivery Services,Restaurant/Grocery/Other Delivery Services
409,AMAZON FRESH,2021-03,AZ,14726.35,1017508.35,Third- Party Delivery Services,Restaurant/Grocery/Other Delivery Services
410,GRUBHUB.COM,2021-01,ME,2431.74,109088.89,Third- Party Delivery Services,Restaurant/Grocery/Other Delivery Services
411,INSTACART,2021-03,FL,208565.83,19789169.13,Third- Party Delivery Services,Restaurant/Grocery/Other Delivery Services
412,INSTACART,2021-03,NM,9039.69,932297.87,Third- Party Delivery Services,Restaurant/Grocery/Other Delivery Services
413,DOORDASH,2021-01,HI,25654.38,932108.35,Third- Party Delivery Services,Restaurant/Grocery/Other Delivery Services
414,AMAZON FRESH,2021-02,NJ,21092.59,1645827.8399999996,Third- Party Delivery Services,Restaurant/Grocery/Other Delivery Services
415,GRUBHUB.COM,2021-03,MN,31517.070000000007,1230150.33,Third- Party Delivery Services,Restaurant/Grocery/Other Delivery Services
416,DOORDASH,2021-03,PA,411684.9399999999,13707833.72,Third- Party Delivery Services,Restaurant/Grocery/Other Delivery Services
417,AMAZON FRESH,2021-01,NH,2382.1,220887.31,Third- Party Delivery Services,Restaurant/Grocery/Other Delivery Services
418,INSTACART,2021-03,CO,35488.98000000001,3652518.38,Third- Party Delivery Services,Restaurant/Grocery/Other Delivery Services
419,UBEREATS,2021-01,NY,393095.45,11302150.48,Third- Party Delivery Services,Restaurant/Grocery/Other Delivery Services
420,UBEREATS,2021-03,IN,19511.78,534671.13,Third- Party Delivery Services,Restaurant/Grocery/Other Delivery Services
421,GRUBHUB.COM,2021-01,MD,58694.31000000001,2233272.5300000003,Third- Party Delivery Services,Restaurant/Grocery/Other Delivery Services
422,GRUBHUB.COM,2021-03,GA,49524.80999999999,1714809.2500000007,Third- Party Delivery Services,Restaurant/Grocery/Other Delivery Services
423,INSTACART,2021-02,SD,1978.7700000000004,186306.09000000003,Third- Party Delivery Services,Restaurant/Grocery/Other Delivery Services
424,INSTACART,2021-01,ID,7796.5,887208.1700000003,Third- Party Delivery Services,Restaurant/Grocery/Other Delivery Services
425,AMAZON FRESH,2021-01,MO,2802.22,207096.33,Third- Party Delivery Services,Restaurant/Grocery/Other Delivery Services
426,INSTACART,2021-01,OH,21073.070000000003,1977809.33,Third- Party Delivery Services,Restaurant/Grocery/Other Delivery Services
427,INSTACART,2021-01,RI,2188.3,272225.66000000003,Third- Party Delivery Services,Restaurant/Grocery/Other Delivery Services
428,INSTACART,2021-02,SC,43027.35,4015779.56,Third- Party Delivery Services,Restaurant/Grocery/Other Delivery Services
429,DOORDASH,2021-03,SC,152248.41,4832517.65,Third- Party Delivery Services,Restaurant/Grocery/Other Delivery Services
430,GRUBHUB.COM,2021-03,AL,12494.899999999998,402442.79,Third- Party Delivery Services,Restaurant/Grocery/Other Delivery Services
431,AMAZON FRESH,2021-03,GA,18377.35,1319052.2100000002,Third- Party Delivery Services,Restaurant/Grocery/Other Delivery Services
432,AMAZON FRESH,2021-02,CT,8623.2,794850.3999999999,Third- Party Delivery Services,Restaurant/Grocery/Other Delivery Services
433,DOORDASH,2021-01,KY,58372.71,1833724.8,Third- Party Delivery Services,Restaurant/Grocery/Other Delivery Services
434,DOORDASH,2021-03,IL,165236.99,5412629.149999999,Third- Party Delivery Services,Restaurant/Grocery/Other Delivery Services
435,AMAZON FRESH,2021-02,WV,381.94,36289.75,Third- Party Delivery Services,Restaurant/Grocery/Other Delivery Services
436,INSTACART,2021-02,OR,32441.029999999995,3538175.02,Third- Party Delivery Services,Restaurant/Grocery/Other Delivery Services
437,INSTACART,2021-03,IA,13646.14,1194320.65,Third- Party Delivery Services,Restaurant/Grocery/Other Delivery Services
438,UBEREATS,2021-03,UT,28842.59,729842.4100000001,Third- Party Delivery Services,Restaurant/Grocery/Other Delivery Services
439,DOORDASH,2021-01,NJ,282903.39000000013,9607757.670000002,Third- Party Delivery Services,Restaurant/Grocery/Other Delivery Services
440,GRUBHUB.COM,2021-03,NM,12290.130000000005,463869.3199999999,Third- Party Delivery Services,Restaurant/Grocery/Other Delivery Services
441,GRUBHUB.COM,2021-03,CO,65668.62000000001,2644835.3700000006,Third- Party Delivery Services,Restaurant/Grocery/Other Delivery Services
442,DOORDASH,2021-03,MI,57357.98999999999,1913030.62,Third- Party Delivery Services,Restaurant/Grocery/Other Delivery Services
443,UBEREATS,2021-02,CA,594477.1400000001,18292515.32,Third- Party Delivery Services,Restaurant/Grocery/Other Delivery Services
444,UBEREATS,2021-03,RI,5487.799999999999,153586.13000000006,Third- Party Delivery Services,Restaurant/Grocery/Other Delivery Services
445,GRUBHUB.COM,2021-03,AZ,41026.62999999999,1441056.9499999995,Third- Party Delivery Services,Restaurant/Grocery/Other Delivery Services
446,DOORDASH,2021-01,NM,63166.22000000001,2153824.89,Third- Party Delivery Services,Restaurant/Grocery/Other Delivery Services
447,UBEREATS,2021-02,NE,18016.7,496291.66,Third- Party Delivery Services,Restaurant/Grocery/Other Delivery Services
448,INSTACART,2021-03,RI,1772.6500000000003,197555.48,Third- Party Delivery Services,Restaurant/Grocery/Other Delivery Services
449,AMAZON FRESH,2021-02,VT,885.72,81481.35999999999,Third- Party Delivery Services,Restaurant/Grocery/Other Delivery Services
450,INSTACART,2021-01,AL,32534.24,3251238.6500000004,Third- Party Delivery Services,Restaurant/Grocery/Other Delivery Services
451,INSTACART,2021-03,NJ,51733.20999999999,5345422.41,Third- Party Delivery Services,Restaurant/Grocery/Other Delivery Services
452,GRUBHUB.COM,2021-02,AK,3613.64,145527.01000000004,Third- Party Delivery Services,Restaurant/Grocery/Other Delivery Services
453,GRUBHUB.COM,2021-03,UT,18152.48,660653.1100000001,Third- Party Delivery Services,Restaurant/Grocery/Other Delivery Services
454,INSTACART,2021-03,WA,61777.34,6772764.700000001,Third- Party Delivery Services,Restaurant/Grocery/Other Delivery Services
455,UBEREATS,2021-03,IL,121954.41999999998,3454513.57,Third- Party Delivery Services,Restaurant/Grocery/Other Delivery Services
456,INSTACART,2021-02,OH,19415.119999999995,1699517.8200000003,Third- Party Delivery Services,Restaurant/Grocery/Other Delivery Services
457,GRUBHUB.COM,2021-02,NM,10065.329999999998,377028.27,Third- Party Delivery Services,Restaurant/Grocery/Other Delivery Services
458,UBEREATS,2021-02,AK,3451.86,92472.13,Third- Party Delivery Services,Restaurant/Grocery/Other Delivery Services
459,INSTACART,2021-01,AR,4721.86,432104.47,Third- Party Delivery Services,Restaurant/Grocery/Other Delivery Services
460,UBEREATS,2021-01,MT,14901.099999999997,445730.77,Third- Party Delivery Services,Restaurant/Grocery/Other Delivery Services
461,AMAZON FRESH,2021-01,KY,1822.8100000000004,146819.71999999997,Third- Party Delivery Services,Restaurant/Grocery/Other Delivery Services
462,GRUBHUB.COM,2021-01,SC,13530.22,486574.7699999999,Third- Party Delivery Services,Restaurant/Grocery/Other Delivery Services
463,INSTACART,2021-02,CA,415991.63,41827427.47999999,Third- Party Delivery Services,Restaurant/Grocery/Other Delivery Services
464,AMAZON FRESH,2021-02,MT,526.5,40931.82000000001,Third- Party Delivery Services,Restaurant/Grocery/Other Delivery Services
465,GRUBHUB.COM,2021-01,CA,259955.8,10486260.200000005,Third- Party Delivery Services,Restaurant/Grocery/Other Delivery Services
466,GRUBHUB.COM,2021-02,NE,15327.79,563470.3300000002,Third- Party Delivery Services,Restaurant/Grocery/Other Delivery Services
467,INSTACART,2021-03,ME,2708.479999999999,283808.54,Third- Party Delivery Services,Restaurant/Grocery/Other Delivery Services
468,DOORDASH,2021-03,IA,113395.99000000002,3562878.29,Third- Party Delivery Services,Restaurant/Grocery/Other Delivery Services
469,UBEREATS,2021-03,TX,664365.32,18419730.4,Third- Party Delivery Services,Restaurant/Grocery/Other Delivery Services
470,INSTACART,2021-01,GA,105819.69,10184588.13,Third- Party Delivery Services,Restaurant/Grocery/Other Delivery Services
471,UBEREATS,2021-01,SD,2578.98,68988.97999999997,Third- Party Delivery Services,Restaurant/Grocery/Other Delivery Services
472,AMAZON FRESH,2021-02,KY,1524.1100000000004,124200.11,Third- Party Delivery Services,Restaurant/Grocery/Other Delivery Services
473,INSTACART,2021-01,CA,517123.57000000007,51504297.14000001,Third- Party Delivery Services,Restaurant/Grocery/Other Delivery Services
474,AMAZON FRESH,2021-03,AL,2792.5599999999995,192991.37,Third- Party Delivery Services,Restaurant/Grocery/Other Delivery Services
475,INSTACART,2021-01,AK,4257.35,502688.14,Third- Party Delivery Services,Restaurant/Grocery/Other Delivery Services
476,AMAZON FRESH,2021-01,MA,18128.99,1483979.12,Third- Party Delivery Services,Restaurant/Grocery/Other Delivery Services
477,GRUBHUB.COM,2021-02,SC,12074.919999999998,431554.63,Third- Party Delivery Services,Restaurant/Grocery/Other Delivery Services
478,AMAZON FRESH,2021-02,DC,10036.239999999998,727770.8300000002,Third- Party Delivery Services,Restaurant/Grocery/Other Delivery Services
479,UBEREATS,2021-02,RI,4295.780000000001,120435.29,Third- Party Delivery Services,Restaurant/Grocery/Other Delivery Services
480,UBEREATS,2021-01,DC,62354.16999999999,1904568.1400000004,Third- Party Delivery Services,Restaurant/Grocery/Other Delivery Services
481,GRUBHUB.COM,2021-03,NY,183141.35,6435295.589999999,Third- Party Delivery Services,Restaurant/Grocery/Other Delivery Services
482,AMAZON FRESH,2021-02,VA,25033.709999999992,1851161.2700000005,Third- Party Delivery Services,Restaurant/Grocery/Other Delivery Services
483,INSTACART,2021-03,MS,5655.41,502293.26000000007,Third- Party Delivery Services,Restaurant/Grocery/Other Delivery Services
484,DOORDASH,2021-03,MA,75402.91,2604988.8100000005,Third- Party Delivery Services,Restaurant/Grocery/Other Delivery Services
485,AMAZON FRESH,2021-03,CA,177934.38,13123555.979999997,Third- Party Delivery Services,Restaurant/Grocery/Other Delivery Services
486,AMAZON FRESH,2021-01,IN,3456.2100000000005,239993.96000000005,Third- Party Delivery Services,Restaurant/Grocery/Other Delivery Services
487,DOORDASH,2021-03,KS,65641.20999999998,2066612.0,Third- Party Delivery Services,Restaurant/Grocery/Other Delivery Services
488,UBEREATS,2021-03,AL,28791.62,768877.88,Third- Party Delivery Services,Restaurant/Grocery/Other Delivery Services
489,DOORDASH,2021-01,GA,321494.95000000007,10142199.47,Third- Party Delivery Services,Restaurant/Grocery/Other Delivery Services
490,GRUBHUB.COM,2021-02,AZ,32367.120000000003,1172826.0399999998,Third- Party Delivery Services,Restaurant/Grocery/Other Delivery Services
491,DOORDASH,2021-02,MA,69862.06,2475590.4800000004,Third- Party Delivery Services,Restaurant/Grocery/Other Delivery Services
492,INSTACART,2021-03,TX,120738.64999999998,11480056.95,Third- Party Delivery Services,Restaurant/Grocery/Other Delivery Services
493,DOORDASH,2021-03,OK,122670.76999999996,3921656.69,Third- Party Delivery Services,Restaurant/Grocery/Other Delivery Services
494,AMAZON FRESH,2021-02,FL,33606.280000000006,2377974.0900000003,Third- Party Delivery Services,Restaurant/Grocery/Other Delivery Services
495,UBEREATS,2021-02,WY,2735.65,81239.66000000002,Third- Party Delivery Services,Restaurant/Grocery/Other Delivery Services
496,GRUBHUB.COM,2021-02,CT,30914.800000000003,1134334.03,Third- Party Delivery Services,Restaurant/Grocery/Other Delivery Services
497,UBEREATS,2021-01,LA,19894.700000000004,625418.94,Third- Party Delivery Services,Restaurant/Grocery/Other Delivery Services
498,AMAZON FRESH,2021-03,MN,14767.36,1141520.58,Third- Party Delivery Services,Restaurant/Grocery/Other Delivery Services
499,GRUBHUB.COM,2021-01,IA,19955.8,751534.41,Third- Party Delivery Services,Restaurant/Grocery/Other Delivery Services
500,UBEREATS,2021-02,VT,2357.380000000001,78664.12,Third- Party Delivery Services,Restaurant/Grocery/Other Delivery Services
501,DOORDASH,2021-03,NE,108635.71,3510414.59,Third- Party Delivery Services,Restaurant/Grocery/Other Delivery Services
502,UBEREATS,2021-02,NH,5562.510000000001,167494.2,Third- Party Delivery Services,Restaurant/Grocery/Other Delivery Services
503,DOORDASH,2021-02,IL,142317.52000000002,4778526.240000001,Third- Party Delivery Services,Restaurant/Grocery/Other Delivery Services
504,INSTACART,2021-03,ND,3746.91,361293.31,Third- Party Delivery Services,Restaurant/Grocery/Other Delivery Services
505,INSTACART,2021-01,MA,30218.669999999995,3140225.77,Third- Party Delivery Services,Restaurant/Grocery/Other Delivery Services
506,GRUBHUB.COM,2021-01,LA,4608.950000000001,167107.30999999997,Third- Party Delivery Services,Restaurant/Grocery/Other Delivery Services
507,GRUBHUB.COM,2021-02,NH,4236.630000000001,159753.18000000002,Third- Party Delivery Services,Restaurant/Grocery/Other Delivery Services
508,DOORDASH,2021-02,MT,33837.91999999999,1068765.33,Third- Party Delivery Services,Restaurant/Grocery/Other Delivery Services
509,UBEREATS,2021-02,LA,16704.19,529634.1799999999,Third- Party Delivery Services,Restaurant/Grocery/Other Delivery Services
510,AMAZON FRESH,2021-01,OH,6351.269999999999,462197.50000000006,Third- Party Delivery Services,Restaurant/Grocery/Other Delivery Services
511,GRUBHUB.COM,2021-03,KY,5932.349999999999,205536.86,Third- Party Delivery Services,Restaurant/Grocery/Other Delivery Services
512,GRUBHUB.COM,2021-01,ND,1891.52,74620.04,Third- Party Delivery Services,Restaurant/Grocery/Other Delivery Services
513,AMAZON FRESH,2021-02,LA,2163.61,185200.02,Third- Party Delivery Services,Restaurant/Grocery/Other Delivery Services
514,AMAZON FRESH,2021-02,MS,947.16,75849.49999999999,Third- Party Delivery Services,Restaurant/Grocery/Other Delivery Services
515,INSTACART,2021-02,IL,43530.750000000015,3856196.21,Third- Party Delivery Services,Restaurant/Grocery/Other Delivery Services
516,UBEREATS,2021-01,HI,13491.589999999997,394572.3300000001,Third- Party Delivery Services,Restaurant/Grocery/Other Delivery Services
517,INSTACART,2021-01,CO,37483.91000000001,4057014.170000001,Third- Party Delivery Services,Restaurant/Grocery/Other Delivery Services
518,UBEREATS,2021-03,KS,17120.239999999998,452517.92999999993,Third- Party Delivery Services,Restaurant/Grocery/Other Delivery Services
519,GRUBHUB.COM,2021-01,AL,11383.240000000002,397085.8100000001,Third- Party Delivery Services,Restaurant/Grocery/Other Delivery Services
520,AMAZON FRESH,2021-01,NE,3104.4400000000005,267878.02,Third- Party Delivery Services,Restaurant/Grocery/Other Delivery Services
521,INSTACART,2021-02,MD,58033.91,5446298.75,Third- Party Delivery Services,Restaurant/Grocery/Other Delivery Services
522,UBEREATS,2021-02,TN,87514.16999999997,2592528.07,Third- Party Delivery Services,Restaurant/Grocery/Other Delivery Services
523,GRUBHUB.COM,2021-03,IN,12717.899999999998,422750.03,Third- Party Delivery Services,Restaurant/Grocery/Other Delivery Services
524,INSTACART,2021-01,NJ,55542.95,6007934.679999999,Third- Party Delivery Services,Restaurant/Grocery/Other Delivery Services
525,DOORDASH,2021-02,HI,23617.02,854715.1400000002,Third- Party Delivery Services,Restaurant/Grocery/Other Delivery Services
526,DOORDASH,2021-03,ND,26873.22,873368.6400000001,Third- Party Delivery Services,Restaurant/Grocery/Other Delivery Services
527,AMAZON FRESH,2021-01,TX,73320.31999999999,5034969.48,Third- Party Delivery Services,Restaurant/Grocery/Other Delivery Services
528,DOORDASH,2021-02,WA,276711.21,10062680.680000002,Third- Party Delivery Services,Restaurant/Grocery/Other Delivery Services
529,UBEREATS,2021-02,MD,135299.88999999998,4059721.91,Third- Party Delivery Services,Restaurant/Grocery/Other Delivery Services
530,UBEREATS,2021-02,WI,35736.31,968259.43,Third- Party Delivery Services,Restaurant/Grocery/Other Delivery Services
531,UBEREATS,2021-01,AK,3322.11,96585.35,Third- Party Delivery Services,Restaurant/Grocery/Other Delivery Services
532,GRUBHUB.COM,2021-02,TX,80511.68000000001,2905159.5000000005,Third- Party Delivery Services,Restaurant/Grocery/Other Delivery Services
533,GRUBHUB.COM,2021-01,RI,4175.409999999999,155397.24,Third- Party Delivery Services,Restaurant/Grocery/Other Delivery Services
534,UBEREATS,2021-03,AR,9041.419999999998,255908.25,Third- Party Delivery Services,Restaurant/Grocery/Other Delivery Services
535,DOORDASH,2021-02,TX,739030.1000000002,23861145.430000003,Third- Party Delivery Services,Restaurant/Grocery/Other Delivery Services
536,GRUBHUB.COM,2021-03,NH,5747.7,207294.49,Third- Party Delivery Services,Restaurant/Grocery/Other Delivery Services
537,DOORDASH,2021-03,NC,370070.26,11485215.08,Third- Party Delivery Services,Restaurant/Grocery/Other Delivery Services
538,DOORDASH,2021-01,SD,20596.09,688190.5200000003,Third- Party Delivery Services,Restaurant/Grocery/Other Delivery Services
539,GRUBHUB.COM,2021-01,OR,56822.73,2165909.24,Third- Party Delivery Services,Restaurant/Grocery/Other Delivery Services
540,DOORDASH,2021-03,IN,50954.03999999999,1682365.2200000002,Third- Party Delivery Services,Restaurant/Grocery/Other Delivery Services
541,UBEREATS,2021-03,DE,10471.480000000003,282124.92,Third- Party Delivery Services,Restaurant/Grocery/Other Delivery Services
542,DOORDASH,2021-03,RI,6183.43,223571.1,Third- Party Delivery Services,Restaurant/Grocery/Other Delivery Services
543,AMAZON FRESH,2021-01,IA,3345.1900000000005,263851.2,Third- Party Delivery Services,Restaurant/Grocery/Other Delivery Services
544,UBEREATS,2021-01,OR,72151.89000000001,2070358.26,Third- Party Delivery Services,Restaurant/Grocery/Other Delivery Services
545,GRUBHUB.COM,2021-02,OR,46245.44,1742212.9,Third- Party Delivery Services,Restaurant/Grocery/Other Delivery Services
546,INSTACART,2021-03,NE,9846.47,901565.62,Third- Party Delivery Services,Restaurant/Grocery/Other Delivery Services
547,INSTACART,2021-03,TN,41517.98,4067954.16,Third- Party Delivery Services,Restaurant/Grocery/Other Delivery Services
548,GRUBHUB.COM,2021-01,ID,6356.72,231921.70000000007,Third- Party Delivery Services,Restaurant/Grocery/Other Delivery Services
549,AMAZON FRESH,2021-03,VT,888.9,84971.69,Third- Party Delivery Services,Restaurant/Grocery/Other Delivery Services
550,UBEREATS,2021-01,KS,13984.409999999998,391448.03,Third- Party Delivery Services,Restaurant/Grocery/Other Delivery Services
551,AMAZON FRESH,2021-03,WI,7918.94,580395.8099999999,Third- Party Delivery Services,Restaurant/Grocery/Other Delivery Services
552,DOORDASH,2021-01,WI,125742.58,4123576.4499999993,Third- Party Delivery Services,Restaurant/Grocery/Other Delivery Services
553,INSTACART,2021-01,OR,38040.26,4169027.87,Third- Party Delivery Services,Restaurant/Grocery/Other Delivery Services
554,GRUBHUB.COM,2021-02,MS,3416.8400000000006,115103.83,Third- Party Delivery Services,Restaurant/Grocery/Other Delivery Services
555,AMAZON FRESH,2021-02,DE,1334.9400000000005,113033.32,Third- Party Delivery Services,Restaurant/Grocery/Other Delivery Services
556,AMAZON FRESH,2021-02,IN,2735.55,212824.00999999995,Third- Party Delivery Services,Restaurant/Grocery/Other Delivery Services
557,AMAZON FRESH,2021-02,MA,15780.46,1268098.7,Third- Party Delivery Services,Restaurant/Grocery/Other Delivery Services
558,UBEREATS,2021-03,NE,24619.79,654313.09,Third- Party Delivery Services,Restaurant/Grocery/Other Delivery Services
559,AMAZON FRESH,2021-01,IL,18879.54,1434024.6699999997,Third- Party Delivery Services,Restaurant/Grocery/Other Delivery Services
560,DOORDASH,2021-01,NE,102043.66,3282522.06,Third- Party Delivery Services,Restaurant/Grocery/Other Delivery Services
561,GRUBHUB.COM,2021-02,PA,131955.93,4931178.540000001,Third- Party Delivery Services,Restaurant/Grocery/Other Delivery Services
562,AMAZON FRESH,2021-01,HI,2066.67,167353.56,Third- Party Delivery Services,Restaurant/Grocery/Other Delivery Services
563,UBEREATS,2021-01,MD,145136.62999999998,4319808.74,Third- Party Delivery Services,Restaurant/Grocery/Other Delivery Services
564,AMAZON FRESH,2021-01,MS,1144.43,84544.76,Third- Party Delivery Services,Restaurant/Grocery/Other Delivery Services
565,UBEREATS,2021-03,NC,114735.24,3081408.47,Third- Party Delivery Services,Restaurant/Grocery/Other Delivery Services
566,AMAZON FRESH,2021-03,VA,25466.66,1925675.76,Third- Party Delivery Services,Restaurant/Grocery/Other Delivery Services
567,AMAZON FRESH,2021-03,NJ,22126.04,1772903.97,Third- Party Delivery Services,Restaurant/Grocery/Other Delivery Services
568,GRUBHUB.COM,2021-02,MN,25428.82,980970.47,Third- Party Delivery Services,Restaurant/Grocery/Other Delivery Services
569,DOORDASH,2021-02,TN,154263.13999999998,4953853.9,Third- Party Delivery Services,Restaurant/Grocery/Other Delivery Services
570,INSTACART,2021-02,CT,32528.04,3341880.23,Third- Party Delivery Services,Restaurant/Grocery/Other Delivery Services
571,INSTACART,2021-03,WI,32220.890000000007,2950096.719999999,Third- Party Delivery Services,Restaurant/Grocery/Other Delivery Services
572,INSTACART,2021-03,DE,7409.91,768285.9300000002,Third- Party Delivery Services,Restaurant/Grocery/Other Delivery Services
573,DOORDASH,2021-02,CT,67089.6,2229397.85,Third- Party Delivery Services,Restaurant/Grocery/Other Delivery Services
574,GRUBHUB.COM,2021-01,WI,24083.07,893446.5799999998,Third- Party Delivery Services,Restaurant/Grocery/Other Delivery Services
575,AMAZON FRESH,2021-02,KS,1967.13,144339.08000000002,Third- Party Delivery Services,Restaurant/Grocery/Other Delivery Services
576,INSTACART,2021-01,SC,48779.25000000001,4663302.65,Third- Party Delivery Services,Restaurant/Grocery/Other Delivery Services
577,AMAZON FRESH,2021-02,AZ,14175.14,970947.74,Third- Party Delivery Services,Restaurant/Grocery/Other Delivery Services
578,AMAZON FRESH,2021-02,UT,2796.05,234109.47,Third- Party Delivery Services,Restaurant/Grocery/Other Delivery Services
579,AMAZON FRESH,2021-01,AL,3435.190000000001,248940.44,Third- Party Delivery Services,Restaurant/Grocery/Other Delivery Services
580,GRUBHUB.COM,2021-03,HI,3363.89,134547.34000000003,Third- Party Delivery Services,Restaurant/Grocery/Other Delivery Services
581,AMAZON FRESH,2021-03,FL,37554.68,2685959.48,Third- Party Delivery Services,Restaurant/Grocery/Other Delivery Services
582,AMAZON FRESH,2021-02,OK,1725.1700000000003,130866.76,Third- Party Delivery Services,Restaurant/Grocery/Other Delivery Services
583,AMAZON FRESH,2021-01,UT,3408.53,278581.18999999994,Third- Party Delivery Services,Restaurant/Grocery/Other Delivery Services
584,UBEREATS,2021-01,WY,2752.850000000001,86053.77999999998,Third- Party Delivery Services,Restaurant/Grocery/Other Delivery Services
585,AMAZON FRESH,2021-03,IA,3069.84,259075.28,Third- Party Delivery Services,Restaurant/Grocery/Other Delivery Services
586,AMAZON FRESH,2021-03,OR,12966.910000000002,1038246.0400000002,Third- Party Delivery Services,Restaurant/Grocery/Other Delivery Services
587,GRUBHUB.COM,2021-01,WY,1672.51,68765.93000000002,Third- Party Delivery Services,Restaurant/Grocery/Other Delivery Services
588,UBEREATS,2021-02,MO,18360.410000000003,521449.45,Third- Party Delivery Services,Restaurant/Grocery/Other Delivery Services
589,DOORDASH,2021-02,MO,62978.4,2013441.2000000004,Third- Party Delivery Services,Restaurant/Grocery/Other Delivery Services
590,INSTACART,2021-02,RI,1555.0000000000002,199604.51,Third- Party Delivery Services,Restaurant/Grocery/Other Delivery Services
591,DOORDASH,2021-03,SD,23206.48,757137.06,Third- Party Delivery Services,Restaurant/Grocery/Other Delivery Services
592,INSTACART,2021-01,MS,5750.219999999999,551121.79,Third- Party Delivery Services,Restaurant/Grocery/Other Delivery Services
593,DOORDASH,2021-01,IL,160151.46,5421774.129999999,Third- Party Delivery Services,Restaurant/Grocery/Other Delivery Services
594,GRUBHUB.COM,2021-03,MD,65821.02,2454022.4,Third- Party Delivery Services,Restaurant/Grocery/Other Delivery Services
595,INSTACART,2021-02,WY,1574.09,155957.9,Third- Party Delivery Services,Restaurant/Grocery/Other Delivery Services
596,AMAZON FRESH,2021-01,TN,14968.680000000002,1138132.7100000002,Third- Party Delivery Services,Restaurant/Grocery/Other Delivery Services
597,AMAZON FRESH,2021-03,PA,29960.92,2431802.73,Third- Party Delivery Services,Restaurant/Grocery/Other Delivery Services
598,AMAZON FRESH,2021-02,NE,2688.05,233730.39000000004,Third- Party Delivery Services,Restaurant/Grocery/Other Delivery Services
599,UBEREATS,2021-02,SC,49803.00000000001,1469251.7499999998,Third- Party Delivery Services,Restaurant/Grocery/Other Delivery Services
600,AMAZON FRESH,2021-03,CT,9625.170000000002,924546.0,Third- Party Delivery Services,Restaurant/Grocery/Other Delivery Services
601,GRUBHUB.COM,2021-02,WV,3447.0199999999995,139694.78,Third- Party Delivery Services,Restaurant/Grocery/Other Delivery Services
602,DOORDASH,2021-02,LA,38263.5,1196734.2400000002,Third- Party Delivery Services,Restaurant/Grocery/Other Delivery Services
603,GRUBHUB.COM,2021-01,WA,51174.50000000001,2130061.97,Third- Party Delivery Services,Restaurant/Grocery/Other Delivery Services
604,UBEREATS,2021-02,NV,67850.37000000001,1904605.7,Third- Party Delivery Services,Restaurant/Grocery/Other Delivery Services
605,INSTACART,2021-03,MI,11511.83,1102803.3,Third- Party Delivery Services,Restaurant/Grocery/Other Delivery Services
606,INSTACART,2021-02,IN,11824.899999999998,1068267.8,Third- Party Delivery Services,Restaurant/Grocery/Other Delivery Services
607,INSTACART,2021-03,MA,25893.880000000005,2615335.7,Third- Party Delivery Services,Restaurant/Grocery/Other Delivery Services
608,UBEREATS,2021-03,VT,2563.15,86413.91,Third- Party Delivery Services,Restaurant/Grocery/Other Delivery Services
609,UBEREATS,2021-03,NH,7759.34,203681.45000000004,Third- Party Delivery Services,Restaurant/Grocery/Other Delivery Services
610,UBEREATS,2021-02,AL,21786.42000000001,617791.3500000001,Third- Party Delivery Services,Restaurant/Grocery/Other Delivery Services
611,AMAZON FRESH,2021-02,GA,18876.610000000004,1270027.4,Third- Party Delivery Services,Restaurant/Grocery/Other Delivery Services
612,INSTACART,2021-02,WV,5590.219999999999,524639.02,Third- Party Delivery Services,Restaurant/Grocery/Other Delivery Services
613,AMAZON FRESH,2021-01,SD,292.43999999999994,28391.98999999999,Third- Party Delivery Services,Restaurant/Grocery/Other Delivery Services
614,UBEREATS,2021-03,AK,4256.4,116446.73,Third- Party Delivery Services,Restaurant/Grocery/Other Delivery Services
615,AMAZON FRESH,2021-03,ID,1712.65,135690.03999999998,Third- Party Delivery Services,Restaurant/Grocery/Other Delivery Services
616,AMAZON FRESH,2021-03,HI,2003.9000000000003,166960.88999999998,Third- Party Delivery Services,Restaurant/Grocery/Other Delivery Services
617,GRUBHUB.COM,2021-02,LA,4933.569999999999,171868.03000000003,Third- Party Delivery Services,Restaurant/Grocery/Other Delivery Services
618,UBEREATS,2021-03,MS,13096.9,385150.7899999999,Third- Party Delivery Services,Restaurant/Grocery/Other Delivery Services
619,GRUBHUB.COM,2021-02,OK,8561.949999999997,314798.59,Third- Party Delivery Services,Restaurant/Grocery/Other Delivery Services
620,INSTACART,2021-03,VA,76632.38000000002,7410432.870000001,Third- Party Delivery Services,Restaurant/Grocery/Other Delivery Services
621,AMAZON FRESH,2021-01,CO,26476.04,2258320.96,Third- Party Delivery Services,Restaurant/Grocery/Other Delivery Services
622,INSTACART,2021-03,IL,44460.74999999999,3901377.17,Third- Party Delivery Services,Restaurant/Grocery/Other Delivery Services
623,UBEREATS,2021-03,HI,15456.899999999998,469455.46000000014,Third- Party Delivery Services,Restaurant/Grocery/Other Delivery Services
624,INSTACART,2021-01,NC,123881.72,11733978.56,Third- Party Delivery Services,Restaurant/Grocery/Other Delivery Services
625,GRUBHUB.COM,2021-01,DC,10912.86,419488.6,Third- Party Delivery Services,Restaurant/Grocery/Other Delivery Services
626,DOORDASH,2021-02,AL,114681.66,3607766.76,Third- Party Delivery Services,Restaurant/Grocery/Other Delivery Services
627,GRUBHUB.COM,2021-01,AK,3773.59,162713.81000000003,Third- Party Delivery Services,Restaurant/Grocery/Other Delivery Services
628,AMAZON FRESH,2021-02,HI,2130.2600000000007,170433.85,Third- Party Delivery Services,Restaurant/Grocery/Other Delivery Services
629,GRUBHUB.COM,2021-01,MT,2705.71,98425.55,Third- Party Delivery Services,Restaurant/Grocery/Other Delivery Services
630,INSTACART,2021-02,WA,58284.81,6569069.84,Third- Party Delivery Services,Restaurant/Grocery/Other Delivery Services
631,INSTACART,2021-02,AR,4122.999999999999,368869.23999999993,Third- Party Delivery Services,Restaurant/Grocery/Other Delivery Services
632,DOORDASH,2021-01,MO,70346.19999999998,2278201.59,Third- Party Delivery Services,Restaurant/Grocery/Other Delivery Services
633,UBEREATS,2021-01,KY,11699.589999999998,319313.14,Third- Party Delivery Services,Restaurant/Grocery/Other Delivery Services
634,UBEREATS,2021-01,MI,21953.29,664733.8299999998,Third- Party Delivery Services,Restaurant/Grocery/Other Delivery Services
635,AMAZON FRESH,2021-03,MI,4549.36,385956.01000000007,Third- Party Delivery Services,Restaurant/Grocery/Other Delivery Services
636,AMAZON FRESH,2021-03,KS,1850.95,151087.85000000003,Third- Party Delivery Services,Restaurant/Grocery/Other Delivery Services
637,INSTACART,2021-02,WI,31872.42,2914123.51,Third- Party Delivery Services,Restaurant/Grocery/Other Delivery Services
638,DOORDASH,2021-03,HI,28202.59,1011260.74,Third- Party Delivery Services,Restaurant/Grocery/Other Delivery Services
639,INSTACART,2021-01,LA,9494.490000000002,994601.6,Third- Party Delivery Services,Restaurant/Grocery/Other Delivery Services
640,GRUBHUB.COM,2021-03,AK,4246.4,169281.66999999995,Third- Party Delivery Services,Restaurant/Grocery/Other Delivery Services
641,DOORDASH,2021-03,CT,82421.66,2712969.56,Third- Party Delivery Services,Restaurant/Grocery/Other Delivery Services
642,INSTACART,2021-03,CA,438579.93,43170736.06,Third- Party Delivery Services,Restaurant/Grocery/Other Delivery Services
643,GRUBHUB.COM,2021-03,LA,5212.23,181117.04,Third- Party Delivery Services,Restaurant/Grocery/Other Delivery Services
644,GRUBHUB.COM,2021-01,HI,3523.9999999999995,142033.19999999998,Third- Party Delivery Services,Restaurant/Grocery/Other Delivery Services
645,AMAZON FRESH,2021-03,NE,2516.9,227835.19999999992,Third- Party Delivery Services,Restaurant/Grocery/Other Delivery Services
646,AMAZON FRESH,2021-02,OH,5282.839999999998,406105.3599999999,Third- Party Delivery Services,Restaurant/Grocery/Other Delivery Services
647,INSTACART,2021-01,MD,64840.02000000001,6232005.95,Third- Party Delivery Services,Restaurant/Grocery/Other Delivery Services
648,INSTACART,2021-01,ME,3191.55,336676.99,Third- Party Delivery Services,Restaurant/Grocery/Other Delivery Services
649,AMAZON FRESH,2021-02,OR,12079.66,948452.22,Third- Party Delivery Services,Restaurant/Grocery/Other Delivery Services
650,DOORDASH,2021-01,ME,15603.229999999998,532830.09,Third- Party Delivery Services,Restaurant/Grocery/Other Delivery Services
651,GRUBHUB.COM,2021-03,CA,256837.75,10302771.94,Third- Party Delivery Services,Restaurant/Grocery/Other Delivery Services
652,DOORDASH,2021-03,WA,334477.01,12182966.61,Third- Party Delivery Services,Restaurant/Grocery/Other Delivery Services
653,DOORDASH,2021-02,OK,92379.63999999998,2979895.27,Third- Party Delivery Services,Restaurant/Grocery/Other Delivery Services
654,UBEREATS,2021-02,VA,158385.56,4536002.589999999,Third- Party Delivery Services,Restaurant/Grocery/Other Delivery Services
655,DOORDASH,2021-02,FL,423089.05,13045884.21,Third- Party Delivery Services,Restaurant/Grocery/Other Delivery Services
656,GRUBHUB.COM,2021-03,RI,4188.88,148939.96,Third- Party Delivery Services,Restaurant/Grocery/Other Delivery Services
657,GRUBHUB.COM,2021-01,VA,67253.58,2472039.9300000006,Third- Party Delivery Services,Restaurant/Grocery/Other Delivery Services
658,UBEREATS,2021-03,LA,18717.36,568395.87,Third- Party Delivery Services,Restaurant/Grocery/Other Delivery Services
659,UBEREATS,2021-02,MN,40167.68000000001,1099165.2100000002,Third- Party Delivery Services,Restaurant/Grocery/Other Delivery Services
660,GRUBHUB.COM,2021-02,WA,44863.01,1826755.51,Third- Party Delivery Services,Restaurant/Grocery/Other Delivery Services
661,INSTACART,2021-01,DE,8625.21,879646.31,Third- Party Delivery Services,Restaurant/Grocery/Other Delivery Services
662,DOORDASH,2021-01,AK,28268.689999999995,1014086.78,Third- Party Delivery Services,Restaurant/Grocery/Other Delivery Services
663,GRUBHUB.COM,2021-02,KS,6788.989999999999,261399.4100000001,Third- Party Delivery Services,Restaurant/Grocery/Other Delivery Services
664,UBEREATS,2021-01,OK,20183.42,542328.11,Third- Party Delivery Services,Restaurant/Grocery/Other Delivery Services
665,INSTACART,2021-01,IL,48000.13000000002,4450505.27,Third- Party Delivery Services,Restaurant/Grocery/Other Delivery Services
666,DOORDASH,2021-01,MN,263655.0299999999,9211211.3,Third- Party Delivery Services,Restaurant/Grocery/Other Delivery Services
667,INSTACART,2021-03,NH,6894.38,621469.13,Third- Party Delivery Services,Restaurant/Grocery/Other Delivery Services
668,INSTACART,2021-03,WY,1648.8300000000002,172469.0,Third- Party Delivery Services,Restaurant/Grocery/Other Delivery Services
669,DOORDASH,2021-01,UT,157262.47,4764869.829999999,Third- Party Delivery Services,Restaurant/Grocery/Other Delivery Services
670,GRUBHUB.COM,2021-02,VT,1551.57,63210.2,Third- Party Delivery Services,Restaurant/Grocery/Other Delivery Services
671,GRUBHUB.COM,2021-02,MI,12393.72,478610.78,Third- Party Delivery Services,Restaurant/Grocery/Other Delivery Services
672,GRUBHUB.COM,2021-02,CA,224183.5,8938803.48,Third- Party Delivery Services,Restaurant/Grocery/Other Delivery Services
673,UBEREATS,2021-01,FL,659191.46,19046121.74,Third- Party Delivery Services,Restaurant/Grocery/Other Delivery Services
674,DOORDASH,2021-02,OH,125728.85,3961749.67,Third- Party Delivery Services,Restaurant/Grocery/Other Delivery Services
675,DOORDASH,2021-03,VA,335366.37999999995,10822746.320000004,Third- Party Delivery Services,Restaurant/Grocery/Other Delivery Services
676,INSTACART,2021-03,MT,5462.64,564651.8,Third- Party Delivery Services,Restaurant/Grocery/Other Delivery Services
677,INSTACART,2021-03,OK,11698.569999999998,1095032.2699999998,Third- Party Delivery Services,Restaurant/Grocery/Other Delivery Services
678,GRUBHUB.COM,2021-03,NJ,91404.39999999998,3275582.0400000005,Third- Party Delivery Services,Restaurant/Grocery/Other Delivery Services
679,AMAZON FRESH,2021-01,PA,33575.469999999994,2718024.17,Third- Party Delivery Services,Restaurant/Grocery/Other Delivery Services
680,UBEREATS,2021-02,NY,351726.78,10095473.94,Third- Party Delivery Services,Restaurant/Grocery/Other Delivery Services
681,DOORDASH,2021-01,WV,40039.779999999984,1358756.78,Third- Party Delivery Services,Restaurant/Grocery/Other Delivery Services
682,GRUBHUB.COM,2021-02,FL,51150.74,1770998.81,Third- Party Delivery Services,Restaurant/Grocery/Other Delivery Services
683,GRUBHUB.COM,2021-03,OR,57790.9,2170761.74,Third- Party Delivery Services,Restaurant/Grocery/Other Delivery Services
684,UBEREATS,2021-03,IA,25239.58,661984.9000000001,Third- Party Delivery Services,Restaurant/Grocery/Other Delivery Services
685,INSTACART,2021-01,KY,7320.410000000002,684152.3400000002,Third- Party Delivery Services,Restaurant/Grocery/Other Delivery Services
686,AMAZON FRESH,2021-03,ND,147.13999999999996,9002.91,Third- Party Delivery Services,Restaurant/Grocery/Other Delivery Services
687,AMAZON FRESH,2021-01,NJ,24841.6,1994410.31,Third- Party Delivery Services,Restaurant/Grocery/Other Delivery Services
688,UBEREATS,2021-02,CT,95915.43000000002,2957528.8400000003,Third- Party Delivery Services,Restaurant/Grocery/Other Delivery Services
689,INSTACART,2021-01,CT,37319.49,3860420.089999999,Third- Party Delivery Services,Restaurant/Grocery/Other Delivery Services
690,UBEREATS,2021-02,HI,12957.58,385241.92999999993,Third- Party Delivery Services,Restaurant/Grocery/Other Delivery Services
691,INSTACART,2021-03,DC,10500.510000000002,980756.02,Third- Party Delivery Services,Restaurant/Grocery/Other Delivery Services
692,GRUBHUB.COM,2021-01,NE,16208.089999999998,614974.1999999998,Third- Party Delivery Services,Restaurant/Grocery/Other Delivery Services
693,DOORDASH,2021-03,TN,183160.4700000001,5898931.899999999,Third- Party Delivery Services,Restaurant/Grocery/Other Delivery Services
694,GRUBHUB.COM,2021-01,MO,9670.049999999996,366057.02,Third- Party Delivery Services,Restaurant/Grocery/Other Delivery Services
695,INSTACART,2021-01,NE,10560.33,1019881.46,Third- Party Delivery Services,Restaurant/Grocery/Other Delivery Services
696,DOORDASH,2021-01,CA,2008936.21,73219750.42,Third- Party Delivery Services,Restaurant/Grocery/Other Delivery Services
697,AMAZON FRESH,2021-02,AR,1133.0600000000004,105129.61000000002,Third- Party Delivery Services,Restaurant/Grocery/Other Delivery Services
698,GRUBHUB.COM,2021-02,AL,11324.77,370161.5,Third- Party Delivery Services,Restaurant/Grocery/Other Delivery Services
699,UBEREATS,2021-03,GA,265003.14,7647209.92,Third- Party Delivery Services,Restaurant/Grocery/Other Delivery Services
700,GRUBHUB.COM,2021-01,NJ,78437.67999999998,2915588.2400000007,Third- Party Delivery Services,Restaurant/Grocery/Other Delivery Services
701,DOORDASH,2021-02,PA,352550.52,12040543.649999997,Third- Party Delivery Services,Restaurant/Grocery/Other Delivery Services
702,AMAZON FRESH,2021-01,SC,6807.679999999999,523786.95,Third- Party Delivery Services,Restaurant/Grocery/Other Delivery Services
703,DOORDASH,2021-01,AR,24826.330000000005,815857.92,Third- Party Delivery Services,Restaurant/Grocery/Other Delivery Services
704,INSTACART,2021-01,NH,7082.180000000001,684250.8699999999,Third- Party Delivery Services,Restaurant/Grocery/Other Delivery Services
705,INSTACART,2021-01,MI,11682.62,1162197.7,Third- Party Delivery Services,Restaurant/Grocery/Other Delivery Services
706,DOORDASH,2021-02,MD,213011.12,7177451.2700000005,Third- Party Delivery Services,Restaurant/Grocery/Other Delivery Services
707,DOORDASH,2021-03,LA,43188.01,1341963.9800000002,Third- Party Delivery Services,Restaurant/Grocery/Other Delivery Services
708,UBEREATS,2021-02,NM,13291.88,367025.63,Third- Party Delivery Services,Restaurant/Grocery/Other Delivery Services
709,UBEREATS,2021-03,MN,46981.08,1275898.22,Third- Party Delivery Services,Restaurant/Grocery/Other Delivery Services
710,AMAZON FRESH,2021-01,NC,30413.869999999995,2271121.84,Third- Party Delivery Services,Restaurant/Grocery/Other Delivery Services
711,UBEREATS,2021-01,CA,630483.2800000001,19743196.68,Third- Party Delivery Services,Restaurant/Grocery/Other Delivery Services
712,INSTACART,2021-02,MO,15413.31,1495694.59,Third- Party Delivery Services,Restaurant/Grocery/Other Delivery Services
713,AMAZON FRESH,2021-03,NH,2478.63,246092.07,Third- Party Delivery Services,Restaurant/Grocery/Other Delivery Services
714,GRUBHUB.COM,2021-01,MN,25702.6,1027066.96,Third- Party Delivery Services,Restaurant/Grocery/Other Delivery Services
715,UBEREATS,2021-01,NV,70085.37,1976039.99,Third- Party Delivery Services,Restaurant/Grocery/Other Delivery Services
716,UBEREATS,2021-03,CT,124013.23,3757029.269999999,Third- Party Delivery Services,Restaurant/Grocery/Other Delivery Services
717,AMAZON FRESH,2021-02,SD,265.5,19742.05,Third- Party Delivery Services,Restaurant/Grocery/Other Delivery Services
718,AMAZON FRESH,2021-01,OK,2514.19,174382.01000000004,Third- Party Delivery Services,Restaurant/Grocery/Other Delivery Services
719,INSTACART,2021-01,HI,5770.290000000002,591655.9900000001,Third- Party Delivery Services,Restaurant/Grocery/Other Delivery Services
720,AMAZON FRESH,2021-03,MT,464.5000000000001,45320.84999999999,Third- Party Delivery Services,Restaurant/Grocery/Other Delivery Services
721,UBEREATS,2021-02,IA,19852.4,524647.4100000001,Third- Party Delivery Services,Restaurant/Grocery/Other Delivery Services
722,GRUBHUB.COM,2021-02,VA,62607.67000000001,2250846.1,Third- Party Delivery Services,Restaurant/Grocery/Other Delivery Services
723,UBEREATS,2021-02,KS,13192.630000000005,362535.82,Third- Party Delivery Services,Restaurant/Grocery/Other Delivery Services
724,UBEREATS,2021-02,MT,12519.05,369263.7200000001,Third- Party Delivery Services,Restaurant/Grocery/Other Delivery Services
725,GRUBHUB.COM,2021-02,RI,4072.100000000001,139440.15000000002,Third- Party Delivery Services,Restaurant/Grocery/Other Delivery Services
726,UBEREATS,2021-03,TN,112448.33000000002,3254582.7900000005,Third- Party Delivery Services,Restaurant/Grocery/Other Delivery Services
727,AMAZON FRESH,2021-03,DE,1525.78,127178.98,Third- Party Delivery Services,Restaurant/Grocery/Other Delivery Services
728,INSTACART,2021-01,WV,6557.050000000001,615379.4399999998,Third- Party Delivery Services,Restaurant/Grocery/Other Delivery Services
729,UBEREATS,2021-01,WV,4614.550000000001,143941.48,Third- Party Delivery Services,Restaurant/Grocery/Other Delivery Services
730,GRUBHUB.COM,2021-03,MI,13655.02,505533.5500000001,Third- Party Delivery Services,Restaurant/Grocery/Other Delivery Services
731,INSTACART,2021-01,PA,94848.41,9594288.459999995,Third- Party Delivery Services,Restaurant/Grocery/Other Delivery Services
732,UBEREATS,2021-01,AL,22009.79,615589.1299999999,Third- Party Delivery Services,Restaurant/Grocery/Other Delivery Services
733,GRUBHUB.COM,2021-01,IN,10505.759999999998,372051.2800000001,Third- Party Delivery Services,Restaurant/Grocery/Other Delivery Services
734,UBEREATS,2021-03,NV,77552.70999999999,2170693.1,Third- Party Delivery Services,Restaurant/Grocery/Other Delivery Services
735,AMAZON FRESH,2021-01,CA,197063.52,14604529.170000004,Third- Party Delivery Services,Restaurant/Grocery/Other Delivery Services
736,INSTACART,2021-03,MO,15860.210000000005,1505232.0900000003,Third- Party Delivery Services,Restaurant/Grocery/Other Delivery Services
737,DOORDASH,2021-01,WY,19441.76,665601.23,Third- Party Delivery Services,Restaurant/Grocery/Other Delivery Services
738,DOORDASH,2021-03,AL,124833.49000000002,3884082.08,Third- Party Delivery Services,Restaurant/Grocery/Other Delivery Services
739,DOORDASH,2021-03,KY,63397.36999999999,1934685.9300000004,Third- Party Delivery Services,Restaurant/Grocery/Other Delivery Services
740,UBEREATS,2021-01,IL,112300.42,3199911.7100000004,Third- Party Delivery Services,Restaurant/Grocery/Other Delivery Services
741,INSTACART,2021-03,IN,11946.22,1062814.65,Third- Party Delivery Services,Restaurant/Grocery/Other Delivery Services
742,INSTACART,2021-02,NM,8860.5,904904.9,Third- Party Delivery Services,Restaurant/Grocery/Other Delivery Services
743,AMAZON FRESH,2021-02,NV,8505.26,565360.3,Third- Party Delivery Services,Restaurant/Grocery/Other Delivery Services
744,AMAZON FRESH,2021-02,IL,17763.379999999997,1290735.39,Third- Party Delivery Services,Restaurant/Grocery/Other Delivery Services
745,INSTACART,2021-02,NV,16937.84,1590089.27,Third- Party Delivery Services,Restaurant/Grocery/Other Delivery Services
746,GRUBHUB.COM,2021-03,MS,4680.09,160988.19999999998,Third- Party Delivery Services,Restaurant/Grocery/Other Delivery Services
747,UBEREATS,2021-02,PA,163878.14999999997,4660496.34,Third- Party Delivery Services,Restaurant/Grocery/Other Delivery Services
748,AMAZON FRESH,2021-03,RI,1663.41,158614.92,Third- Party Delivery Services,Restaurant/Grocery/Other Delivery Services
749,UBEREATS,2021-03,PA,215692.23,6177038.339999998,Third- Party Delivery Services,Restaurant/Grocery/Other Delivery Services
750,UBEREATS,2021-03,OH,41175.280000000006,1138784.39,Third- Party Delivery Services,Restaurant/Grocery/Other Delivery Services
751,INSTACART,2021-02,VA,74692.95,7273648.45,Third- Party Delivery Services,Restaurant/Grocery/Other Delivery Services
752,UBEREATS,2021-03,MI,23417.870000000003,672965.7599999999,Third- Party Delivery Services,Restaurant/Grocery/Other Delivery Services
753,DOORDASH,2021-01,DE,44007.61999999999,1412773.2099999995,Third- Party Delivery Services,Restaurant/Grocery/Other Delivery Services
754,UBEREATS,2021-03,CO,91776.84,2721249.2800000003,Third- Party Delivery Services,Restaurant/Grocery/Other Delivery Services
755,DOORDASH,2021-02,SD,19639.85000000001,641598.2600000001,Third- Party Delivery Services,Restaurant/Grocery/Other Delivery Services
756,UBEREATS,2021-01,VA,171543.22000000006,4956817.180000001,Third- Party Delivery Services,Restaurant/Grocery/Other Delivery Services
757,UBEREATS,2021-02,DE,8187.039999999998,225796.14,Third- Party Delivery Services,Restaurant/Grocery/Other Delivery Services
758,DOORDASH,2021-03,FL,489622.0399999999,15191282.38,Third- Party Delivery Services,Restaurant/Grocery/Other Delivery Services
759,UBEREATS,2021-01,RI,4648.46,124970.21,Third- Party Delivery Services,Restaurant/Grocery/Other Delivery Services
760,INSTACART,2021-01,VA,84319.24,8336116.079999998,Third- Party Delivery Services,Restaurant/Grocery/Other Delivery Services
761,UBEREATS,2021-02,NJ,203387.59,5745272.08,Third- Party Delivery Services,Restaurant/Grocery/Other Delivery Services
762,AMAZON FRESH,2021-02,CO,23699.800000000007,1980092.1100000003,Third- Party Delivery Services,Restaurant/Grocery/Other Delivery Services
763,DOORDASH,2021-01,ND,24183.09,781755.5700000001,Third- Party Delivery Services,Restaurant/Grocery/Other Delivery Services
764,GRUBHUB.COM,2021-03,PA,167838.42,6100654.199999999,Third- Party Delivery Services,Restaurant/Grocery/Other Delivery Services
