,BRAND_NAME,MONTH,STATE_ABBR,TRANS_COUNT,SPEND_AMOUNT,INDUSTRY_NAME,SUBINDUSTRY_NAME
0,DOORDASH,2023-03,SD,32194.54,1130191.7599999998,Third- Party Delivery Services,Restaurant/Grocery/Other Delivery Services
1,INSTACART,2023-01,OH,23233.02,2020461.9500000004,Third- Party Delivery Services,Restaurant/Grocery/Other Delivery Services
2,AMAZON FRESH,2023-01,WV,335.97,17650.91,Third- Party Delivery Services,Restaurant/Grocery/Other Delivery Services
3,INSTACART,2023-01,CO,31558.31,3264587.2200000016,Third- Party Delivery Services,Restaurant/Grocery/Other Delivery Services
4,DOORDASH,2023-02,DC,37039.75000000001,1326491.34,Third- Party Delivery Services,Restaurant/Grocery/Other Delivery Services
5,GRUBHUB.COM,2023-03,KS,7559.420000000001,244994.22000000003,Third- Party Delivery Services,Restaurant/Grocery/Other Delivery Services
6,AMAZON FRESH,2023-03,RI,1166.42,149475.77000000002,Third- Party Delivery Services,Restaurant/Grocery/Other Delivery Services
7,DOORDASH,2023-03,IA,146987.00999999998,4955980.470000001,Third- Party Delivery Services,Restaurant/Grocery/Other Delivery Services
8,UBEREATS,2023-03,GA,274445.5099999999,9091613.23,Third- Party Delivery Services,Restaurant/Grocery/Other Delivery Services
9,GRUBHUB.COM,2023-03,TX,81110.54000000001,2694159.679999999,Third- Party Delivery Services,Restaurant/Grocery/Other Delivery Services
10,DOORDASH,2023-01,KS,90566.29,2876414.340000001,Third- Party Delivery Services,Restaurant/Grocery/Other Delivery Services
11,INSTACART,2023-01,CT,35477.14000000001,3151451.8100000005,Third- Party Delivery Services,Restaurant/Grocery/Other Delivery Services
12,INSTACART,2023-03,KS,7481.43,714959.0400000003,Third- Party Delivery Services,Restaurant/Grocery/Other Delivery Services
13,INSTACART,2023-03,WI,27839.870000000003,2428895.7,Third- Party Delivery Services,Restaurant/Grocery/Other Delivery Services
14,INSTACART,2023-02,IN,10352.27,916550.47,Third- Party Delivery Services,Restaurant/Grocery/Other Delivery Services
15,DOORDASH,2023-02,AZ,267039.76,9150990.05,Third- Party Delivery Services,Restaurant/Grocery/Other Delivery Services
16,DOORDASH,2023-01,AK,34515.16,1359585.6500000004,Third- Party Delivery Services,Restaurant/Grocery/Other Delivery Services
17,AMAZON FRESH,2023-02,WI,4474.3,348658.62999999995,Third- Party Delivery Services,Restaurant/Grocery/Other Delivery Services
18,GRUBHUB.COM,2023-03,OK,7329.509999999999,277591.73999999993,Third- Party Delivery Services,Restaurant/Grocery/Other Delivery Services
19,GRUBHUB.COM,2023-03,NE,13075.169999999998,488433.7300000002,Third- Party Delivery Services,Restaurant/Grocery/Other Delivery Services
20,UBEREATS,2023-03,HI,21763.4,734436.41,Third- Party Delivery Services,Restaurant/Grocery/Other Delivery Services
21,GRUBHUB.COM,2023-03,KY,3813.52,132648.38999999998,Third- Party Delivery Services,Restaurant/Grocery/Other Delivery Services
22,GRUBHUB.COM,2023-03,HI,2200.459999999999,77288.21000000002,Third- Party Delivery Services,Restaurant/Grocery/Other Delivery Services
23,AMAZON FRESH,2023-02,NE,997.74,113799.80999999998,Third- Party Delivery Services,Restaurant/Grocery/Other Delivery Services
24,UBEREATS,2023-01,IN,19258.63,603551.0599999999,Third- Party Delivery Services,Restaurant/Grocery/Other Delivery Services
25,GRUBHUB.COM,2023-01,TX,73662.78,2524151.020000001,Third- Party Delivery Services,Restaurant/Grocery/Other Delivery Services
26,INSTACART,2023-01,PA,92243.3,8247433.860000003,Third- Party Delivery Services,Restaurant/Grocery/Other Delivery Services
27,INSTACART,2023-03,WV,6180.45,534786.2200000001,Third- Party Delivery Services,Restaurant/Grocery/Other Delivery Services
28,DOORDASH,2023-01,VA,386404.13,12982525.07,Third- Party Delivery Services,Restaurant/Grocery/Other Delivery Services
29,GRUBHUB.COM,2023-03,MA,29436.39,1072006.09,Third- Party Delivery Services,Restaurant/Grocery/Other Delivery Services
30,DOORDASH,2023-01,AL,168292.59999999998,5591224.290000001,Third- Party Delivery Services,Restaurant/Grocery/Other Delivery Services
31,UBEREATS,2023-03,WA,203472.07,7582113.739999999,Third- Party Delivery Services,Restaurant/Grocery/Other Delivery Services
32,AMAZON FRESH,2023-03,UT,1407.4600000000005,137101.25,Third- Party Delivery Services,Restaurant/Grocery/Other Delivery Services
33,AMAZON FRESH,2023-02,MN,8383.189999999999,664659.4100000001,Third- Party Delivery Services,Restaurant/Grocery/Other Delivery Services
34,AMAZON FRESH,2023-02,SD,109.86,6808.820000000001,Third- Party Delivery Services,Restaurant/Grocery/Other Delivery Services
35,INSTACART,2023-02,SD,1701.9399999999996,180153.09000000003,Third- Party Delivery Services,Restaurant/Grocery/Other Delivery Services
36,UBEREATS,2023-02,MT,11043.81,378278.98,Third- Party Delivery Services,Restaurant/Grocery/Other Delivery Services
37,DOORDASH,2023-03,NY,425364.5099999999,14475196.87,Third- Party Delivery Services,Restaurant/Grocery/Other Delivery Services
38,UBEREATS,2023-02,NY,452788.51,14806233.38,Third- Party Delivery Services,Restaurant/Grocery/Other Delivery Services
39,AMAZON FRESH,2023-03,CT,4436.219999999999,527571.1799999999,Third- Party Delivery Services,Restaurant/Grocery/Other Delivery Services
40,AMAZON FRESH,2023-02,LA,974.17,96690.52,Third- Party Delivery Services,Restaurant/Grocery/Other Delivery Services
41,INSTACART,2023-03,DE,6725.780000000001,570470.02,Third- Party Delivery Services,Restaurant/Grocery/Other Delivery Services
42,DOORDASH,2023-01,MA,102961.19,3736467.750000001,Third- Party Delivery Services,Restaurant/Grocery/Other Delivery Services
43,INSTACART,2023-01,AR,2882.83,263239.75,Third- Party Delivery Services,Restaurant/Grocery/Other Delivery Services
44,GRUBHUB.COM,2023-01,NM,6962.400000000001,273036.2100000001,Third- Party Delivery Services,Restaurant/Grocery/Other Delivery Services
45,UBEREATS,2023-01,SC,58442.14,1985081.06,Third- Party Delivery Services,Restaurant/Grocery/Other Delivery Services
46,GRUBHUB.COM,2023-02,UT,9269.38,339012.1599999999,Third- Party Delivery Services,Restaurant/Grocery/Other Delivery Services
47,INSTACART,2023-03,SC,46237.55,4346942.57,Third- Party Delivery Services,Restaurant/Grocery/Other Delivery Services
48,GRUBHUB.COM,2023-01,MN,18257.58,732018.4400000002,Third- Party Delivery Services,Restaurant/Grocery/Other Delivery Services
49,GRUBHUB.COM,2023-02,OK,6377.240000000002,247563.72000000003,Third- Party Delivery Services,Restaurant/Grocery/Other Delivery Services
50,GRUBHUB.COM,2023-02,DE,4283.950000000001,133824.91999999998,Third- Party Delivery Services,Restaurant/Grocery/Other Delivery Services
51,DOORDASH,2023-02,KY,72954.85999999999,2259916.0900000003,Third- Party Delivery Services,Restaurant/Grocery/Other Delivery Services
52,AMAZON FRESH,2023-01,UT,1676.06,147151.66999999998,Third- Party Delivery Services,Restaurant/Grocery/Other Delivery Services
53,AMAZON FRESH,2023-01,WA,41057.32000000001,2714279.5300000003,Third- Party Delivery Services,Restaurant/Grocery/Other Delivery Services
54,AMAZON FRESH,2023-01,KS,931.0800000000002,83649.16,Third- Party Delivery Services,Restaurant/Grocery/Other Delivery Services
55,GRUBHUB.COM,2023-03,MS,3261.9799999999987,99091.59999999998,Third- Party Delivery Services,Restaurant/Grocery/Other Delivery Services
56,AMAZON FRESH,2023-01,ID,974.86,92577.49,Third- Party Delivery Services,Restaurant/Grocery/Other Delivery Services
57,DOORDASH,2023-01,NC,464205.47,15283316.39,Third- Party Delivery Services,Restaurant/Grocery/Other Delivery Services
58,INSTACART,2023-03,PA,94222.7,8373958.5,Third- Party Delivery Services,Restaurant/Grocery/Other Delivery Services
59,AMAZON FRESH,2023-01,OK,1283.87,96363.95,Third- Party Delivery Services,Restaurant/Grocery/Other Delivery Services
60,GRUBHUB.COM,2023-01,AR,1651.15,59971.75000000001,Third- Party Delivery Services,Restaurant/Grocery/Other Delivery Services
61,GRUBHUB.COM,2023-01,ID,3252.01,129985.54,Third- Party Delivery Services,Restaurant/Grocery/Other Delivery Services
62,DOORDASH,2023-03,CO,283767.61999999994,10281638.87,Third- Party Delivery Services,Restaurant/Grocery/Other Delivery Services
63,GRUBHUB.COM,2023-02,NC,42885.2,1325898.4500000002,Third- Party Delivery Services,Restaurant/Grocery/Other Delivery Services
64,GRUBHUB.COM,2023-01,ND,2575.5000000000005,66459.21000000002,Third- Party Delivery Services,Restaurant/Grocery/Other Delivery Services
65,AMAZON FRESH,2023-01,MO,1149.93,106112.89,Third- Party Delivery Services,Restaurant/Grocery/Other Delivery Services
66,UBEREATS,2023-02,OH,34595.92,1103097.7299999995,Third- Party Delivery Services,Restaurant/Grocery/Other Delivery Services
67,UBEREATS,2023-03,VA,173568.12000000002,5722134.17,Third- Party Delivery Services,Restaurant/Grocery/Other Delivery Services
68,UBEREATS,2023-03,PA,211943.09,6699566.28,Third- Party Delivery Services,Restaurant/Grocery/Other Delivery Services
69,GRUBHUB.COM,2023-01,ME,1095.2,47180.07000000001,Third- Party Delivery Services,Restaurant/Grocery/Other Delivery Services
70,INSTACART,2023-03,NH,7117.31,563202.7000000001,Third- Party Delivery Services,Restaurant/Grocery/Other Delivery Services
71,UBEREATS,2023-03,LA,21822.29,734311.8200000001,Third- Party Delivery Services,Restaurant/Grocery/Other Delivery Services
72,UBEREATS,2023-01,CA,873865.1399999999,30398417.89,Third- Party Delivery Services,Restaurant/Grocery/Other Delivery Services
73,UBEREATS,2023-03,NV,97058.3,3194202.1299999994,Third- Party Delivery Services,Restaurant/Grocery/Other Delivery Services
74,INSTACART,2023-02,KY,6992.429999999999,678049.86,Third- Party Delivery Services,Restaurant/Grocery/Other Delivery Services
75,UBEREATS,2023-03,TN,118952.57,4056152.8,Third- Party Delivery Services,Restaurant/Grocery/Other Delivery Services
76,GRUBHUB.COM,2023-03,NH,2185.45,90464.39,Third- Party Delivery Services,Restaurant/Grocery/Other Delivery Services
77,INSTACART,2023-03,KY,7713.98,749193.1900000002,Third- Party Delivery Services,Restaurant/Grocery/Other Delivery Services
78,AMAZON FRESH,2023-01,SD,147.60999999999996,9816.669999999998,Third- Party Delivery Services,Restaurant/Grocery/Other Delivery Services
79,GRUBHUB.COM,2023-03,IL,49804.75000000001,1956125.98,Third- Party Delivery Services,Restaurant/Grocery/Other Delivery Services
80,AMAZON FRESH,2023-01,ME,572.93,64637.8,Third- Party Delivery Services,Restaurant/Grocery/Other Delivery Services
81,DOORDASH,2023-02,MD,266961.84,9276365.71,Third- Party Delivery Services,Restaurant/Grocery/Other Delivery Services
82,INSTACART,2023-03,AL,31039.08,2941714.8,Third- Party Delivery Services,Restaurant/Grocery/Other Delivery Services
83,GRUBHUB.COM,2023-02,GA,31374.93,1071696.25,Third- Party Delivery Services,Restaurant/Grocery/Other Delivery Services
84,DOORDASH,2023-02,MO,83092.51,2871468.069999999,Third- Party Delivery Services,Restaurant/Grocery/Other Delivery Services
85,UBEREATS,2023-01,NJ,249548.61,7957616.950000001,Third- Party Delivery Services,Restaurant/Grocery/Other Delivery Services
86,AMAZON FRESH,2023-03,OH,3290.5100000000007,301730.47999999986,Third- Party Delivery Services,Restaurant/Grocery/Other Delivery Services
87,DOORDASH,2023-02,ND,32139.370000000003,1153492.88,Third- Party Delivery Services,Restaurant/Grocery/Other Delivery Services
88,AMAZON FRESH,2023-02,AZ,8663.809999999998,630754.37,Third- Party Delivery Services,Restaurant/Grocery/Other Delivery Services
89,UBEREATS,2023-02,VT,1832.29,59113.77,Third- Party Delivery Services,Restaurant/Grocery/Other Delivery Services
90,DOORDASH,2023-03,MA,110477.49,3992984.2799999993,Third- Party Delivery Services,Restaurant/Grocery/Other Delivery Services
91,AMAZON FRESH,2023-02,CA,121782.14,8422509.04,Third- Party Delivery Services,Restaurant/Grocery/Other Delivery Services
92,GRUBHUB.COM,2023-02,NJ,67880.4,2431359.41,Third- Party Delivery Services,Restaurant/Grocery/Other Delivery Services
93,AMAZON FRESH,2023-01,FL,21026.05,1679656.6599999997,Third- Party Delivery Services,Restaurant/Grocery/Other Delivery Services
94,INSTACART,2023-03,GA,100339.79999999996,8748665.35,Third- Party Delivery Services,Restaurant/Grocery/Other Delivery Services
95,GRUBHUB.COM,2023-02,ND,3102.9300000000003,69468.89,Third- Party Delivery Services,Restaurant/Grocery/Other Delivery Services
96,UBEREATS,2023-02,SD,2927.19,86875.07000000002,Third- Party Delivery Services,Restaurant/Grocery/Other Delivery Services
97,GRUBHUB.COM,2023-03,IA,14754.549999999996,561696.9800000001,Third- Party Delivery Services,Restaurant/Grocery/Other Delivery Services
98,DOORDASH,2023-01,AZ,273222.44,9336010.930000002,Third- Party Delivery Services,Restaurant/Grocery/Other Delivery Services
99,GRUBHUB.COM,2023-02,ID,3267.62,118223.25,Third- Party Delivery Services,Restaurant/Grocery/Other Delivery Services
100,INSTACART,2023-03,DC,9893.14,836227.1600000001,Third- Party Delivery Services,Restaurant/Grocery/Other Delivery Services
101,DOORDASH,2023-03,AL,184767.18999999992,6103343.710000001,Third- Party Delivery Services,Restaurant/Grocery/Other Delivery Services
102,AMAZON FRESH,2023-02,SC,2191.41,201805.69999999995,Third- Party Delivery Services,Restaurant/Grocery/Other Delivery Services
103,INSTACART,2023-03,NY,122967.45999999998,10992569.59,Third- Party Delivery Services,Restaurant/Grocery/Other Delivery Services
104,UBEREATS,2023-03,ND,5971.339999999999,206971.88,Third- Party Delivery Services,Restaurant/Grocery/Other Delivery Services
105,GRUBHUB.COM,2023-03,WV,2937.720000000001,111059.73,Third- Party Delivery Services,Restaurant/Grocery/Other Delivery Services
106,GRUBHUB.COM,2023-02,HI,2038.78,67779.62,Third- Party Delivery Services,Restaurant/Grocery/Other Delivery Services
107,AMAZON FRESH,2023-02,NH,988.92,102558.86999999998,Third- Party Delivery Services,Restaurant/Grocery/Other Delivery Services
108,UBEREATS,2023-01,CO,94251.26000000002,3281351.9800000004,Third- Party Delivery Services,Restaurant/Grocery/Other Delivery Services
109,GRUBHUB.COM,2023-02,OR,38988.74,1423748.5900000003,Third- Party Delivery Services,Restaurant/Grocery/Other Delivery Services
110,DOORDASH,2023-02,TX,1070248.11,35924669.98,Third- Party Delivery Services,Restaurant/Grocery/Other Delivery Services
111,INSTACART,2023-01,MO,15647.38,1402036.2399999998,Third- Party Delivery Services,Restaurant/Grocery/Other Delivery Services
112,DOORDASH,2023-03,PA,521414.4900000001,18494835.8,Third- Party Delivery Services,Restaurant/Grocery/Other Delivery Services
113,GRUBHUB.COM,2023-01,FL,46937.03,1552269.4200000006,Third- Party Delivery Services,Restaurant/Grocery/Other Delivery Services
114,DOORDASH,2023-01,IL,187700.0,6391726.5200000005,Third- Party Delivery Services,Restaurant/Grocery/Other Delivery Services
115,AMAZON FRESH,2023-03,SD,85.92000000000002,7547.01,Third- Party Delivery Services,Restaurant/Grocery/Other Delivery Services
116,INSTACART,2023-03,ND,3251.25,307541.70000000007,Third- Party Delivery Services,Restaurant/Grocery/Other Delivery Services
117,AMAZON FRESH,2023-02,TN,5882.780000000001,560303.4699999999,Third- Party Delivery Services,Restaurant/Grocery/Other Delivery Services
118,INSTACART,2023-02,DE,6381.949999999999,570845.1699999999,Third- Party Delivery Services,Restaurant/Grocery/Other Delivery Services
119,DOORDASH,2023-03,WV,46492.240000000005,1627615.16,Third- Party Delivery Services,Restaurant/Grocery/Other Delivery Services
120,INSTACART,2023-03,MA,23450.380000000005,2020046.26,Third- Party Delivery Services,Restaurant/Grocery/Other Delivery Services
121,GRUBHUB.COM,2023-02,DC,7968.88,277175.2800000001,Third- Party Delivery Services,Restaurant/Grocery/Other Delivery Services
122,INSTACART,2023-02,PA,85221.55,7537016.9,Third- Party Delivery Services,Restaurant/Grocery/Other Delivery Services
123,AMAZON FRESH,2023-01,PA,20161.25,1611324.14,Third- Party Delivery Services,Restaurant/Grocery/Other Delivery Services
124,DOORDASH,2023-02,CA,2186355.21,79728305.03999998,Third- Party Delivery Services,Restaurant/Grocery/Other Delivery Services
125,DOORDASH,2023-02,ME,19265.86,670936.95,Third- Party Delivery Services,Restaurant/Grocery/Other Delivery Services
126,GRUBHUB.COM,2023-02,AZ,29759.15,1011566.6500000004,Third- Party Delivery Services,Restaurant/Grocery/Other Delivery Services
127,AMAZON FRESH,2023-02,CT,4369.56,485873.19000000006,Third- Party Delivery Services,Restaurant/Grocery/Other Delivery Services
128,UBEREATS,2023-01,MI,20081.49,664824.36,Third- Party Delivery Services,Restaurant/Grocery/Other Delivery Services
129,GRUBHUB.COM,2023-01,SD,1962.4,70360.53,Third- Party Delivery Services,Restaurant/Grocery/Other Delivery Services
130,INSTACART,2023-02,NM,6626.390000000001,594268.2500000001,Third- Party Delivery Services,Restaurant/Grocery/Other Delivery Services
131,GRUBHUB.COM,2023-02,KY,3937.35,139395.93,Third- Party Delivery Services,Restaurant/Grocery/Other Delivery Services
132,AMAZON FRESH,2023-03,GA,8984.890000000003,835102.71,Third- Party Delivery Services,Restaurant/Grocery/Other Delivery Services
133,UBEREATS,2023-01,WI,41240.95,1323568.6599999997,Third- Party Delivery Services,Restaurant/Grocery/Other Delivery Services
134,INSTACART,2023-02,GA,94651.77999999998,8142583.329999999,Third- Party Delivery Services,Restaurant/Grocery/Other Delivery Services
135,DOORDASH,2023-03,AR,34258.329999999994,1180285.1899999997,Third- Party Delivery Services,Restaurant/Grocery/Other Delivery Services
136,UBEREATS,2023-03,NC,141179.74,4520157.55,Third- Party Delivery Services,Restaurant/Grocery/Other Delivery Services
137,GRUBHUB.COM,2023-01,AL,9319.7,280735.30999999994,Third- Party Delivery Services,Restaurant/Grocery/Other Delivery Services
138,DOORDASH,2023-01,MO,85996.59999999999,2984961.2700000005,Third- Party Delivery Services,Restaurant/Grocery/Other Delivery Services
139,UBEREATS,2023-03,AZ,160197.77000000002,5080530.079999999,Third- Party Delivery Services,Restaurant/Grocery/Other Delivery Services
140,INSTACART,2023-02,OR,29186.58,2871407.9600000004,Third- Party Delivery Services,Restaurant/Grocery/Other Delivery Services
141,INSTACART,2023-03,TX,111563.47999999998,10263962.73,Third- Party Delivery Services,Restaurant/Grocery/Other Delivery Services
142,GRUBHUB.COM,2023-03,WA,34034.61,1333837.0699999998,Third- Party Delivery Services,Restaurant/Grocery/Other Delivery Services
143,INSTACART,2023-01,MI,12956.929999999998,1155842.12,Third- Party Delivery Services,Restaurant/Grocery/Other Delivery Services
144,GRUBHUB.COM,2023-03,UT,10687.17,383469.07,Third- Party Delivery Services,Restaurant/Grocery/Other Delivery Services
145,GRUBHUB.COM,2023-02,WA,31462.829999999994,1241380.8800000004,Third- Party Delivery Services,Restaurant/Grocery/Other Delivery Services
146,DOORDASH,2023-01,MI,67057.09,2377524.24,Third- Party Delivery Services,Restaurant/Grocery/Other Delivery Services
147,GRUBHUB.COM,2023-03,GA,35698.47,1208252.35,Third- Party Delivery Services,Restaurant/Grocery/Other Delivery Services
148,DOORDASH,2023-01,CO,262661.35000000003,9611141.830000002,Third- Party Delivery Services,Restaurant/Grocery/Other Delivery Services
149,AMAZON FRESH,2023-01,OH,4106.469999999999,306110.43,Third- Party Delivery Services,Restaurant/Grocery/Other Delivery Services
150,DOORDASH,2023-03,ND,34854.39000000001,1234044.51,Third- Party Delivery Services,Restaurant/Grocery/Other Delivery Services
151,INSTACART,2023-02,MO,14958.76,1369372.19,Third- Party Delivery Services,Restaurant/Grocery/Other Delivery Services
152,DOORDASH,2023-02,MI,64732.72,2309497.38,Third- Party Delivery Services,Restaurant/Grocery/Other Delivery Services
153,GRUBHUB.COM,2023-01,WA,32468.779999999995,1312535.3299999998,Third- Party Delivery Services,Restaurant/Grocery/Other Delivery Services
154,AMAZON FRESH,2023-03,AL,1009.4500000000002,93443.77,Third- Party Delivery Services,Restaurant/Grocery/Other Delivery Services
155,GRUBHUB.COM,2023-01,CO,38623.23,1643506.8699999996,Third- Party Delivery Services,Restaurant/Grocery/Other Delivery Services
156,UBEREATS,2023-03,WY,2889.45,93550.23,Third- Party Delivery Services,Restaurant/Grocery/Other Delivery Services
157,INSTACART,2023-03,VA,77330.18000000001,7132900.570000001,Third- Party Delivery Services,Restaurant/Grocery/Other Delivery Services
158,UBEREATS,2023-02,IA,19911.2,632337.26,Third- Party Delivery Services,Restaurant/Grocery/Other Delivery Services
159,UBEREATS,2023-02,HI,18959.59,647387.64,Third- Party Delivery Services,Restaurant/Grocery/Other Delivery Services
160,DOORDASH,2023-02,NE,127876.65000000004,4272898.23,Third- Party Delivery Services,Restaurant/Grocery/Other Delivery Services
161,DOORDASH,2023-01,MN,247367.93,9046021.650000002,Third- Party Delivery Services,Restaurant/Grocery/Other Delivery Services
162,GRUBHUB.COM,2023-01,OR,42713.92,1583499.42,Third- Party Delivery Services,Restaurant/Grocery/Other Delivery Services
163,INSTACART,2023-03,MD,59928.05,5089324.120000001,Third- Party Delivery Services,Restaurant/Grocery/Other Delivery Services
164,DOORDASH,2023-02,VA,372736.37000000005,12523345.56,Third- Party Delivery Services,Restaurant/Grocery/Other Delivery Services
165,INSTACART,2023-01,GA,104360.44,8980924.73,Third- Party Delivery Services,Restaurant/Grocery/Other Delivery Services
166,GRUBHUB.COM,2023-01,WY,722.0900000000003,27930.15,Third- Party Delivery Services,Restaurant/Grocery/Other Delivery Services
167,UBEREATS,2023-03,OR,77631.56,2467326.77,Third- Party Delivery Services,Restaurant/Grocery/Other Delivery Services
168,UBEREATS,2023-02,KS,17321.18,557029.5299999999,Third- Party Delivery Services,Restaurant/Grocery/Other Delivery Services
169,GRUBHUB.COM,2023-02,AR,1618.0700000000002,55029.380000000005,Third- Party Delivery Services,Restaurant/Grocery/Other Delivery Services
170,INSTACART,2023-02,NJ,54238.75,5054209.45,Third- Party Delivery Services,Restaurant/Grocery/Other Delivery Services
171,UBEREATS,2023-02,NV,84768.17000000001,2792144.2700000005,Third- Party Delivery Services,Restaurant/Grocery/Other Delivery Services
172,GRUBHUB.COM,2023-01,PA,104795.97,4099432.72,Third- Party Delivery Services,Restaurant/Grocery/Other Delivery Services
173,UBEREATS,2023-01,NC,125800.54999999996,4101435.79,Third- Party Delivery Services,Restaurant/Grocery/Other Delivery Services
174,DOORDASH,2023-03,NC,500733.9900000001,16404211.22,Third- Party Delivery Services,Restaurant/Grocery/Other Delivery Services
175,INSTACART,2023-02,MI,11465.15,1037897.47,Third- Party Delivery Services,Restaurant/Grocery/Other Delivery Services
176,INSTACART,2023-03,WY,1299.12,124345.3,Third- Party Delivery Services,Restaurant/Grocery/Other Delivery Services
177,UBEREATS,2023-02,IN,17183.0,557499.79,Third- Party Delivery Services,Restaurant/Grocery/Other Delivery Services
178,GRUBHUB.COM,2023-01,GA,30450.67,1093928.33,Third- Party Delivery Services,Restaurant/Grocery/Other Delivery Services
179,INSTACART,2023-01,MN,49340.51,4959867.15,Third- Party Delivery Services,Restaurant/Grocery/Other Delivery Services
180,AMAZON FRESH,2023-01,IL,15212.11,991795.72,Third- Party Delivery Services,Restaurant/Grocery/Other Delivery Services
181,GRUBHUB.COM,2023-03,CO,42230.79000000001,1745139.3299999998,Third- Party Delivery Services,Restaurant/Grocery/Other Delivery Services
182,AMAZON FRESH,2023-02,FL,18103.55,1455583.47,Third- Party Delivery Services,Restaurant/Grocery/Other Delivery Services
183,INSTACART,2023-01,LA,7810.56,698562.0699999998,Third- Party Delivery Services,Restaurant/Grocery/Other Delivery Services
184,INSTACART,2023-01,CA,401658.48999999993,36382611.88,Third- Party Delivery Services,Restaurant/Grocery/Other Delivery Services
185,INSTACART,2023-03,MI,12563.06,1137091.36,Third- Party Delivery Services,Restaurant/Grocery/Other Delivery Services
186,INSTACART,2023-02,ME,2568.54,262285.3400000001,Third- Party Delivery Services,Restaurant/Grocery/Other Delivery Services
187,DOORDASH,2023-02,MN,239257.8,8719300.18,Third- Party Delivery Services,Restaurant/Grocery/Other Delivery Services
188,AMAZON FRESH,2023-01,MT,265.65,23417.31,Third- Party Delivery Services,Restaurant/Grocery/Other Delivery Services
189,UBEREATS,2023-02,MN,46928.15,1551017.8500000003,Third- Party Delivery Services,Restaurant/Grocery/Other Delivery Services
190,INSTACART,2023-01,TN,47146.85000000001,4615752.76,Third- Party Delivery Services,Restaurant/Grocery/Other Delivery Services
191,DOORDASH,2023-01,MS,60875.03999999999,1994053.5200000005,Third- Party Delivery Services,Restaurant/Grocery/Other Delivery Services
192,UBEREATS,2023-01,UT,29666.9,917659.8299999998,Third- Party Delivery Services,Restaurant/Grocery/Other Delivery Services
193,INSTACART,2023-01,MD,59676.69,5088981.34,Third- Party Delivery Services,Restaurant/Grocery/Other Delivery Services
194,AMAZON FRESH,2023-03,KY,930.25,82162.08999999998,Third- Party Delivery Services,Restaurant/Grocery/Other Delivery Services
195,AMAZON FRESH,2023-02,KS,960.6999999999996,91725.35,Third- Party Delivery Services,Restaurant/Grocery/Other Delivery Services
196,AMAZON FRESH,2023-01,AR,666.26,66578.04000000001,Third- Party Delivery Services,Restaurant/Grocery/Other Delivery Services
197,UBEREATS,2023-03,OK,26810.51,811887.69,Third- Party Delivery Services,Restaurant/Grocery/Other Delivery Services
198,DOORDASH,2023-02,WA,340461.4,12755384.23,Third- Party Delivery Services,Restaurant/Grocery/Other Delivery Services
199,AMAZON FRESH,2023-01,MI,1971.6900000000005,181182.67,Third- Party Delivery Services,Restaurant/Grocery/Other Delivery Services
200,DOORDASH,2023-02,SC,183711.26,6135093.879999999,Third- Party Delivery Services,Restaurant/Grocery/Other Delivery Services
201,GRUBHUB.COM,2023-02,VT,680.0799999999999,31733.03000000001,Third- Party Delivery Services,Restaurant/Grocery/Other Delivery Services
202,DOORDASH,2023-03,MD,297283.52,10183808.539999995,Third- Party Delivery Services,Restaurant/Grocery/Other Delivery Services
203,DOORDASH,2023-02,KS,89387.7,2843928.22,Third- Party Delivery Services,Restaurant/Grocery/Other Delivery Services
204,DOORDASH,2023-03,LA,66663.98999999999,2235607.56,Third- Party Delivery Services,Restaurant/Grocery/Other Delivery Services
205,AMAZON FRESH,2023-02,WV,367.53,19422.68,Third- Party Delivery Services,Restaurant/Grocery/Other Delivery Services
206,DOORDASH,2023-02,RI,7213.71,277788.12000000005,Third- Party Delivery Services,Restaurant/Grocery/Other Delivery Services
207,AMAZON FRESH,2023-03,OR,6639.9000000000015,649247.6500000001,Third- Party Delivery Services,Restaurant/Grocery/Other Delivery Services
208,INSTACART,2023-02,FL,201059.64,17942107.890000004,Third- Party Delivery Services,Restaurant/Grocery/Other Delivery Services
209,INSTACART,2023-02,VT,1271.0300000000004,136966.8,Third- Party Delivery Services,Restaurant/Grocery/Other Delivery Services
210,UBEREATS,2023-03,SC,64555.05,2167985.8000000003,Third- Party Delivery Services,Restaurant/Grocery/Other Delivery Services
211,GRUBHUB.COM,2023-01,NE,11953.68,461696.82000000007,Third- Party Delivery Services,Restaurant/Grocery/Other Delivery Services
212,DOORDASH,2023-02,VT,4680.410000000001,167668.04,Third- Party Delivery Services,Restaurant/Grocery/Other Delivery Services
213,DOORDASH,2023-02,WV,39527.58999999999,1370848.4999999998,Third- Party Delivery Services,Restaurant/Grocery/Other Delivery Services
214,DOORDASH,2023-02,OR,175338.58,6047322.920000001,Third- Party Delivery Services,Restaurant/Grocery/Other Delivery Services
215,DOORDASH,2023-03,TN,235030.08,7853324.66,Third- Party Delivery Services,Restaurant/Grocery/Other Delivery Services
216,INSTACART,2023-03,NC,117699.95,10569795.12,Third- Party Delivery Services,Restaurant/Grocery/Other Delivery Services
217,UBEREATS,2023-02,MO,20417.410000000003,675718.26,Third- Party Delivery Services,Restaurant/Grocery/Other Delivery Services
218,AMAZON FRESH,2023-03,AK,108.78,8362.929999999998,Third- Party Delivery Services,Restaurant/Grocery/Other Delivery Services
219,INSTACART,2023-03,RI,1611.66,152420.31,Third- Party Delivery Services,Restaurant/Grocery/Other Delivery Services
220,AMAZON FRESH,2023-03,NY,32709.26,3153144.9999999995,Third- Party Delivery Services,Restaurant/Grocery/Other Delivery Services
221,GRUBHUB.COM,2023-01,UT,9775.29,363929.47,Third- Party Delivery Services,Restaurant/Grocery/Other Delivery Services
222,AMAZON FRESH,2023-01,NH,1102.98,124412.03,Third- Party Delivery Services,Restaurant/Grocery/Other Delivery Services
223,INSTACART,2023-01,ID,6994.150000000001,739960.14,Third- Party Delivery Services,Restaurant/Grocery/Other Delivery Services
224,UBEREATS,2023-01,AK,4730.830000000001,163093.83,Third- Party Delivery Services,Restaurant/Grocery/Other Delivery Services
225,DOORDASH,2023-03,OK,149524.41,4854975.139999999,Third- Party Delivery Services,Restaurant/Grocery/Other Delivery Services
226,AMAZON FRESH,2023-01,DE,502.7600000000001,47929.23,Third- Party Delivery Services,Restaurant/Grocery/Other Delivery Services
227,UBEREATS,2023-01,ND,5313.83,179712.15999999997,Third- Party Delivery Services,Restaurant/Grocery/Other Delivery Services
228,UBEREATS,2023-02,TX,650142.53,20918008.56,Third- Party Delivery Services,Restaurant/Grocery/Other Delivery Services
229,AMAZON FRESH,2023-03,AR,458.03,46076.24000000002,Third- Party Delivery Services,Restaurant/Grocery/Other Delivery Services
230,INSTACART,2023-02,MD,56820.85,4780826.749999999,Third- Party Delivery Services,Restaurant/Grocery/Other Delivery Services
231,INSTACART,2023-02,ND,2914.57,275701.94999999995,Third- Party Delivery Services,Restaurant/Grocery/Other Delivery Services
232,INSTACART,2023-03,NV,20747.340000000004,1834213.66,Third- Party Delivery Services,Restaurant/Grocery/Other Delivery Services
233,INSTACART,2023-02,WV,5068.379999999999,423919.4,Third- Party Delivery Services,Restaurant/Grocery/Other Delivery Services
234,UBEREATS,2023-02,NJ,239817.94,7648679.62,Third- Party Delivery Services,Restaurant/Grocery/Other Delivery Services
235,INSTACART,2023-02,TX,103832.18,9444891.910000002,Third- Party Delivery Services,Restaurant/Grocery/Other Delivery Services
236,DOORDASH,2023-02,AR,28158.6,985126.9599999996,Third- Party Delivery Services,Restaurant/Grocery/Other Delivery Services
237,AMAZON FRESH,2023-01,CT,4820.599999999999,533638.12,Third- Party Delivery Services,Restaurant/Grocery/Other Delivery Services
238,UBEREATS,2023-01,NY,477118.78,15664443.74,Third- Party Delivery Services,Restaurant/Grocery/Other Delivery Services
239,UBEREATS,2023-03,MS,17275.45,563649.3400000001,Third- Party Delivery Services,Restaurant/Grocery/Other Delivery Services
240,DOORDASH,2023-01,NH,47713.680000000015,1638771.82,Third- Party Delivery Services,Restaurant/Grocery/Other Delivery Services
241,AMAZON FRESH,2023-01,CO,14490.539999999995,1337738.3,Third- Party Delivery Services,Restaurant/Grocery/Other Delivery Services
242,INSTACART,2023-01,IA,12390.469999999998,1099283.9999999998,Third- Party Delivery Services,Restaurant/Grocery/Other Delivery Services
243,DOORDASH,2023-03,ME,23067.620000000003,786203.38,Third- Party Delivery Services,Restaurant/Grocery/Other Delivery Services
244,INSTACART,2023-03,IL,44574.58,3667220.61,Third- Party Delivery Services,Restaurant/Grocery/Other Delivery Services
245,UBEREATS,2023-02,NH,7470.930000000001,247969.9,Third- Party Delivery Services,Restaurant/Grocery/Other Delivery Services
246,GRUBHUB.COM,2023-01,IA,14559.259999999998,565682.3699999999,Third- Party Delivery Services,Restaurant/Grocery/Other Delivery Services
247,GRUBHUB.COM,2023-02,IA,13706.860000000002,522899.9599999999,Third- Party Delivery Services,Restaurant/Grocery/Other Delivery Services
248,GRUBHUB.COM,2023-03,NJ,73589.45000000001,2621897.42,Third- Party Delivery Services,Restaurant/Grocery/Other Delivery Services
249,INSTACART,2023-02,IA,10676.47,957226.17,Third- Party Delivery Services,Restaurant/Grocery/Other Delivery Services
250,UBEREATS,2023-03,MI,22203.06,702327.7400000001,Third- Party Delivery Services,Restaurant/Grocery/Other Delivery Services
251,AMAZON FRESH,2023-03,PA,18316.250000000004,1544030.9900000002,Third- Party Delivery Services,Restaurant/Grocery/Other Delivery Services
252,GRUBHUB.COM,2023-01,MI,8935.53,338454.1400000001,Third- Party Delivery Services,Restaurant/Grocery/Other Delivery Services
253,INSTACART,2023-03,SD,1680.4799999999998,171320.25999999998,Third- Party Delivery Services,Restaurant/Grocery/Other Delivery Services
254,INSTACART,2023-01,RI,1387.1100000000004,134628.18,Third- Party Delivery Services,Restaurant/Grocery/Other Delivery Services
255,AMAZON FRESH,2023-02,NY,34509.090000000004,2935730.1500000004,Third- Party Delivery Services,Restaurant/Grocery/Other Delivery Services
256,INSTACART,2023-03,ID,7170.879999999998,769693.54,Third- Party Delivery Services,Restaurant/Grocery/Other Delivery Services
257,UBEREATS,2023-02,MI,19804.11,662764.1000000001,Third- Party Delivery Services,Restaurant/Grocery/Other Delivery Services
258,UBEREATS,2023-01,TN,111187.9,3886644.83,Third- Party Delivery Services,Restaurant/Grocery/Other Delivery Services
259,UBEREATS,2023-03,MT,12099.07,416681.0800000001,Third- Party Delivery Services,Restaurant/Grocery/Other Delivery Services
260,AMAZON FRESH,2023-02,NJ,14922.499999999998,1346926.0699999998,Third- Party Delivery Services,Restaurant/Grocery/Other Delivery Services
261,DOORDASH,2023-02,NV,119396.71000000002,4133089.65,Third- Party Delivery Services,Restaurant/Grocery/Other Delivery Services
262,DOORDASH,2023-01,IN,63688.08,2242176.9,Third- Party Delivery Services,Restaurant/Grocery/Other Delivery Services
263,UBEREATS,2023-01,WY,2950.98,97713.80000000002,Third- Party Delivery Services,Restaurant/Grocery/Other Delivery Services
264,UBEREATS,2023-03,NJ,275508.26,8713534.030000001,Third- Party Delivery Services,Restaurant/Grocery/Other Delivery Services
265,INSTACART,2023-02,KS,7328.040000000001,698959.4699999999,Third- Party Delivery Services,Restaurant/Grocery/Other Delivery Services
266,AMAZON FRESH,2023-03,MD,13297.669999999996,1069455.0900000003,Third- Party Delivery Services,Restaurant/Grocery/Other Delivery Services
267,DOORDASH,2023-02,IL,184418.4,6299869.2700000005,Third- Party Delivery Services,Restaurant/Grocery/Other Delivery Services
268,GRUBHUB.COM,2023-03,NY,159884.99,5857920.079999998,Third- Party Delivery Services,Restaurant/Grocery/Other Delivery Services
269,UBEREATS,2023-03,ID,22019.78,724139.9799999999,Third- Party Delivery Services,Restaurant/Grocery/Other Delivery Services
270,DOORDASH,2023-03,IL,209164.19000000003,7114040.670000002,Third- Party Delivery Services,Restaurant/Grocery/Other Delivery Services
271,DOORDASH,2023-03,WY,30490.02,1024110.29,Third- Party Delivery Services,Restaurant/Grocery/Other Delivery Services
272,INSTACART,2023-01,VA,79264.56,7200679.540000001,Third- Party Delivery Services,Restaurant/Grocery/Other Delivery Services
273,AMAZON FRESH,2023-01,MA,10197.889999999998,919594.32,Third- Party Delivery Services,Restaurant/Grocery/Other Delivery Services
274,GRUBHUB.COM,2023-01,OH,14076.440000000002,439501.5100000002,Third- Party Delivery Services,Restaurant/Grocery/Other Delivery Services
275,GRUBHUB.COM,2023-03,AR,1946.58,70884.71,Third- Party Delivery Services,Restaurant/Grocery/Other Delivery Services
276,AMAZON FRESH,2023-01,TN,7438.560000000001,665692.54,Third- Party Delivery Services,Restaurant/Grocery/Other Delivery Services
277,AMAZON FRESH,2023-03,KS,716.98,76887.32,Third- Party Delivery Services,Restaurant/Grocery/Other Delivery Services
278,UBEREATS,2023-02,CA,839286.8299999997,29133014.24,Third- Party Delivery Services,Restaurant/Grocery/Other Delivery Services
279,DOORDASH,2023-01,GA,389684.3000000001,12658779.679999998,Third- Party Delivery Services,Restaurant/Grocery/Other Delivery Services
280,DOORDASH,2023-03,NJ,370045.01,12723390.700000005,Third- Party Delivery Services,Restaurant/Grocery/Other Delivery Services
281,UBEREATS,2023-02,IL,122284.69999999995,4067805.100000001,Third- Party Delivery Services,Restaurant/Grocery/Other Delivery Services
282,AMAZON FRESH,2023-03,ID,966.65,105334.72000000002,Third- Party Delivery Services,Restaurant/Grocery/Other Delivery Services
283,UBEREATS,2023-02,DE,6936.55,223313.63,Third- Party Delivery Services,Restaurant/Grocery/Other Delivery Services
284,INSTACART,2023-01,VT,1370.24,176580.30999999997,Third- Party Delivery Services,Restaurant/Grocery/Other Delivery Services
285,GRUBHUB.COM,2023-02,PA,100389.27999999996,3795909.61,Third- Party Delivery Services,Restaurant/Grocery/Other Delivery Services
286,UBEREATS,2023-01,ME,3627.140000000001,127682.08000000002,Third- Party Delivery Services,Restaurant/Grocery/Other Delivery Services
287,UBEREATS,2023-03,NM,14465.839999999998,457978.2900000001,Third- Party Delivery Services,Restaurant/Grocery/Other Delivery Services
288,UBEREATS,2023-02,NC,118617.51000000004,3832496.87,Third- Party Delivery Services,Restaurant/Grocery/Other Delivery Services
289,GRUBHUB.COM,2023-03,SC,13756.640000000005,392131.8900000001,Third- Party Delivery Services,Restaurant/Grocery/Other Delivery Services
290,AMAZON FRESH,2023-01,WI,4734.22,362225.45,Third- Party Delivery Services,Restaurant/Grocery/Other Delivery Services
291,DOORDASH,2023-02,LA,61639.74,2043720.85,Third- Party Delivery Services,Restaurant/Grocery/Other Delivery Services
292,GRUBHUB.COM,2023-01,NC,41505.91000000001,1360265.0599999998,Third- Party Delivery Services,Restaurant/Grocery/Other Delivery Services
293,AMAZON FRESH,2023-03,ND,53.23000000000001,4908.71,Third- Party Delivery Services,Restaurant/Grocery/Other Delivery Services
294,UBEREATS,2023-02,FL,659972.32,22670629.94,Third- Party Delivery Services,Restaurant/Grocery/Other Delivery Services
295,UBEREATS,2023-03,KS,18387.6,585347.1200000001,Third- Party Delivery Services,Restaurant/Grocery/Other Delivery Services
296,UBEREATS,2023-02,OR,64070.98,2117658.78,Third- Party Delivery Services,Restaurant/Grocery/Other Delivery Services
297,GRUBHUB.COM,2023-03,OH,15482.01,457930.9500000001,Third- Party Delivery Services,Restaurant/Grocery/Other Delivery Services
298,GRUBHUB.COM,2023-01,MA,28889.989999999994,1134856.1300000004,Third- Party Delivery Services,Restaurant/Grocery/Other Delivery Services
299,GRUBHUB.COM,2023-03,NC,46685.87,1469716.0700000003,Third- Party Delivery Services,Restaurant/Grocery/Other Delivery Services
300,AMAZON FRESH,2023-03,SC,2275.3300000000004,216831.99,Third- Party Delivery Services,Restaurant/Grocery/Other Delivery Services
301,AMAZON FRESH,2023-02,MD,13547.38,991585.74,Third- Party Delivery Services,Restaurant/Grocery/Other Delivery Services
302,UBEREATS,2023-03,OH,41278.24,1283417.3100000003,Third- Party Delivery Services,Restaurant/Grocery/Other Delivery Services
303,AMAZON FRESH,2023-03,NJ,14886.28,1447688.2199999995,Third- Party Delivery Services,Restaurant/Grocery/Other Delivery Services
304,INSTACART,2023-03,AK,3777.53,409484.07000000007,Third- Party Delivery Services,Restaurant/Grocery/Other Delivery Services
305,UBEREATS,2023-03,CA,957936.0499999998,32936855.81,Third- Party Delivery Services,Restaurant/Grocery/Other Delivery Services
306,DOORDASH,2023-02,ID,66569.88,2240423.6899999995,Third- Party Delivery Services,Restaurant/Grocery/Other Delivery Services
307,DOORDASH,2023-02,FL,596392.6100000001,19270245.06,Third- Party Delivery Services,Restaurant/Grocery/Other Delivery Services
308,AMAZON FRESH,2023-01,TX,36022.68000000001,2691727.67,Third- Party Delivery Services,Restaurant/Grocery/Other Delivery Services
309,INSTACART,2023-03,HI,3952.8200000000006,411055.34,Third- Party Delivery Services,Restaurant/Grocery/Other Delivery Services
310,GRUBHUB.COM,2023-02,MS,3186.3,113290.63999999996,Third- Party Delivery Services,Restaurant/Grocery/Other Delivery Services
311,AMAZON FRESH,2023-03,VT,224.39000000000007,18307.620000000003,Third- Party Delivery Services,Restaurant/Grocery/Other Delivery Services
312,INSTACART,2023-01,AK,3735.49,404824.22,Third- Party Delivery Services,Restaurant/Grocery/Other Delivery Services
313,AMAZON FRESH,2023-01,HI,1236.37,127064.6,Third- Party Delivery Services,Restaurant/Grocery/Other Delivery Services
314,INSTACART,2023-01,AL,31905.960000000006,3083296.079999999,Third- Party Delivery Services,Restaurant/Grocery/Other Delivery Services
315,GRUBHUB.COM,2023-01,TN,15142.010000000002,538876.9299999999,Third- Party Delivery Services,Restaurant/Grocery/Other Delivery Services
316,DOORDASH,2023-03,OR,204960.94000000003,7014315.32,Third- Party Delivery Services,Restaurant/Grocery/Other Delivery Services
317,GRUBHUB.COM,2023-03,CT,28770.41,1083701.34,Third- Party Delivery Services,Restaurant/Grocery/Other Delivery Services
318,AMAZON FRESH,2023-03,VA,18820.1,1351592.4899999998,Third- Party Delivery Services,Restaurant/Grocery/Other Delivery Services
319,UBEREATS,2023-03,NE,20312.1,629597.3500000001,Third- Party Delivery Services,Restaurant/Grocery/Other Delivery Services
320,DOORDASH,2023-02,DE,51373.740000000005,1710620.5799999996,Third- Party Delivery Services,Restaurant/Grocery/Other Delivery Services
321,DOORDASH,2023-02,MA,99267.01,3628243.96,Third- Party Delivery Services,Restaurant/Grocery/Other Delivery Services
322,AMAZON FRESH,2023-01,IA,1507.2199999999998,148810.32000000004,Third- Party Delivery Services,Restaurant/Grocery/Other Delivery Services
323,UBEREATS,2023-03,AL,33850.39,1100420.9600000002,Third- Party Delivery Services,Restaurant/Grocery/Other Delivery Services
324,INSTACART,2023-03,TN,45012.4,4393010.3100000005,Third- Party Delivery Services,Restaurant/Grocery/Other Delivery Services
325,UBEREATS,2023-01,GA,250194.38000000003,8558085.299999999,Third- Party Delivery Services,Restaurant/Grocery/Other Delivery Services
326,UBEREATS,2023-03,IA,23262.819999999992,755775.7499999998,Third- Party Delivery Services,Restaurant/Grocery/Other Delivery Services
327,GRUBHUB.COM,2023-02,VA,53847.01,1794890.0200000005,Third- Party Delivery Services,Restaurant/Grocery/Other Delivery Services
328,DOORDASH,2023-02,CO,248137.37,9059167.77,Third- Party Delivery Services,Restaurant/Grocery/Other Delivery Services
329,INSTACART,2023-01,SD,1922.77,206976.72,Third- Party Delivery Services,Restaurant/Grocery/Other Delivery Services
330,AMAZON FRESH,2023-01,NY,40137.42999999999,3345381.9199999995,Third- Party Delivery Services,Restaurant/Grocery/Other Delivery Services
331,GRUBHUB.COM,2023-01,VA,53985.87999999999,1904295.38,Third- Party Delivery Services,Restaurant/Grocery/Other Delivery Services
332,GRUBHUB.COM,2023-02,TX,73501.91000000002,2417561.2,Third- Party Delivery Services,Restaurant/Grocery/Other Delivery Services
333,GRUBHUB.COM,2023-01,CA,181777.41,7221343.06,Third- Party Delivery Services,Restaurant/Grocery/Other Delivery Services
334,AMAZON FRESH,2023-02,HI,1153.6099999999997,120254.98,Third- Party Delivery Services,Restaurant/Grocery/Other Delivery Services
335,DOORDASH,2023-03,OH,175856.03,5777850.109999999,Third- Party Delivery Services,Restaurant/Grocery/Other Delivery Services
336,DOORDASH,2023-02,AL,162667.71000000005,5369847.210000001,Third- Party Delivery Services,Restaurant/Grocery/Other Delivery Services
337,INSTACART,2023-01,WY,1417.4200000000003,135487.51,Third- Party Delivery Services,Restaurant/Grocery/Other Delivery Services
338,UBEREATS,2023-01,MN,49807.77999999999,1648059.41,Third- Party Delivery Services,Restaurant/Grocery/Other Delivery Services
339,AMAZON FRESH,2023-02,WA,35792.25,2402641.79,Third- Party Delivery Services,Restaurant/Grocery/Other Delivery Services
340,DOORDASH,2023-03,CA,2452418.28,88954408.94000003,Third- Party Delivery Services,Restaurant/Grocery/Other Delivery Services
341,AMAZON FRESH,2023-02,AK,172.20999999999992,11445.52,Third- Party Delivery Services,Restaurant/Grocery/Other Delivery Services
342,UBEREATS,2023-01,OH,36461.95,1160633.1,Third- Party Delivery Services,Restaurant/Grocery/Other Delivery Services
343,AMAZON FRESH,2023-02,MO,1081.1,107036.47000000002,Third- Party Delivery Services,Restaurant/Grocery/Other Delivery Services
344,UBEREATS,2023-01,MO,21073.99,709005.5599999998,Third- Party Delivery Services,Restaurant/Grocery/Other Delivery Services
345,UBEREATS,2023-03,MN,54945.58,1789729.0,Third- Party Delivery Services,Restaurant/Grocery/Other Delivery Services
346,UBEREATS,2023-02,RI,6023.549999999997,194046.77,Third- Party Delivery Services,Restaurant/Grocery/Other Delivery Services
347,GRUBHUB.COM,2023-01,NY,154789.34999999998,5821278.28,Third- Party Delivery Services,Restaurant/Grocery/Other Delivery Services
348,DOORDASH,2023-01,NM,71187.96999999999,2492685.45,Third- Party Delivery Services,Restaurant/Grocery/Other Delivery Services
349,DOORDASH,2023-01,RI,8529.379999999997,346962.5399999999,Third- Party Delivery Services,Restaurant/Grocery/Other Delivery Services
350,UBEREATS,2023-03,NH,8266.570000000002,269364.21,Third- Party Delivery Services,Restaurant/Grocery/Other Delivery Services
351,DOORDASH,2023-02,WY,26721.2,893434.6,Third- Party Delivery Services,Restaurant/Grocery/Other Delivery Services
352,INSTACART,2023-01,NV,21142.34,1850724.78,Third- Party Delivery Services,Restaurant/Grocery/Other Delivery Services
353,INSTACART,2023-03,MO,15602.490000000003,1402168.6900000002,Third- Party Delivery Services,Restaurant/Grocery/Other Delivery Services
354,UBEREATS,2023-01,MT,11510.939999999997,394715.14,Third- Party Delivery Services,Restaurant/Grocery/Other Delivery Services
355,UBEREATS,2023-01,AZ,144904.34,4648597.53,Third- Party Delivery Services,Restaurant/Grocery/Other Delivery Services
356,AMAZON FRESH,2023-01,MS,533.77,46172.75000000001,Third- Party Delivery Services,Restaurant/Grocery/Other Delivery Services
357,AMAZON FRESH,2023-03,WY,130.01000000000005,14231.93,Third- Party Delivery Services,Restaurant/Grocery/Other Delivery Services
358,UBEREATS,2023-02,WY,2708.1900000000005,89399.43999999999,Third- Party Delivery Services,Restaurant/Grocery/Other Delivery Services
359,AMAZON FRESH,2023-02,AL,1014.2100000000004,83328.87000000001,Third- Party Delivery Services,Restaurant/Grocery/Other Delivery Services
360,DOORDASH,2023-02,MS,59548.58,1935729.04,Third- Party Delivery Services,Restaurant/Grocery/Other Delivery Services
361,UBEREATS,2023-03,AR,10512.99,339982.18000000005,Third- Party Delivery Services,Restaurant/Grocery/Other Delivery Services
362,INSTACART,2023-01,UT,14860.089999999998,1463011.5300000005,Third- Party Delivery Services,Restaurant/Grocery/Other Delivery Services
363,DOORDASH,2023-01,MT,42696.91999999999,1454446.9800000002,Third- Party Delivery Services,Restaurant/Grocery/Other Delivery Services
364,UBEREATS,2023-01,IA,21019.82,666999.86,Third- Party Delivery Services,Restaurant/Grocery/Other Delivery Services
365,DOORDASH,2023-01,NJ,345785.46,12014350.520000003,Third- Party Delivery Services,Restaurant/Grocery/Other Delivery Services
366,AMAZON FRESH,2023-02,CO,12145.969999999996,1162867.0600000003,Third- Party Delivery Services,Restaurant/Grocery/Other Delivery Services
367,AMAZON FRESH,2023-01,DC,7475.899999999999,549279.4999999999,Third- Party Delivery Services,Restaurant/Grocery/Other Delivery Services
368,DOORDASH,2023-01,LA,59793.53000000001,2017653.62,Third- Party Delivery Services,Restaurant/Grocery/Other Delivery Services
369,DOORDASH,2023-01,CT,94222.33000000002,3231097.8600000003,Third- Party Delivery Services,Restaurant/Grocery/Other Delivery Services
370,AMAZON FRESH,2023-01,ND,81.98,4690.740000000001,Third- Party Delivery Services,Restaurant/Grocery/Other Delivery Services
371,AMAZON FRESH,2023-03,HI,1166.7000000000005,125361.26,Third- Party Delivery Services,Restaurant/Grocery/Other Delivery Services
372,UBEREATS,2023-01,PA,192993.44,6194801.430000001,Third- Party Delivery Services,Restaurant/Grocery/Other Delivery Services
373,INSTACART,2023-02,NC,109044.04000000002,9647673.76,Third- Party Delivery Services,Restaurant/Grocery/Other Delivery Services
374,INSTACART,2023-01,ME,2713.6200000000003,274084.0,Third- Party Delivery Services,Restaurant/Grocery/Other Delivery Services
375,UBEREATS,2023-01,AR,9695.42,304369.85000000003,Third- Party Delivery Services,Restaurant/Grocery/Other Delivery Services
376,DOORDASH,2023-01,OR,187263.94999999995,6497661.220000001,Third- Party Delivery Services,Restaurant/Grocery/Other Delivery Services
377,GRUBHUB.COM,2023-01,NV,17119.780000000002,686501.0499999999,Third- Party Delivery Services,Restaurant/Grocery/Other Delivery Services
378,GRUBHUB.COM,2023-03,MT,1282.59,52892.8,Third- Party Delivery Services,Restaurant/Grocery/Other Delivery Services
379,AMAZON FRESH,2023-02,OH,4346.26,300594.16,Third- Party Delivery Services,Restaurant/Grocery/Other Delivery Services
380,AMAZON FRESH,2023-01,VT,249.07000000000005,22398.310000000005,Third- Party Delivery Services,Restaurant/Grocery/Other Delivery Services
381,INSTACART,2023-01,IL,45562.14000000001,3749388.0200000014,Third- Party Delivery Services,Restaurant/Grocery/Other Delivery Services
382,AMAZON FRESH,2023-01,VA,23124.200000000004,1524509.2999999996,Third- Party Delivery Services,Restaurant/Grocery/Other Delivery Services
383,AMAZON FRESH,2023-03,IL,13185.310000000003,923959.76,Third- Party Delivery Services,Restaurant/Grocery/Other Delivery Services
384,AMAZON FRESH,2023-01,AZ,9353.97,687526.6000000001,Third- Party Delivery Services,Restaurant/Grocery/Other Delivery Services
385,AMAZON FRESH,2023-02,DE,491.25,43742.850000000006,Third- Party Delivery Services,Restaurant/Grocery/Other Delivery Services
386,INSTACART,2023-01,SC,48439.67999999999,4488228.409999998,Third- Party Delivery Services,Restaurant/Grocery/Other Delivery Services
387,GRUBHUB.COM,2023-02,NY,144406.30000000002,5378403.249999999,Third- Party Delivery Services,Restaurant/Grocery/Other Delivery Services
388,DOORDASH,2023-03,VT,4826.539999999999,172770.78,Third- Party Delivery Services,Restaurant/Grocery/Other Delivery Services
389,GRUBHUB.COM,2023-02,RI,3034.55,110313.16000000005,Third- Party Delivery Services,Restaurant/Grocery/Other Delivery Services
390,DOORDASH,2023-03,CT,105434.08,3604580.42,Third- Party Delivery Services,Restaurant/Grocery/Other Delivery Services
391,UBEREATS,2023-01,NM,14190.27,451657.65,Third- Party Delivery Services,Restaurant/Grocery/Other Delivery Services
392,AMAZON FRESH,2023-02,RI,1039.11,115467.0,Third- Party Delivery Services,Restaurant/Grocery/Other Delivery Services
393,GRUBHUB.COM,2023-03,NV,17970.17,706117.2700000001,Third- Party Delivery Services,Restaurant/Grocery/Other Delivery Services
394,AMAZON FRESH,2023-02,WY,164.39,14457.7,Third- Party Delivery Services,Restaurant/Grocery/Other Delivery Services
395,INSTACART,2023-02,LA,7390.53,701990.0700000001,Third- Party Delivery Services,Restaurant/Grocery/Other Delivery Services
396,DOORDASH,2023-01,WV,39897.81,1389744.0599999998,Third- Party Delivery Services,Restaurant/Grocery/Other Delivery Services
397,AMAZON FRESH,2023-01,MD,15458.280000000002,1149319.2500000002,Third- Party Delivery Services,Restaurant/Grocery/Other Delivery Services
398,GRUBHUB.COM,2023-01,HI,1980.68,75831.44,Third- Party Delivery Services,Restaurant/Grocery/Other Delivery Services
399,DOORDASH,2023-03,NV,134734.25,4669336.93,Third- Party Delivery Services,Restaurant/Grocery/Other Delivery Services
400,GRUBHUB.COM,2023-01,KY,3345.9700000000007,111092.49000000002,Third- Party Delivery Services,Restaurant/Grocery/Other Delivery Services
401,UBEREATS,2023-01,MD,139224.28,4682925.300000002,Third- Party Delivery Services,Restaurant/Grocery/Other Delivery Services
402,INSTACART,2023-03,NE,9147.05,883680.1600000001,Third- Party Delivery Services,Restaurant/Grocery/Other Delivery Services
403,UBEREATS,2023-01,KS,17500.570000000003,555005.3699999999,Third- Party Delivery Services,Restaurant/Grocery/Other Delivery Services
404,DOORDASH,2023-03,DC,38968.87,1394472.6400000004,Third- Party Delivery Services,Restaurant/Grocery/Other Delivery Services
405,DOORDASH,2023-01,FL,617091.23,19950806.01,Third- Party Delivery Services,Restaurant/Grocery/Other Delivery Services
406,DOORDASH,2023-02,OK,123554.99,4015415.78,Third- Party Delivery Services,Restaurant/Grocery/Other Delivery Services
407,UBEREATS,2023-02,ME,4214.77,141381.58000000002,Third- Party Delivery Services,Restaurant/Grocery/Other Delivery Services
408,AMAZON FRESH,2023-01,NJ,16482.43,1444123.0,Third- Party Delivery Services,Restaurant/Grocery/Other Delivery Services
409,UBEREATS,2023-01,AL,29693.32,948372.03,Third- Party Delivery Services,Restaurant/Grocery/Other Delivery Services
410,GRUBHUB.COM,2023-02,SD,1960.2100000000005,69790.13000000002,Third- Party Delivery Services,Restaurant/Grocery/Other Delivery Services
411,UBEREATS,2023-03,FL,759453.35,25819350.64,Third- Party Delivery Services,Restaurant/Grocery/Other Delivery Services
412,INSTACART,2023-02,OK,9291.15,831026.9500000001,Third- Party Delivery Services,Restaurant/Grocery/Other Delivery Services
413,AMAZON FRESH,2023-03,MA,7455.77,823259.56,Third- Party Delivery Services,Restaurant/Grocery/Other Delivery Services
414,AMAZON FRESH,2023-03,FL,15760.13,1491586.9300000002,Third- Party Delivery Services,Restaurant/Grocery/Other Delivery Services
415,AMAZON FRESH,2023-03,CO,10489.74,1142875.33,Third- Party Delivery Services,Restaurant/Grocery/Other Delivery Services
416,DOORDASH,2023-01,PA,480235.3900000001,17103133.11,Third- Party Delivery Services,Restaurant/Grocery/Other Delivery Services
417,GRUBHUB.COM,2023-03,DE,4861.259999999999,149694.26000000004,Third- Party Delivery Services,Restaurant/Grocery/Other Delivery Services
418,INSTACART,2023-01,AZ,43682.2,4051657.05,Third- Party Delivery Services,Restaurant/Grocery/Other Delivery Services
419,DOORDASH,2023-01,WA,352868.4000000001,13356119.19,Third- Party Delivery Services,Restaurant/Grocery/Other Delivery Services
420,AMAZON FRESH,2023-03,DC,6232.0700000000015,518511.76,Third- Party Delivery Services,Restaurant/Grocery/Other Delivery Services
421,DOORDASH,2023-01,ID,68795.12999999999,2309386.52,Third- Party Delivery Services,Restaurant/Grocery/Other Delivery Services
422,GRUBHUB.COM,2023-02,MD,43015.23,1574031.04,Third- Party Delivery Services,Restaurant/Grocery/Other Delivery Services
423,AMAZON FRESH,2023-03,MI,1423.6800000000003,128085.57,Third- Party Delivery Services,Restaurant/Grocery/Other Delivery Services
424,UBEREATS,2023-01,LA,21520.419999999995,756706.3700000001,Third- Party Delivery Services,Restaurant/Grocery/Other Delivery Services
425,GRUBHUB.COM,2023-01,RI,3551.289999999999,141724.92999999996,Third- Party Delivery Services,Restaurant/Grocery/Other Delivery Services
426,UBEREATS,2023-02,SC,55446.06,1867452.2599999995,Third- Party Delivery Services,Restaurant/Grocery/Other Delivery Services
427,GRUBHUB.COM,2023-01,OK,6416.9400000000005,239346.05000000005,Third- Party Delivery Services,Restaurant/Grocery/Other Delivery Services
428,INSTACART,2023-02,MN,43992.65,4362959.51,Third- Party Delivery Services,Restaurant/Grocery/Other Delivery Services
429,DOORDASH,2023-01,WI,156864.67999999996,5291354.589999998,Third- Party Delivery Services,Restaurant/Grocery/Other Delivery Services
430,INSTACART,2023-01,ND,3458.55,322725.12,Third- Party Delivery Services,Restaurant/Grocery/Other Delivery Services
431,UBEREATS,2023-02,WI,38627.12999999999,1235319.0399999998,Third- Party Delivery Services,Restaurant/Grocery/Other Delivery Services
432,UBEREATS,2023-01,HI,20197.09,707433.8099999999,Third- Party Delivery Services,Restaurant/Grocery/Other Delivery Services
433,DOORDASH,2023-02,NH,47581.32999999999,1668328.7099999995,Third- Party Delivery Services,Restaurant/Grocery/Other Delivery Services
434,INSTACART,2023-02,WA,55380.36,5864803.13,Third- Party Delivery Services,Restaurant/Grocery/Other Delivery Services
435,AMAZON FRESH,2023-01,WY,159.78999999999994,16535.1,Third- Party Delivery Services,Restaurant/Grocery/Other Delivery Services
436,INSTACART,2023-02,SC,43447.44000000001,4004913.5100000007,Third- Party Delivery Services,Restaurant/Grocery/Other Delivery Services
437,DOORDASH,2023-03,HI,29200.72,1109487.7600000002,Third- Party Delivery Services,Restaurant/Grocery/Other Delivery Services
438,INSTACART,2023-02,ID,6353.25,672313.43,Third- Party Delivery Services,Restaurant/Grocery/Other Delivery Services
439,DOORDASH,2023-03,AZ,296232.63000000006,10133020.85,Third- Party Delivery Services,Restaurant/Grocery/Other Delivery Services
440,GRUBHUB.COM,2023-03,MI,10107.55,392356.54,Third- Party Delivery Services,Restaurant/Grocery/Other Delivery Services
441,UBEREATS,2023-03,MA,76820.39999999998,2681574.24,Third- Party Delivery Services,Restaurant/Grocery/Other Delivery Services
442,DOORDASH,2023-03,NH,50162.26,1752351.5,Third- Party Delivery Services,Restaurant/Grocery/Other Delivery Services
443,DOORDASH,2023-03,FL,677356.0099999999,21857074.67,Third- Party Delivery Services,Restaurant/Grocery/Other Delivery Services
444,AMAZON FRESH,2023-02,NM,991.11,105347.84,Third- Party Delivery Services,Restaurant/Grocery/Other Delivery Services
445,AMAZON FRESH,2023-01,NC,16739.249999999996,1377731.2200000002,Third- Party Delivery Services,Restaurant/Grocery/Other Delivery Services
446,INSTACART,2023-01,MA,24474.200000000004,2148879.26,Third- Party Delivery Services,Restaurant/Grocery/Other Delivery Services
447,INSTACART,2023-02,MT,4131.44,459736.02,Third- Party Delivery Services,Restaurant/Grocery/Other Delivery Services
448,GRUBHUB.COM,2023-03,ID,3641.0100000000007,134315.47,Third- Party Delivery Services,Restaurant/Grocery/Other Delivery Services
449,AMAZON FRESH,2023-03,DE,475.36,46075.06999999999,Third- Party Delivery Services,Restaurant/Grocery/Other Delivery Services
450,DOORDASH,2023-03,KS,103800.38000000002,3299395.74,Third- Party Delivery Services,Restaurant/Grocery/Other Delivery Services
451,UBEREATS,2023-02,PA,181479.43,5829434.509999999,Third- Party Delivery Services,Restaurant/Grocery/Other Delivery Services
452,AMAZON FRESH,2023-01,AL,1139.44,97743.35,Third- Party Delivery Services,Restaurant/Grocery/Other Delivery Services
453,GRUBHUB.COM,2023-03,WI,17023.809999999998,635626.94,Third- Party Delivery Services,Restaurant/Grocery/Other Delivery Services
454,DOORDASH,2023-03,SC,206662.84,6935937.3,Third- Party Delivery Services,Restaurant/Grocery/Other Delivery Services
455,INSTACART,2023-02,AZ,41246.24,3748416.44,Third- Party Delivery Services,Restaurant/Grocery/Other Delivery Services
456,GRUBHUB.COM,2023-02,CO,37227.16,1545472.59,Third- Party Delivery Services,Restaurant/Grocery/Other Delivery Services
457,GRUBHUB.COM,2023-02,IN,10425.56,303017.77,Third- Party Delivery Services,Restaurant/Grocery/Other Delivery Services
458,AMAZON FRESH,2023-02,AR,498.3200000000001,57034.529999999984,Third- Party Delivery Services,Restaurant/Grocery/Other Delivery Services
459,AMAZON FRESH,2023-03,WI,3922.56,359913.71,Third- Party Delivery Services,Restaurant/Grocery/Other Delivery Services
460,INSTACART,2023-02,AK,3600.8,369573.6999999999,Third- Party Delivery Services,Restaurant/Grocery/Other Delivery Services
461,AMAZON FRESH,2023-02,KY,1270.0200000000002,98341.88999999998,Third- Party Delivery Services,Restaurant/Grocery/Other Delivery Services
462,GRUBHUB.COM,2023-02,NE,11658.48,450648.37,Third- Party Delivery Services,Restaurant/Grocery/Other Delivery Services
463,INSTACART,2023-03,CA,402004.1599999999,36689421.41,Third- Party Delivery Services,Restaurant/Grocery/Other Delivery Services
464,AMAZON FRESH,2023-02,VT,202.8100000000001,17994.420000000002,Third- Party Delivery Services,Restaurant/Grocery/Other Delivery Services
465,DOORDASH,2023-02,GA,374259.2099999999,12149573.089999998,Third- Party Delivery Services,Restaurant/Grocery/Other Delivery Services
466,AMAZON FRESH,2023-01,NV,7876.889999999999,541315.73,Third- Party Delivery Services,Restaurant/Grocery/Other Delivery Services
467,UBEREATS,2023-03,DE,8119.750000000002,258167.31,Third- Party Delivery Services,Restaurant/Grocery/Other Delivery Services
468,INSTACART,2023-02,TN,42290.88,4018893.810000001,Third- Party Delivery Services,Restaurant/Grocery/Other Delivery Services
469,UBEREATS,2023-01,TX,689708.3700000001,22184517.63,Third- Party Delivery Services,Restaurant/Grocery/Other Delivery Services
470,DOORDASH,2023-02,NJ,326563.25,11247428.76,Third- Party Delivery Services,Restaurant/Grocery/Other Delivery Services
471,AMAZON FRESH,2023-03,MS,423.42,34738.55,Third- Party Delivery Services,Restaurant/Grocery/Other Delivery Services
472,AMAZON FRESH,2023-02,OK,888.4099999999999,82337.49,Third- Party Delivery Services,Restaurant/Grocery/Other Delivery Services
473,DOORDASH,2023-03,TX,1227955.1800000002,40744425.54999999,Third- Party Delivery Services,Restaurant/Grocery/Other Delivery Services
474,AMAZON FRESH,2023-02,IA,1239.61,133079.30999999997,Third- Party Delivery Services,Restaurant/Grocery/Other Delivery Services
475,INSTACART,2023-01,HI,4698.38,470728.28,Third- Party Delivery Services,Restaurant/Grocery/Other Delivery Services
476,UBEREATS,2023-03,WI,44816.24000000001,1416228.33,Third- Party Delivery Services,Restaurant/Grocery/Other Delivery Services
477,UBEREATS,2023-01,KY,11580.25,359219.14,Third- Party Delivery Services,Restaurant/Grocery/Other Delivery Services
478,INSTACART,2023-03,NM,7407.670000000001,670716.12,Third- Party Delivery Services,Restaurant/Grocery/Other Delivery Services
479,AMAZON FRESH,2023-01,KY,1001.3100000000002,76857.86,Third- Party Delivery Services,Restaurant/Grocery/Other Delivery Services
480,INSTACART,2023-02,OH,20593.489999999994,1738121.12,Third- Party Delivery Services,Restaurant/Grocery/Other Delivery Services
481,GRUBHUB.COM,2023-02,CA,177842.40999999997,6856709.53,Third- Party Delivery Services,Restaurant/Grocery/Other Delivery Services
482,INSTACART,2023-02,NV,19246.27,1691756.47,Third- Party Delivery Services,Restaurant/Grocery/Other Delivery Services
483,UBEREATS,2023-02,MS,14094.679999999997,464449.61,Third- Party Delivery Services,Restaurant/Grocery/Other Delivery Services
484,DOORDASH,2023-03,ID,76267.36999999998,2567292.95,Third- Party Delivery Services,Restaurant/Grocery/Other Delivery Services
485,UBEREATS,2023-03,NY,518190.51000000007,16858037.680000003,Third- Party Delivery Services,Restaurant/Grocery/Other Delivery Services
486,AMAZON FRESH,2023-02,IN,2050.4700000000003,176649.31,Third- Party Delivery Services,Restaurant/Grocery/Other Delivery Services
487,GRUBHUB.COM,2023-03,VA,59227.87999999999,1998718.27,Third- Party Delivery Services,Restaurant/Grocery/Other Delivery Services
488,UBEREATS,2023-01,ID,20612.430000000004,692066.0800000001,Third- Party Delivery Services,Restaurant/Grocery/Other Delivery Services
489,INSTACART,2023-01,NC,121606.36,10872301.02,Third- Party Delivery Services,Restaurant/Grocery/Other Delivery Services
490,GRUBHUB.COM,2023-03,AZ,31767.1,1085549.8299999998,Third- Party Delivery Services,Restaurant/Grocery/Other Delivery Services
491,DOORDASH,2023-02,NM,71168.46999999999,2484535.7000000007,Third- Party Delivery Services,Restaurant/Grocery/Other Delivery Services
492,DOORDASH,2023-01,NY,391631.27,13367175.1,Third- Party Delivery Services,Restaurant/Grocery/Other Delivery Services
493,UBEREATS,2023-01,IL,127927.57000000002,4277258.09,Third- Party Delivery Services,Restaurant/Grocery/Other Delivery Services
494,DOORDASH,2023-03,IN,69804.25,2413315.74,Third- Party Delivery Services,Restaurant/Grocery/Other Delivery Services
495,GRUBHUB.COM,2023-02,ME,1152.5500000000002,45932.6,Third- Party Delivery Services,Restaurant/Grocery/Other Delivery Services
496,DOORDASH,2023-01,SD,29342.04,1030754.71,Third- Party Delivery Services,Restaurant/Grocery/Other Delivery Services
497,UBEREATS,2023-03,IN,19036.770000000004,594727.3200000003,Third- Party Delivery Services,Restaurant/Grocery/Other Delivery Services
498,DOORDASH,2023-01,HI,26627.410000000003,1051504.2000000002,Third- Party Delivery Services,Restaurant/Grocery/Other Delivery Services
499,UBEREATS,2023-02,LA,19634.18,681614.07,Third- Party Delivery Services,Restaurant/Grocery/Other Delivery Services
500,AMAZON FRESH,2023-02,MS,518.37,41737.95,Third- Party Delivery Services,Restaurant/Grocery/Other Delivery Services
501,UBEREATS,2023-02,CT,113245.48,3910746.389999999,Third- Party Delivery Services,Restaurant/Grocery/Other Delivery Services
502,INSTACART,2023-02,WY,1225.52,119933.29000000004,Third- Party Delivery Services,Restaurant/Grocery/Other Delivery Services
503,DOORDASH,2023-01,OH,158235.52000000002,5243258.530000001,Third- Party Delivery Services,Restaurant/Grocery/Other Delivery Services
504,GRUBHUB.COM,2023-03,NM,7175.0,280553.59,Third- Party Delivery Services,Restaurant/Grocery/Other Delivery Services
505,DOORDASH,2023-02,CT,94851.63000000002,3262999.39,Third- Party Delivery Services,Restaurant/Grocery/Other Delivery Services
506,GRUBHUB.COM,2023-02,LA,3865.68,119076.92,Third- Party Delivery Services,Restaurant/Grocery/Other Delivery Services
507,GRUBHUB.COM,2023-01,LA,3477.369999999999,111912.04,Third- Party Delivery Services,Restaurant/Grocery/Other Delivery Services
508,GRUBHUB.COM,2023-02,CT,26084.41,984080.17,Third- Party Delivery Services,Restaurant/Grocery/Other Delivery Services
509,INSTACART,2023-03,MS,5977.499999999999,511317.6,Third- Party Delivery Services,Restaurant/Grocery/Other Delivery Services
510,INSTACART,2023-02,HI,4147.169999999999,386698.9700000001,Third- Party Delivery Services,Restaurant/Grocery/Other Delivery Services
511,AMAZON FRESH,2023-02,UT,1534.3,139748.01,Third- Party Delivery Services,Restaurant/Grocery/Other Delivery Services
512,GRUBHUB.COM,2023-01,VT,708.9800000000001,36608.55999999999,Third- Party Delivery Services,Restaurant/Grocery/Other Delivery Services
513,AMAZON FRESH,2023-03,MO,1017.89,127687.65000000002,Third- Party Delivery Services,Restaurant/Grocery/Other Delivery Services
514,GRUBHUB.COM,2023-03,WY,976.26,37883.06,Third- Party Delivery Services,Restaurant/Grocery/Other Delivery Services
515,GRUBHUB.COM,2023-03,PA,110847.61000000004,4185744.03,Third- Party Delivery Services,Restaurant/Grocery/Other Delivery Services
516,GRUBHUB.COM,2023-03,IN,10626.759999999998,314430.69,Third- Party Delivery Services,Restaurant/Grocery/Other Delivery Services
517,DOORDASH,2023-01,NE,132490.96000000002,4397040.659999999,Third- Party Delivery Services,Restaurant/Grocery/Other Delivery Services
518,UBEREATS,2023-03,KY,12118.55,377273.3300000001,Third- Party Delivery Services,Restaurant/Grocery/Other Delivery Services
519,UBEREATS,2023-02,KY,10073.06,317883.94,Third- Party Delivery Services,Restaurant/Grocery/Other Delivery Services
520,AMAZON FRESH,2023-01,SC,2632.5400000000004,238124.61,Third- Party Delivery Services,Restaurant/Grocery/Other Delivery Services
521,DOORDASH,2023-01,UT,189545.86,5987034.64,Third- Party Delivery Services,Restaurant/Grocery/Other Delivery Services
522,GRUBHUB.COM,2023-01,NJ,68185.79000000002,2545786.95,Third- Party Delivery Services,Restaurant/Grocery/Other Delivery Services
523,GRUBHUB.COM,2023-02,SC,13062.72,358040.98999999993,Third- Party Delivery Services,Restaurant/Grocery/Other Delivery Services
524,DOORDASH,2023-03,UT,202941.19999999995,6316441.680000001,Third- Party Delivery Services,Restaurant/Grocery/Other Delivery Services
525,AMAZON FRESH,2023-01,MN,9548.05,746797.1800000002,Third- Party Delivery Services,Restaurant/Grocery/Other Delivery Services
526,UBEREATS,2023-03,MO,23097.24,751919.64,Third- Party Delivery Services,Restaurant/Grocery/Other Delivery Services
527,DOORDASH,2023-02,UT,180996.8,5684467.54,Third- Party Delivery Services,Restaurant/Grocery/Other Delivery Services
528,INSTACART,2023-02,NY,116651.71,10382295.34,Third- Party Delivery Services,Restaurant/Grocery/Other Delivery Services
529,DOORDASH,2023-01,IA,132776.1,4449702.92,Third- Party Delivery Services,Restaurant/Grocery/Other Delivery Services
530,INSTACART,2023-01,DC,10207.100000000002,847383.6500000001,Third- Party Delivery Services,Restaurant/Grocery/Other Delivery Services
531,GRUBHUB.COM,2023-03,ME,1530.4300000000007,60634.51,Third- Party Delivery Services,Restaurant/Grocery/Other Delivery Services
532,INSTACART,2023-02,CO,29479.520000000004,2949299.8000000003,Third- Party Delivery Services,Restaurant/Grocery/Other Delivery Services
533,AMAZON FRESH,2023-03,NH,940.95,107777.78,Third- Party Delivery Services,Restaurant/Grocery/Other Delivery Services
534,GRUBHUB.COM,2023-01,KS,6380.759999999999,207627.14,Third- Party Delivery Services,Restaurant/Grocery/Other Delivery Services
535,INSTACART,2023-02,CA,370077.0399999999,33243249.469999995,Third- Party Delivery Services,Restaurant/Grocery/Other Delivery Services
536,AMAZON FRESH,2023-01,NE,1267.4999999999998,145048.62999999998,Third- Party Delivery Services,Restaurant/Grocery/Other Delivery Services
537,DOORDASH,2023-03,GA,420446.07,13606216.04,Third- Party Delivery Services,Restaurant/Grocery/Other Delivery Services
538,AMAZON FRESH,2023-01,OR,8210.69,664080.7500000001,Third- Party Delivery Services,Restaurant/Grocery/Other Delivery Services
539,UBEREATS,2023-03,DC,61671.449999999975,2171193.35,Third- Party Delivery Services,Restaurant/Grocery/Other Delivery Services
540,GRUBHUB.COM,2023-02,FL,48020.08,1540806.7799999998,Third- Party Delivery Services,Restaurant/Grocery/Other Delivery Services
541,UBEREATS,2023-01,NH,7457.25,257397.78999999995,Third- Party Delivery Services,Restaurant/Grocery/Other Delivery Services
542,INSTACART,2023-03,VT,1250.7800000000002,155827.34999999998,Third- Party Delivery Services,Restaurant/Grocery/Other Delivery Services
543,GRUBHUB.COM,2023-02,KS,7417.51,218737.76,Third- Party Delivery Services,Restaurant/Grocery/Other Delivery Services
544,INSTACART,2023-02,MA,23045.369999999995,2014034.87,Third- Party Delivery Services,Restaurant/Grocery/Other Delivery Services
545,GRUBHUB.COM,2023-03,OR,42761.03,1577608.39,Third- Party Delivery Services,Restaurant/Grocery/Other Delivery Services
546,INSTACART,2023-02,DC,9291.990000000002,757816.27,Third- Party Delivery Services,Restaurant/Grocery/Other Delivery Services
547,UBEREATS,2023-02,AZ,138890.07000000004,4458725.52,Third- Party Delivery Services,Restaurant/Grocery/Other Delivery Services
548,UBEREATS,2023-03,ME,5085.47,170211.40999999997,Third- Party Delivery Services,Restaurant/Grocery/Other Delivery Services
549,GRUBHUB.COM,2023-02,MT,1230.36,47687.37,Third- Party Delivery Services,Restaurant/Grocery/Other Delivery Services
550,GRUBHUB.COM,2023-03,AL,11516.13,313607.02,Third- Party Delivery Services,Restaurant/Grocery/Other Delivery Services
551,INSTACART,2023-01,MS,6504.310000000002,553461.7099999998,Third- Party Delivery Services,Restaurant/Grocery/Other Delivery Services
552,UBEREATS,2023-02,MD,135656.03,4577808.68,Third- Party Delivery Services,Restaurant/Grocery/Other Delivery Services
553,INSTACART,2023-03,MN,45938.29,4595782.4,Third- Party Delivery Services,Restaurant/Grocery/Other Delivery Services
554,UBEREATS,2023-03,VT,2545.65,75077.60999999999,Third- Party Delivery Services,Restaurant/Grocery/Other Delivery Services
555,GRUBHUB.COM,2023-03,ND,3033.4600000000005,73708.04999999999,Third- Party Delivery Services,Restaurant/Grocery/Other Delivery Services
556,GRUBHUB.COM,2023-01,DE,4057.88,148873.33000000002,Third- Party Delivery Services,Restaurant/Grocery/Other Delivery Services
557,INSTACART,2023-01,IN,12918.569999999998,1163515.91,Third- Party Delivery Services,Restaurant/Grocery/Other Delivery Services
558,INSTACART,2023-01,DE,6954.479999999999,632457.4099999999,Third- Party Delivery Services,Restaurant/Grocery/Other Delivery Services
559,DOORDASH,2023-01,DC,37886.00000000001,1363950.85,Third- Party Delivery Services,Restaurant/Grocery/Other Delivery Services
560,UBEREATS,2023-03,CO,104940.41,3574374.67,Third- Party Delivery Services,Restaurant/Grocery/Other Delivery Services
561,INSTACART,2023-01,NJ,57822.8,5462303.93,Third- Party Delivery Services,Restaurant/Grocery/Other Delivery Services
562,UBEREATS,2023-01,WV,3927.519999999999,119117.19,Third- Party Delivery Services,Restaurant/Grocery/Other Delivery Services
563,UBEREATS,2023-03,IL,142849.58,4667450.98,Third- Party Delivery Services,Restaurant/Grocery/Other Delivery Services
564,AMAZON FRESH,2023-03,ME,493.1099999999999,47582.58000000001,Third- Party Delivery Services,Restaurant/Grocery/Other Delivery Services
565,INSTACART,2023-03,CO,31077.88,3165815.35,Third- Party Delivery Services,Restaurant/Grocery/Other Delivery Services
566,GRUBHUB.COM,2023-03,MD,48965.71000000001,1761196.2700000005,Third- Party Delivery Services,Restaurant/Grocery/Other Delivery Services
567,GRUBHUB.COM,2023-03,FL,50587.89000000001,1625010.13,Third- Party Delivery Services,Restaurant/Grocery/Other Delivery Services
568,INSTACART,2023-03,OK,9806.429999999998,859783.8799999999,Third- Party Delivery Services,Restaurant/Grocery/Other Delivery Services
569,UBEREATS,2023-01,VA,161538.89999999997,5466980.390000001,Third- Party Delivery Services,Restaurant/Grocery/Other Delivery Services
570,UBEREATS,2023-02,TN,104354.62000000002,3628787.22,Third- Party Delivery Services,Restaurant/Grocery/Other Delivery Services
571,INSTACART,2023-03,OR,31094.49,3099235.45,Third- Party Delivery Services,Restaurant/Grocery/Other Delivery Services
572,UBEREATS,2023-02,OK,22476.68,690456.0100000001,Third- Party Delivery Services,Restaurant/Grocery/Other Delivery Services
573,DOORDASH,2023-01,KY,73694.78,2303321.14,Third- Party Delivery Services,Restaurant/Grocery/Other Delivery Services
574,INSTACART,2023-01,KS,7893.500000000001,756966.2900000002,Third- Party Delivery Services,Restaurant/Grocery/Other Delivery Services
575,AMAZON FRESH,2023-02,ID,947.98,97520.15,Third- Party Delivery Services,Restaurant/Grocery/Other Delivery Services
576,UBEREATS,2023-02,VA,153163.18999999997,5186954.089999999,Third- Party Delivery Services,Restaurant/Grocery/Other Delivery Services
577,UBEREATS,2023-02,UT,27458.62,850805.3399999997,Third- Party Delivery Services,Restaurant/Grocery/Other Delivery Services
578,DOORDASH,2023-01,VT,4699.84,176234.51,Third- Party Delivery Services,Restaurant/Grocery/Other Delivery Services
579,AMAZON FRESH,2023-01,IN,2362.86,196664.04,Third- Party Delivery Services,Restaurant/Grocery/Other Delivery Services
580,GRUBHUB.COM,2023-01,MS,2750.5999999999995,87463.24,Third- Party Delivery Services,Restaurant/Grocery/Other Delivery Services
581,DOORDASH,2023-03,KY,86242.96,2706974.12,Third- Party Delivery Services,Restaurant/Grocery/Other Delivery Services
582,GRUBHUB.COM,2023-02,NH,2187.89,86712.16000000002,Third- Party Delivery Services,Restaurant/Grocery/Other Delivery Services
583,UBEREATS,2023-01,DE,7419.66,245122.9800000001,Third- Party Delivery Services,Restaurant/Grocery/Other Delivery Services
584,GRUBHUB.COM,2023-03,VT,1062.99,49014.08000000001,Third- Party Delivery Services,Restaurant/Grocery/Other Delivery Services
585,UBEREATS,2023-01,RI,6742.1900000000005,212038.2,Third- Party Delivery Services,Restaurant/Grocery/Other Delivery Services
586,DOORDASH,2023-02,SD,27362.67,961911.3200000004,Third- Party Delivery Services,Restaurant/Grocery/Other Delivery Services
587,GRUBHUB.COM,2023-02,WY,811.8000000000001,34447.119999999995,Third- Party Delivery Services,Restaurant/Grocery/Other Delivery Services
588,UBEREATS,2023-01,MS,14889.209999999995,478024.5500000001,Third- Party Delivery Services,Restaurant/Grocery/Other Delivery Services
589,UBEREATS,2023-02,DC,53570.73,1953874.6000000003,Third- Party Delivery Services,Restaurant/Grocery/Other Delivery Services
590,UBEREATS,2023-03,WV,3989.83,134940.91000000003,Third- Party Delivery Services,Restaurant/Grocery/Other Delivery Services
591,AMAZON FRESH,2023-03,MN,7236.929999999999,684786.9800000001,Third- Party Delivery Services,Restaurant/Grocery/Other Delivery Services
592,INSTACART,2023-02,MS,6106.589999999999,534433.0400000002,Third- Party Delivery Services,Restaurant/Grocery/Other Delivery Services
593,DOORDASH,2023-03,WI,177287.22000000003,5972036.73,Third- Party Delivery Services,Restaurant/Grocery/Other Delivery Services
594,DOORDASH,2023-03,MI,69241.42999999998,2456498.91,Third- Party Delivery Services,Restaurant/Grocery/Other Delivery Services
595,UBEREATS,2023-02,WV,3482.07,109771.94,Third- Party Delivery Services,Restaurant/Grocery/Other Delivery Services
596,INSTACART,2023-03,IN,11256.71,1031215.6599999998,Third- Party Delivery Services,Restaurant/Grocery/Other Delivery Services
597,AMAZON FRESH,2023-03,TX,25759.470000000005,2432497.5500000007,Third- Party Delivery Services,Restaurant/Grocery/Other Delivery Services
598,UBEREATS,2023-03,AK,5313.099999999999,175256.98,Third- Party Delivery Services,Restaurant/Grocery/Other Delivery Services
599,DOORDASH,2023-02,MT,41949.18999999999,1414432.61,Third- Party Delivery Services,Restaurant/Grocery/Other Delivery Services
600,INSTACART,2023-01,KY,8435.81,805495.8400000002,Third- Party Delivery Services,Restaurant/Grocery/Other Delivery Services
601,UBEREATS,2023-03,SD,3143.8700000000003,93777.09,Third- Party Delivery Services,Restaurant/Grocery/Other Delivery Services
602,DOORDASH,2023-01,AR,30398.890000000003,1110252.26,Third- Party Delivery Services,Restaurant/Grocery/Other Delivery Services
603,UBEREATS,2023-01,DC,55574.22,2030946.84,Third- Party Delivery Services,Restaurant/Grocery/Other Delivery Services
604,DOORDASH,2023-01,DE,51740.85,1742566.0000000002,Third- Party Delivery Services,Restaurant/Grocery/Other Delivery Services
605,DOORDASH,2023-02,HI,26047.69,1017509.8999999998,Third- Party Delivery Services,Restaurant/Grocery/Other Delivery Services
606,INSTACART,2023-01,OK,11650.510000000004,982842.67,Third- Party Delivery Services,Restaurant/Grocery/Other Delivery Services
607,AMAZON FRESH,2023-03,WA,33141.9,2593880.5500000003,Third- Party Delivery Services,Restaurant/Grocery/Other Delivery Services
608,GRUBHUB.COM,2023-01,MT,1318.88,49287.48,Third- Party Delivery Services,Restaurant/Grocery/Other Delivery Services
609,AMAZON FRESH,2023-01,RI,1222.37,137574.47999999998,Third- Party Delivery Services,Restaurant/Grocery/Other Delivery Services
610,GRUBHUB.COM,2023-02,WI,15896.44,586024.34,Third- Party Delivery Services,Restaurant/Grocery/Other Delivery Services
611,AMAZON FRESH,2023-02,NC,13956.4,1179900.2599999998,Third- Party Delivery Services,Restaurant/Grocery/Other Delivery Services
612,AMAZON FRESH,2023-02,NV,7093.380000000001,496507.51,Third- Party Delivery Services,Restaurant/Grocery/Other Delivery Services
613,AMAZON FRESH,2023-02,MT,181.08999999999995,14940.340000000002,Third- Party Delivery Services,Restaurant/Grocery/Other Delivery Services
614,GRUBHUB.COM,2023-03,SD,2081.15,75181.04999999999,Third- Party Delivery Services,Restaurant/Grocery/Other Delivery Services
615,GRUBHUB.COM,2023-03,AK,2380.9200000000005,92284.87,Third- Party Delivery Services,Restaurant/Grocery/Other Delivery Services
616,INSTACART,2023-02,RI,1369.43,118419.34,Third- Party Delivery Services,Restaurant/Grocery/Other Delivery Services
617,AMAZON FRESH,2023-02,MI,1430.38,122376.58000000002,Third- Party Delivery Services,Restaurant/Grocery/Other Delivery Services
618,INSTACART,2023-03,AR,3373.130000000001,303345.6,Third- Party Delivery Services,Restaurant/Grocery/Other Delivery Services
619,GRUBHUB.COM,2023-02,NM,6765.299999999999,270962.20000000007,Third- Party Delivery Services,Restaurant/Grocery/Other Delivery Services
620,GRUBHUB.COM,2023-03,CA,197676.1900000001,7544970.81,Third- Party Delivery Services,Restaurant/Grocery/Other Delivery Services
621,UBEREATS,2023-02,MA,68124.94,2323318.11,Third- Party Delivery Services,Restaurant/Grocery/Other Delivery Services
622,DOORDASH,2023-01,OK,131515.38,4238792.839999999,Third- Party Delivery Services,Restaurant/Grocery/Other Delivery Services
623,UBEREATS,2023-02,NM,13245.590000000002,410667.64,Third- Party Delivery Services,Restaurant/Grocery/Other Delivery Services
624,DOORDASH,2023-03,VA,418441.46,13982934.109999998,Third- Party Delivery Services,Restaurant/Grocery/Other Delivery Services
625,GRUBHUB.COM,2023-01,SC,11982.369999999995,350251.44999999995,Third- Party Delivery Services,Restaurant/Grocery/Other Delivery Services
626,INSTACART,2023-03,AZ,44644.36999999999,4041676.710000001,Third- Party Delivery Services,Restaurant/Grocery/Other Delivery Services
627,AMAZON FRESH,2023-01,NM,1078.41,115560.52,Third- Party Delivery Services,Restaurant/Grocery/Other Delivery Services
628,GRUBHUB.COM,2023-01,AK,2670.7600000000007,120925.58,Third- Party Delivery Services,Restaurant/Grocery/Other Delivery Services
629,AMAZON FRESH,2023-02,ME,602.4599999999999,62139.51,Third- Party Delivery Services,Restaurant/Grocery/Other Delivery Services
630,DOORDASH,2023-02,TN,205885.84000000008,6906935.59,Third- Party Delivery Services,Restaurant/Grocery/Other Delivery Services
631,GRUBHUB.COM,2023-03,DC,8662.389999999998,292327.3999999999,Third- Party Delivery Services,Restaurant/Grocery/Other Delivery Services
632,INSTACART,2023-02,WI,27566.03,2353284.27,Third- Party Delivery Services,Restaurant/Grocery/Other Delivery Services
633,INSTACART,2023-03,ME,2701.9800000000005,274713.92,Third- Party Delivery Services,Restaurant/Grocery/Other Delivery Services
634,INSTACART,2023-01,NM,6814.72,639230.69,Third- Party Delivery Services,Restaurant/Grocery/Other Delivery Services
635,DOORDASH,2023-03,RI,8010.750000000001,305038.25000000006,Third- Party Delivery Services,Restaurant/Grocery/Other Delivery Services
636,GRUBHUB.COM,2023-01,WV,2625.35,104030.33,Third- Party Delivery Services,Restaurant/Grocery/Other Delivery Services
637,UBEREATS,2023-01,NV,89925.85999999999,2956820.6499999994,Third- Party Delivery Services,Restaurant/Grocery/Other Delivery Services
638,AMAZON FRESH,2023-02,IL,14113.56,925066.98,Third- Party Delivery Services,Restaurant/Grocery/Other Delivery Services
639,INSTACART,2023-01,NE,9677.559999999998,894580.02,Third- Party Delivery Services,Restaurant/Grocery/Other Delivery Services
640,AMAZON FRESH,2023-03,NM,981.98,120481.03,Third- Party Delivery Services,Restaurant/Grocery/Other Delivery Services
641,INSTACART,2023-01,WI,30963.1,2716741.07,Third- Party Delivery Services,Restaurant/Grocery/Other Delivery Services
642,DOORDASH,2023-01,TX,1124874.2999999998,37663026.95,Third- Party Delivery Services,Restaurant/Grocery/Other Delivery Services
643,AMAZON FRESH,2023-03,NE,1177.36,125432.07999999996,Third- Party Delivery Services,Restaurant/Grocery/Other Delivery Services
644,GRUBHUB.COM,2023-02,AK,2249.16,96093.04000000002,Third- Party Delivery Services,Restaurant/Grocery/Other Delivery Services
645,AMAZON FRESH,2023-03,IN,1589.3599999999997,166790.61,Third- Party Delivery Services,Restaurant/Grocery/Other Delivery Services
646,GRUBHUB.COM,2023-02,MI,9042.46,337153.37,Third- Party Delivery Services,Restaurant/Grocery/Other Delivery Services
647,UBEREATS,2023-02,WA,177114.3,6631082.16,Third- Party Delivery Services,Restaurant/Grocery/Other Delivery Services
648,INSTACART,2023-02,AR,3103.5400000000004,274882.23,Third- Party Delivery Services,Restaurant/Grocery/Other Delivery Services
649,INSTACART,2023-02,NE,9148.2,831709.16,Third- Party Delivery Services,Restaurant/Grocery/Other Delivery Services
650,INSTACART,2023-03,MT,4410.4800000000005,514600.89,Third- Party Delivery Services,Restaurant/Grocery/Other Delivery Services
651,INSTACART,2023-01,NY,127962.47,11696792.650000002,Third- Party Delivery Services,Restaurant/Grocery/Other Delivery Services
652,DOORDASH,2023-02,NC,446442.58,14614750.900000004,Third- Party Delivery Services,Restaurant/Grocery/Other Delivery Services
653,INSTACART,2023-01,OR,31405.370000000006,3149460.83,Third- Party Delivery Services,Restaurant/Grocery/Other Delivery Services
654,DOORDASH,2023-02,OH,154591.16,5072537.760000001,Third- Party Delivery Services,Restaurant/Grocery/Other Delivery Services
655,DOORDASH,2023-02,PA,465792.9,16475229.920000002,Third- Party Delivery Services,Restaurant/Grocery/Other Delivery Services
656,AMAZON FRESH,2023-03,OK,984.1099999999996,100286.41,Third- Party Delivery Services,Restaurant/Grocery/Other Delivery Services
657,UBEREATS,2023-01,MA,72841.78,2475756.74,Third- Party Delivery Services,Restaurant/Grocery/Other Delivery Services
658,INSTACART,2023-02,NH,7127.43,550050.45,Third- Party Delivery Services,Restaurant/Grocery/Other Delivery Services
659,GRUBHUB.COM,2023-01,CT,25764.17,1003990.73,Third- Party Delivery Services,Restaurant/Grocery/Other Delivery Services
660,GRUBHUB.COM,2023-01,MD,44087.33,1653516.13,Third- Party Delivery Services,Restaurant/Grocery/Other Delivery Services
661,GRUBHUB.COM,2023-03,MN,19670.459999999995,753637.7999999999,Third- Party Delivery Services,Restaurant/Grocery/Other Delivery Services
662,AMAZON FRESH,2023-01,GA,12614.000000000002,933758.94,Third- Party Delivery Services,Restaurant/Grocery/Other Delivery Services
663,UBEREATS,2023-03,RI,6720.33,215266.97,Third- Party Delivery Services,Restaurant/Grocery/Other Delivery Services
664,GRUBHUB.COM,2023-02,TN,15385.640000000005,528353.2299999999,Third- Party Delivery Services,Restaurant/Grocery/Other Delivery Services
665,DOORDASH,2023-03,NE,147699.05,4920754.41,Third- Party Delivery Services,Restaurant/Grocery/Other Delivery Services
666,DOORDASH,2023-01,MD,271977.96,9419027.36,Third- Party Delivery Services,Restaurant/Grocery/Other Delivery Services
667,UBEREATS,2023-01,NE,19084.22,590789.1299999999,Third- Party Delivery Services,Restaurant/Grocery/Other Delivery Services
668,GRUBHUB.COM,2023-03,RI,3203.309999999999,122783.95,Third- Party Delivery Services,Restaurant/Grocery/Other Delivery Services
669,DOORDASH,2023-02,WI,155264.85,5239519.840000001,Third- Party Delivery Services,Restaurant/Grocery/Other Delivery Services
670,AMAZON FRESH,2023-03,MT,244.81,25333.67,Third- Party Delivery Services,Restaurant/Grocery/Other Delivery Services
671,GRUBHUB.COM,2023-02,OH,13918.900000000003,429138.2899999999,Third- Party Delivery Services,Restaurant/Grocery/Other Delivery Services
672,AMAZON FRESH,2023-01,CA,135334.14,9290559.46,Third- Party Delivery Services,Restaurant/Grocery/Other Delivery Services
673,UBEREATS,2023-03,TX,755752.1399999999,23902165.64,Third- Party Delivery Services,Restaurant/Grocery/Other Delivery Services
674,UBEREATS,2023-03,CT,124943.89999999998,4336970.45,Third- Party Delivery Services,Restaurant/Grocery/Other Delivery Services
675,DOORDASH,2023-02,NY,376076.9000000001,12949588.93,Third- Party Delivery Services,Restaurant/Grocery/Other Delivery Services
676,INSTACART,2023-01,WV,6552.759999999999,546169.8200000001,Third- Party Delivery Services,Restaurant/Grocery/Other Delivery Services
677,INSTACART,2023-03,IA,10542.3,993549.45,Third- Party Delivery Services,Restaurant/Grocery/Other Delivery Services
678,INSTACART,2023-02,IL,40664.92999999999,3391090.7,Third- Party Delivery Services,Restaurant/Grocery/Other Delivery Services
679,INSTACART,2023-02,AL,29353.81,2757614.79,Third- Party Delivery Services,Restaurant/Grocery/Other Delivery Services
680,INSTACART,2023-01,TX,115785.79,10556476.79,Third- Party Delivery Services,Restaurant/Grocery/Other Delivery Services
681,INSTACART,2023-02,UT,13181.44,1312375.52,Third- Party Delivery Services,Restaurant/Grocery/Other Delivery Services
682,DOORDASH,2023-03,MT,47421.4,1603199.9,Third- Party Delivery Services,Restaurant/Grocery/Other Delivery Services
683,DOORDASH,2023-03,MS,67972.36000000002,2188242.2,Third- Party Delivery Services,Restaurant/Grocery/Other Delivery Services
684,UBEREATS,2023-02,ID,19188.300000000003,636358.4700000002,Third- Party Delivery Services,Restaurant/Grocery/Other Delivery Services
685,INSTACART,2023-03,LA,7259.959999999999,649678.5999999999,Third- Party Delivery Services,Restaurant/Grocery/Other Delivery Services
686,AMAZON FRESH,2023-02,ND,81.05000000000001,5832.2300000000005,Third- Party Delivery Services,Restaurant/Grocery/Other Delivery Services
687,GRUBHUB.COM,2023-01,IL,47680.630000000005,1928039.06,Third- Party Delivery Services,Restaurant/Grocery/Other Delivery Services
688,UBEREATS,2023-02,CO,90175.36000000002,3111160.96,Third- Party Delivery Services,Restaurant/Grocery/Other Delivery Services
689,DOORDASH,2023-02,IA,126432.96,4210235.930000001,Third- Party Delivery Services,Restaurant/Grocery/Other Delivery Services
690,GRUBHUB.COM,2023-03,MO,8458.070000000002,303917.30999999994,Third- Party Delivery Services,Restaurant/Grocery/Other Delivery Services
691,AMAZON FRESH,2023-02,GA,11002.259999999998,859214.6400000001,Third- Party Delivery Services,Restaurant/Grocery/Other Delivery Services
692,AMAZON FRESH,2023-03,TN,5278.7300000000005,578190.92,Third- Party Delivery Services,Restaurant/Grocery/Other Delivery Services
693,INSTACART,2023-01,WA,58565.33,6258430.759999999,Third- Party Delivery Services,Restaurant/Grocery/Other Delivery Services
694,GRUBHUB.COM,2023-01,DC,8004.139999999999,286052.43999999994,Third- Party Delivery Services,Restaurant/Grocery/Other Delivery Services
695,UBEREATS,2023-02,AL,29580.25,955283.15,Third- Party Delivery Services,Restaurant/Grocery/Other Delivery Services
696,DOORDASH,2023-01,CA,2281826.2499999995,84237745.19,Third- Party Delivery Services,Restaurant/Grocery/Other Delivery Services
697,UBEREATS,2023-01,VT,2009.0800000000004,68611.59,Third- Party Delivery Services,Restaurant/Grocery/Other Delivery Services
698,UBEREATS,2023-02,AR,8869.890000000001,298392.22,Third- Party Delivery Services,Restaurant/Grocery/Other Delivery Services
699,UBEREATS,2023-02,GA,237420.24,8104184.340000001,Third- Party Delivery Services,Restaurant/Grocery/Other Delivery Services
700,INSTACART,2023-02,CT,33318.29,2967396.74,Third- Party Delivery Services,Restaurant/Grocery/Other Delivery Services
701,DOORDASH,2023-03,WA,375397.56,14093335.109999994,Third- Party Delivery Services,Restaurant/Grocery/Other Delivery Services
702,AMAZON FRESH,2023-03,NV,5670.46,481595.7699999999,Third- Party Delivery Services,Restaurant/Grocery/Other Delivery Services
703,UBEREATS,2023-01,OK,24013.939999999995,719065.95,Third- Party Delivery Services,Restaurant/Grocery/Other Delivery Services
704,DOORDASH,2023-01,ME,19034.38,659771.9,Third- Party Delivery Services,Restaurant/Grocery/Other Delivery Services
705,GRUBHUB.COM,2023-02,MA,28664.45,1072837.34,Third- Party Delivery Services,Restaurant/Grocery/Other Delivery Services
706,UBEREATS,2023-01,WA,190231.94000000003,7121144.309999999,Third- Party Delivery Services,Restaurant/Grocery/Other Delivery Services
707,DOORDASH,2023-02,AK,32805.93000000001,1273871.0799999996,Third- Party Delivery Services,Restaurant/Grocery/Other Delivery Services
708,GRUBHUB.COM,2023-02,AL,10014.38,290308.41,Third- Party Delivery Services,Restaurant/Grocery/Other Delivery Services
709,DOORDASH,2023-01,ND,33000.35,1180959.7400000002,Third- Party Delivery Services,Restaurant/Grocery/Other Delivery Services
710,AMAZON FRESH,2023-02,TX,31021.84,2350284.15,Third- Party Delivery Services,Restaurant/Grocery/Other Delivery Services
711,UBEREATS,2023-01,FL,698533.4900000001,23932422.11,Third- Party Delivery Services,Restaurant/Grocery/Other Delivery Services
712,INSTACART,2023-03,UT,14358.36,1420015.65,Third- Party Delivery Services,Restaurant/Grocery/Other Delivery Services
713,UBEREATS,2023-02,ND,5687.68,187270.63,Third- Party Delivery Services,Restaurant/Grocery/Other Delivery Services
714,DOORDASH,2023-01,WY,27923.06,959627.84,Third- Party Delivery Services,Restaurant/Grocery/Other Delivery Services
715,GRUBHUB.COM,2023-02,IL,46784.84,1856646.51,Third- Party Delivery Services,Restaurant/Grocery/Other Delivery Services
716,UBEREATS,2023-01,CT,116537.37000000004,4068286.269999999,Third- Party Delivery Services,Restaurant/Grocery/Other Delivery Services
717,AMAZON FRESH,2023-01,AK,165.45000000000002,9105.920000000002,Third- Party Delivery Services,Restaurant/Grocery/Other Delivery Services
718,AMAZON FRESH,2023-03,IA,1186.8200000000002,123749.39,Third- Party Delivery Services,Restaurant/Grocery/Other Delivery Services
719,GRUBHUB.COM,2023-03,TN,16940.489999999998,558117.9399999998,Third- Party Delivery Services,Restaurant/Grocery/Other Delivery Services
720,AMAZON FRESH,2023-03,WV,306.55999999999995,19676.7,Third- Party Delivery Services,Restaurant/Grocery/Other Delivery Services
721,INSTACART,2023-01,MT,4622.280000000001,510064.5300000001,Third- Party Delivery Services,Restaurant/Grocery/Other Delivery Services
722,UBEREATS,2023-01,OR,70571.3,2317557.96,Third- Party Delivery Services,Restaurant/Grocery/Other Delivery Services
723,GRUBHUB.COM,2023-01,MO,7043.090000000001,281925.48999999993,Third- Party Delivery Services,Restaurant/Grocery/Other Delivery Services
724,GRUBHUB.COM,2023-01,IN,9401.51,294976.63,Third- Party Delivery Services,Restaurant/Grocery/Other Delivery Services
725,AMAZON FRESH,2023-03,LA,911.4,93771.07,Third- Party Delivery Services,Restaurant/Grocery/Other Delivery Services
726,INSTACART,2023-03,CT,36280.93,3300768.6900000004,Third- Party Delivery Services,Restaurant/Grocery/Other Delivery Services
727,GRUBHUB.COM,2023-01,NH,1981.64,83199.42999999998,Third- Party Delivery Services,Restaurant/Grocery/Other Delivery Services
728,AMAZON FRESH,2023-02,OR,7066.91,582728.7800000001,Third- Party Delivery Services,Restaurant/Grocery/Other Delivery Services
729,GRUBHUB.COM,2023-02,WV,2594.8699999999994,97411.9,Third- Party Delivery Services,Restaurant/Grocery/Other Delivery Services
730,AMAZON FRESH,2023-02,DC,6629.789999999999,474067.06000000006,Third- Party Delivery Services,Restaurant/Grocery/Other Delivery Services
731,DOORDASH,2023-03,MN,268678.44999999995,9757158.89,Third- Party Delivery Services,Restaurant/Grocery/Other Delivery Services
732,INSTACART,2023-01,NH,7286.430000000002,583829.76,Third- Party Delivery Services,Restaurant/Grocery/Other Delivery Services
733,GRUBHUB.COM,2023-02,MO,7737.160000000002,300550.35,Third- Party Delivery Services,Restaurant/Grocery/Other Delivery Services
734,DOORDASH,2023-02,IN,63118.85999999999,2187492.9600000004,Third- Party Delivery Services,Restaurant/Grocery/Other Delivery Services
735,INSTACART,2023-03,FL,218085.53,19653718.17,Third- Party Delivery Services,Restaurant/Grocery/Other Delivery Services
736,DOORDASH,2023-03,AK,36088.130000000005,1425401.5399999998,Third- Party Delivery Services,Restaurant/Grocery/Other Delivery Services
737,AMAZON FRESH,2023-03,AZ,7038.51,646281.8300000001,Third- Party Delivery Services,Restaurant/Grocery/Other Delivery Services
738,DOORDASH,2023-01,NV,121347.14000000004,4220721.659999999,Third- Party Delivery Services,Restaurant/Grocery/Other Delivery Services
739,INSTACART,2023-03,OH,21388.68,1805412.53,Third- Party Delivery Services,Restaurant/Grocery/Other Delivery Services
740,DOORDASH,2023-03,MO,97068.75,3294590.3599999994,Third- Party Delivery Services,Restaurant/Grocery/Other Delivery Services
741,UBEREATS,2023-03,UT,32079.640000000007,967652.9500000002,Third- Party Delivery Services,Restaurant/Grocery/Other Delivery Services
742,AMAZON FRESH,2023-02,MA,8088.52,759821.7400000001,Third- Party Delivery Services,Restaurant/Grocery/Other Delivery Services
743,UBEREATS,2023-02,NE,17461.609999999997,548720.02,Third- Party Delivery Services,Restaurant/Grocery/Other Delivery Services
744,AMAZON FRESH,2023-03,NC,11868.89,1209074.67,Third- Party Delivery Services,Restaurant/Grocery/Other Delivery Services
745,AMAZON FRESH,2023-02,PA,18215.88,1459206.48,Third- Party Delivery Services,Restaurant/Grocery/Other Delivery Services
746,GRUBHUB.COM,2023-03,LA,3519.1,112222.05000000002,Third- Party Delivery Services,Restaurant/Grocery/Other Delivery Services
747,UBEREATS,2023-03,MD,156389.03,5147927.51,Third- Party Delivery Services,Restaurant/Grocery/Other Delivery Services
748,AMAZON FRESH,2023-01,LA,1159.92,111254.58,Third- Party Delivery Services,Restaurant/Grocery/Other Delivery Services
749,INSTACART,2023-02,VA,72335.95999999998,6520562.390000001,Third- Party Delivery Services,Restaurant/Grocery/Other Delivery Services
750,GRUBHUB.COM,2023-01,AZ,29790.800000000003,1034583.54,Third- Party Delivery Services,Restaurant/Grocery/Other Delivery Services
751,DOORDASH,2023-01,TN,217502.88,7272956.31,Third- Party Delivery Services,Restaurant/Grocery/Other Delivery Services
752,GRUBHUB.COM,2023-01,WI,16865.78,646882.37,Third- Party Delivery Services,Restaurant/Grocery/Other Delivery Services
753,AMAZON FRESH,2023-02,VA,20480.31,1346526.4200000002,Third- Party Delivery Services,Restaurant/Grocery/Other Delivery Services
754,DOORDASH,2023-03,NM,80053.31999999999,2808713.36,Third- Party Delivery Services,Restaurant/Grocery/Other Delivery Services
755,GRUBHUB.COM,2023-02,NV,15927.42,630267.1000000001,Third- Party Delivery Services,Restaurant/Grocery/Other Delivery Services
756,INSTACART,2023-03,NJ,59137.89999999999,5478015.960000001,Third- Party Delivery Services,Restaurant/Grocery/Other Delivery Services
757,UBEREATS,2023-02,AK,4609.200000000001,157016.3,Third- Party Delivery Services,Restaurant/Grocery/Other Delivery Services
758,INSTACART,2023-01,FL,218723.25,19848642.21,Third- Party Delivery Services,Restaurant/Grocery/Other Delivery Services
759,UBEREATS,2023-01,SD,2894.69,82595.93,Third- Party Delivery Services,Restaurant/Grocery/Other Delivery Services
760,AMAZON FRESH,2023-03,CA,113519.78,8823149.13,Third- Party Delivery Services,Restaurant/Grocery/Other Delivery Services
761,DOORDASH,2023-01,SC,186293.06,6205658.530000001,Third- Party Delivery Services,Restaurant/Grocery/Other Delivery Services
762,DOORDASH,2023-03,DE,57982.18999999999,1915359.34,Third- Party Delivery Services,Restaurant/Grocery/Other Delivery Services
763,GRUBHUB.COM,2023-02,MN,17766.160000000003,698626.92,Third- Party Delivery Services,Restaurant/Grocery/Other Delivery Services
764,INSTACART,2023-03,WA,60361.63,6325963.2700000005,Third- Party Delivery Services,Restaurant/Grocery/Other Delivery Services
