,BRAND_NAME,MONTH,STATE_ABBR,TRANS_COUNT,SPEND_AMOUNT,INDUSTRY_NAME,SUBINDUSTRY_NAME
0,GRUBHUB.COM,2024-01,MO,6563.560000000001,242901.41,Third- Party Delivery Services,Restaurant/Grocery/Other Delivery Services
1,DOORDASH,2024-01,FL,666102.87,21896721.45,Third- Party Delivery Services,Restaurant/Grocery/Other Delivery Services
2,GRUBHUB.COM,2024-01,NJ,61431.11999999999,2333106.49,Third- Party Delivery Services,Restaurant/Grocery/Other Delivery Services
3,UBEREATS,2024-01,RI,4433.01,164286.56,Third- Party Delivery Services,Restaurant/Grocery/Other Delivery Services
4,GRUBHUB.COM,2024-01,NC,35847.36,1150414.14,Third- Party Delivery Services,Restaurant/Grocery/Other Delivery Services
5,INSTACART,2024-01,AR,3466.0,280389.31,Third- Party Delivery Services,Restaurant/Grocery/Other Delivery Services
6,UBEREATS,2024-01,AK,5368.209999999999,187432.24,Third- Party Delivery Services,Restaurant/Grocery/Other Delivery Services
7,UBEREATS,2024-01,NM,15302.84,491098.0299999999,Third- Party Delivery Services,Restaurant/Grocery/Other Delivery Services
8,DOORDASH,2024-01,NC,503921.81,16893449.790000003,Third- Party Delivery Services,Restaurant/Grocery/Other Delivery Services
9,DOORDASH,2024-01,TN,210219.2,7249631.56,Third- Party Delivery Services,Restaurant/Grocery/Other Delivery Services
10,AMAZON FRESH,2024-01,OH,3986.97,319214.37000000005,Third- Party Delivery Services,Restaurant/Grocery/Other Delivery Services
11,AMAZON FRESH,2024-01,NM,969.11,97880.8,Third- Party Delivery Services,Restaurant/Grocery/Other Delivery Services
12,AMAZON FRESH,2024-01,ID,714.3200000000002,71588.11000000002,Third- Party Delivery Services,Restaurant/Grocery/Other Delivery Services
13,GRUBHUB.COM,2024-01,WV,2545.86,111439.65,Third- Party Delivery Services,Restaurant/Grocery/Other Delivery Services
14,INSTACART,2024-01,NE,8906.01,832769.8799999998,Third- Party Delivery Services,Restaurant/Grocery/Other Delivery Services
15,AMAZON FRESH,2024-01,NY,35580.619999999995,3148220.08,Third- Party Delivery Services,Restaurant/Grocery/Other Delivery Services
16,INSTACART,2024-01,RI,2308.0999999999995,197967.01000000004,Third- Party Delivery Services,Restaurant/Grocery/Other Delivery Services
17,DOORDASH,2024-01,NJ,390327.51000000007,13513287.31,Third- Party Delivery Services,Restaurant/Grocery/Other Delivery Services
18,DOORDASH,2024-01,MT,49883.72000000001,1683138.0299999998,Third- Party Delivery Services,Restaurant/Grocery/Other Delivery Services
19,INSTACART,2024-01,GA,111853.6,9217638.49,Third- Party Delivery Services,Restaurant/Grocery/Other Delivery Services
20,GRUBHUB.COM,2024-01,ND,2514.2200000000003,63858.220000000016,Third- Party Delivery Services,Restaurant/Grocery/Other Delivery Services
21,INSTACART,2024-01,TX,123535.93,10670203.87,Third- Party Delivery Services,Restaurant/Grocery/Other Delivery Services
22,AMAZON FRESH,2024-01,MD,14410.46,1067629.14,Third- Party Delivery Services,Restaurant/Grocery/Other Delivery Services
23,AMAZON FRESH,2024-01,MN,6948.16,626969.0799999998,Third- Party Delivery Services,Restaurant/Grocery/Other Delivery Services
24,UBEREATS,2024-01,PA,198875.91,6531256.109999999,Third- Party Delivery Services,Restaurant/Grocery/Other Delivery Services
25,AMAZON FRESH,2024-01,IL,14832.969999999996,1028137.41,Third- Party Delivery Services,Restaurant/Grocery/Other Delivery Services
26,AMAZON FRESH,2024-01,AK,96.95,7982.98,Third- Party Delivery Services,Restaurant/Grocery/Other Delivery Services
27,GRUBHUB.COM,2024-01,AR,1179.01,41866.48,Third- Party Delivery Services,Restaurant/Grocery/Other Delivery Services
28,UBEREATS,2024-01,NY,480164.64,16329010.429999998,Third- Party Delivery Services,Restaurant/Grocery/Other Delivery Services
29,GRUBHUB.COM,2024-01,WI,13748.219999999998,506957.8300000001,Third- Party Delivery Services,Restaurant/Grocery/Other Delivery Services
30,GRUBHUB.COM,2024-01,UT,8095.709999999999,298154.26,Third- Party Delivery Services,Restaurant/Grocery/Other Delivery Services
31,DOORDASH,2024-01,AK,37432.89,1560576.1,Third- Party Delivery Services,Restaurant/Grocery/Other Delivery Services
32,UBEREATS,2024-01,MI,20938.49,678021.82,Third- Party Delivery Services,Restaurant/Grocery/Other Delivery Services
33,AMAZON FRESH,2024-01,RI,1352.52,139164.71,Third- Party Delivery Services,Restaurant/Grocery/Other Delivery Services
34,AMAZON FRESH,2024-01,IA,1020.51,97688.21,Third- Party Delivery Services,Restaurant/Grocery/Other Delivery Services
35,INSTACART,2024-01,PA,102822.02,8753653.700000003,Third- Party Delivery Services,Restaurant/Grocery/Other Delivery Services
36,DOORDASH,2024-01,MS,65898.93000000001,2120351.89,Third- Party Delivery Services,Restaurant/Grocery/Other Delivery Services
37,DOORDASH,2024-01,AZ,307889.41,10676712.13,Third- Party Delivery Services,Restaurant/Grocery/Other Delivery Services
38,DOORDASH,2024-01,IN,72220.06,2631141.35,Third- Party Delivery Services,Restaurant/Grocery/Other Delivery Services
39,UBEREATS,2024-01,OK,23193.79,747602.88,Third- Party Delivery Services,Restaurant/Grocery/Other Delivery Services
40,GRUBHUB.COM,2024-01,OK,5407.999999999999,205670.74,Third- Party Delivery Services,Restaurant/Grocery/Other Delivery Services
41,UBEREATS,2024-01,MT,10455.11,367932.56,Third- Party Delivery Services,Restaurant/Grocery/Other Delivery Services
42,AMAZON FRESH,2024-01,DE,566.3000000000001,51707.24000000001,Third- Party Delivery Services,Restaurant/Grocery/Other Delivery Services
43,GRUBHUB.COM,2024-01,IN,9518.84,306162.34,Third- Party Delivery Services,Restaurant/Grocery/Other Delivery Services
44,UBEREATS,2024-01,AZ,158194.38,5122508.159999999,Third- Party Delivery Services,Restaurant/Grocery/Other Delivery Services
45,UBEREATS,2024-01,NV,95376.01,3217170.119999999,Third- Party Delivery Services,Restaurant/Grocery/Other Delivery Services
46,INSTACART,2024-01,NY,133847.51,11338792.68,Third- Party Delivery Services,Restaurant/Grocery/Other Delivery Services
47,INSTACART,2024-01,CO,32339.08,3169825.1899999995,Third- Party Delivery Services,Restaurant/Grocery/Other Delivery Services
48,GRUBHUB.COM,2024-01,KS,4681.160000000001,160771.70999999996,Third- Party Delivery Services,Restaurant/Grocery/Other Delivery Services
49,DOORDASH,2024-01,VT,5144.35,194566.63,Third- Party Delivery Services,Restaurant/Grocery/Other Delivery Services
50,UBEREATS,2024-01,KY,11545.29,361470.37000000005,Third- Party Delivery Services,Restaurant/Grocery/Other Delivery Services
51,DOORDASH,2024-01,WI,178665.88999999998,6158601.73,Third- Party Delivery Services,Restaurant/Grocery/Other Delivery Services
52,AMAZON FRESH,2024-01,GA,8017.1399999999985,705417.0000000001,Third- Party Delivery Services,Restaurant/Grocery/Other Delivery Services
53,GRUBHUB.COM,2024-01,TX,64482.19000000001,2147347.17,Third- Party Delivery Services,Restaurant/Grocery/Other Delivery Services
54,INSTACART,2024-01,MN,45269.83999999999,4285258.36,Third- Party Delivery Services,Restaurant/Grocery/Other Delivery Services
55,AMAZON FRESH,2024-01,NE,1059.19,99168.99000000002,Third- Party Delivery Services,Restaurant/Grocery/Other Delivery Services
56,GRUBHUB.COM,2024-01,CO,34325.72000000001,1445374.88,Third- Party Delivery Services,Restaurant/Grocery/Other Delivery Services
57,UBEREATS,2024-01,MO,21300.34,735051.7899999999,Third- Party Delivery Services,Restaurant/Grocery/Other Delivery Services
58,INSTACART,2024-01,DC,12443.469999999996,947755.67,Third- Party Delivery Services,Restaurant/Grocery/Other Delivery Services
59,UBEREATS,2024-01,CO,106851.44000000005,3755949.07,Third- Party Delivery Services,Restaurant/Grocery/Other Delivery Services
60,INSTACART,2024-01,MO,16717.3,1488054.2400000002,Third- Party Delivery Services,Restaurant/Grocery/Other Delivery Services
61,DOORDASH,2024-01,RI,9898.99,419982.7599999999,Third- Party Delivery Services,Restaurant/Grocery/Other Delivery Services
62,GRUBHUB.COM,2024-01,VT,345.7899999999999,18080.870000000003,Third- Party Delivery Services,Restaurant/Grocery/Other Delivery Services
63,INSTACART,2024-01,IA,11194.680000000002,963749.44,Third- Party Delivery Services,Restaurant/Grocery/Other Delivery Services
64,AMAZON FRESH,2024-01,LA,950.17,90053.02,Third- Party Delivery Services,Restaurant/Grocery/Other Delivery Services
65,INSTACART,2024-01,DE,7840.92,691716.69,Third- Party Delivery Services,Restaurant/Grocery/Other Delivery Services
66,DOORDASH,2024-01,ND,36306.88999999999,1313018.17,Third- Party Delivery Services,Restaurant/Grocery/Other Delivery Services
67,GRUBHUB.COM,2024-01,NE,8834.099999999999,358260.29,Third- Party Delivery Services,Restaurant/Grocery/Other Delivery Services
68,DOORDASH,2024-01,KY,89356.14000000001,2903874.6499999994,Third- Party Delivery Services,Restaurant/Grocery/Other Delivery Services
69,DOORDASH,2024-01,HI,29640.2,1187096.4899999998,Third- Party Delivery Services,Restaurant/Grocery/Other Delivery Services
70,UBEREATS,2024-01,MS,17020.260000000006,556255.31,Third- Party Delivery Services,Restaurant/Grocery/Other Delivery Services
71,DOORDASH,2024-01,KS,97889.40000000002,3100313.0600000005,Third- Party Delivery Services,Restaurant/Grocery/Other Delivery Services
72,DOORDASH,2024-01,ME,20547.239999999994,732006.25,Third- Party Delivery Services,Restaurant/Grocery/Other Delivery Services
73,INSTACART,2024-01,MI,14872.770000000002,1311785.5200000005,Third- Party Delivery Services,Restaurant/Grocery/Other Delivery Services
74,DOORDASH,2024-01,SD,33047.42,1178766.26,Third- Party Delivery Services,Restaurant/Grocery/Other Delivery Services
75,GRUBHUB.COM,2024-01,MT,957.7499999999998,36479.97,Third- Party Delivery Services,Restaurant/Grocery/Other Delivery Services
76,AMAZON FRESH,2024-01,FL,13642.69,1206340.12,Third- Party Delivery Services,Restaurant/Grocery/Other Delivery Services
77,AMAZON FRESH,2024-01,OK,516.54,43393.52999999999,Third- Party Delivery Services,Restaurant/Grocery/Other Delivery Services
78,DOORDASH,2024-01,DE,56793.70000000001,1951492.83,Third- Party Delivery Services,Restaurant/Grocery/Other Delivery Services
79,DOORDASH,2024-01,IL,209785.53,7411873.899999999,Third- Party Delivery Services,Restaurant/Grocery/Other Delivery Services
80,AMAZON FRESH,2024-01,TN,5158.17,466224.6,Third- Party Delivery Services,Restaurant/Grocery/Other Delivery Services
81,UBEREATS,2024-01,SC,66393.15,2224615.5300000007,Third- Party Delivery Services,Restaurant/Grocery/Other Delivery Services
82,AMAZON FRESH,2024-01,VA,18480.06,1278156.23,Third- Party Delivery Services,Restaurant/Grocery/Other Delivery Services
83,UBEREATS,2024-01,TX,778866.9499999998,25066702.05,Third- Party Delivery Services,Restaurant/Grocery/Other Delivery Services
84,UBEREATS,2024-01,CT,120948.05000000005,4242943.36,Third- Party Delivery Services,Restaurant/Grocery/Other Delivery Services
85,GRUBHUB.COM,2024-01,MA,23645.51,909249.09,Third- Party Delivery Services,Restaurant/Grocery/Other Delivery Services
86,UBEREATS,2024-01,IN,18040.59,597332.27,Third- Party Delivery Services,Restaurant/Grocery/Other Delivery Services
87,AMAZON FRESH,2024-01,CT,4578.630000000001,533275.77,Third- Party Delivery Services,Restaurant/Grocery/Other Delivery Services
88,DOORDASH,2024-01,MO,95681.08000000002,3400363.55,Third- Party Delivery Services,Restaurant/Grocery/Other Delivery Services
89,AMAZON FRESH,2024-01,WI,2850.85,268637.51,Third- Party Delivery Services,Restaurant/Grocery/Other Delivery Services
90,INSTACART,2024-01,MA,25002.79,2122901.47,Third- Party Delivery Services,Restaurant/Grocery/Other Delivery Services
91,AMAZON FRESH,2024-01,NH,922.98,100419.38000000002,Third- Party Delivery Services,Restaurant/Grocery/Other Delivery Services
92,GRUBHUB.COM,2024-01,SD,1718.95,57877.02,Third- Party Delivery Services,Restaurant/Grocery/Other Delivery Services
93,DOORDASH,2024-01,SC,207699.0,6993930.269999999,Third- Party Delivery Services,Restaurant/Grocery/Other Delivery Services
94,DOORDASH,2024-01,VA,416976.75000000006,14292747.719999995,Third- Party Delivery Services,Restaurant/Grocery/Other Delivery Services
95,INSTACART,2024-01,WA,64267.83,6421203.69,Third- Party Delivery Services,Restaurant/Grocery/Other Delivery Services
96,AMAZON FRESH,2024-01,CA,104458.35,7601113.799999999,Third- Party Delivery Services,Restaurant/Grocery/Other Delivery Services
97,UBEREATS,2024-01,VA,166682.20000000004,5668770.300000001,Third- Party Delivery Services,Restaurant/Grocery/Other Delivery Services
98,GRUBHUB.COM,2024-01,OR,31843.2,1227807.31,Third- Party Delivery Services,Restaurant/Grocery/Other Delivery Services
99,DOORDASH,2024-01,MN,271613.15,10024945.81,Third- Party Delivery Services,Restaurant/Grocery/Other Delivery Services
100,AMAZON FRESH,2024-01,NC,10723.28,1001296.7500000002,Third- Party Delivery Services,Restaurant/Grocery/Other Delivery Services
101,GRUBHUB.COM,2024-01,IL,43602.11,1793075.3999999994,Third- Party Delivery Services,Restaurant/Grocery/Other Delivery Services
102,GRUBHUB.COM,2024-01,IA,10385.14,414026.6799999999,Third- Party Delivery Services,Restaurant/Grocery/Other Delivery Services
103,AMAZON FRESH,2024-01,VT,197.95,15494.500000000002,Third- Party Delivery Services,Restaurant/Grocery/Other Delivery Services
104,UBEREATS,2024-01,NC,145572.2,4683699.96,Third- Party Delivery Services,Restaurant/Grocery/Other Delivery Services
105,AMAZON FRESH,2024-01,KS,635.27,51490.62,Third- Party Delivery Services,Restaurant/Grocery/Other Delivery Services
106,GRUBHUB.COM,2024-01,VA,47607.10999999999,1685443.2799999998,Third- Party Delivery Services,Restaurant/Grocery/Other Delivery Services
107,UBEREATS,2024-01,ID,20249.72,685087.2399999999,Third- Party Delivery Services,Restaurant/Grocery/Other Delivery Services
108,GRUBHUB.COM,2024-01,ID,2522.65,94072.89000000004,Third- Party Delivery Services,Restaurant/Grocery/Other Delivery Services
109,UBEREATS,2024-01,MA,73794.48000000003,2510916.6300000004,Third- Party Delivery Services,Restaurant/Grocery/Other Delivery Services
110,DOORDASH,2024-01,OH,184441.36,6030412.039999998,Third- Party Delivery Services,Restaurant/Grocery/Other Delivery Services
111,GRUBHUB.COM,2024-01,WA,26213.44,1072491.27,Third- Party Delivery Services,Restaurant/Grocery/Other Delivery Services
112,GRUBHUB.COM,2024-01,MN,15177.31,596782.4300000002,Third- Party Delivery Services,Restaurant/Grocery/Other Delivery Services
113,UBEREATS,2024-01,OR,74527.46000000002,2429297.08,Third- Party Delivery Services,Restaurant/Grocery/Other Delivery Services
114,INSTACART,2024-01,WV,7638.23,648990.5,Third- Party Delivery Services,Restaurant/Grocery/Other Delivery Services
115,UBEREATS,2024-01,NJ,252412.0,8291314.2,Third- Party Delivery Services,Restaurant/Grocery/Other Delivery Services
116,GRUBHUB.COM,2024-01,WY,600.86,24899.62,Third- Party Delivery Services,Restaurant/Grocery/Other Delivery Services
117,INSTACART,2024-01,MS,6219.410000000001,480183.5699999999,Third- Party Delivery Services,Restaurant/Grocery/Other Delivery Services
118,INSTACART,2024-01,IN,12261.55,1138321.34,Third- Party Delivery Services,Restaurant/Grocery/Other Delivery Services
119,GRUBHUB.COM,2024-01,AL,7846.7,229949.82,Third- Party Delivery Services,Restaurant/Grocery/Other Delivery Services
120,INSTACART,2024-01,ID,6820.750000000001,732268.6399999999,Third- Party Delivery Services,Restaurant/Grocery/Other Delivery Services
121,DOORDASH,2024-01,CA,2326818.1400000006,86953801.71000001,Third- Party Delivery Services,Restaurant/Grocery/Other Delivery Services
122,INSTACART,2024-01,CA,382163.33,34291919.03,Third- Party Delivery Services,Restaurant/Grocery/Other Delivery Services
123,DOORDASH,2024-01,LA,72748.79000000001,2484798.3200000003,Third- Party Delivery Services,Restaurant/Grocery/Other Delivery Services
124,UBEREATS,2024-01,MD,147267.41999999998,5018230.56,Third- Party Delivery Services,Restaurant/Grocery/Other Delivery Services
125,AMAZON FRESH,2024-01,PA,20006.560000000005,1491637.4600000002,Third- Party Delivery Services,Restaurant/Grocery/Other Delivery Services
126,UBEREATS,2024-01,ME,4925.910000000001,176434.56000000006,Third- Party Delivery Services,Restaurant/Grocery/Other Delivery Services
127,INSTACART,2024-01,HI,4645.290000000001,540748.7000000001,Third- Party Delivery Services,Restaurant/Grocery/Other Delivery Services
128,INSTACART,2024-01,ND,3342.01,302619.28,Third- Party Delivery Services,Restaurant/Grocery/Other Delivery Services
129,AMAZON FRESH,2024-01,SD,83.19,5563.320000000001,Third- Party Delivery Services,Restaurant/Grocery/Other Delivery Services
130,INSTACART,2024-01,UT,15223.39,1560100.72,Third- Party Delivery Services,Restaurant/Grocery/Other Delivery Services
131,GRUBHUB.COM,2024-01,CA,159769.03000000003,6339718.87,Third- Party Delivery Services,Restaurant/Grocery/Other Delivery Services
132,INSTACART,2024-01,IL,45910.36000000001,3725103.95,Third- Party Delivery Services,Restaurant/Grocery/Other Delivery Services
133,UBEREATS,2024-01,ND,5968.610000000001,197141.94,Third- Party Delivery Services,Restaurant/Grocery/Other Delivery Services
134,INSTACART,2024-01,KS,8574.87,715831.9199999999,Third- Party Delivery Services,Restaurant/Grocery/Other Delivery Services
135,DOORDASH,2024-01,NY,449384.4900000001,15057972.38,Third- Party Delivery Services,Restaurant/Grocery/Other Delivery Services
136,AMAZON FRESH,2024-01,MT,210.37,17416.949999999997,Third- Party Delivery Services,Restaurant/Grocery/Other Delivery Services
137,GRUBHUB.COM,2024-01,ME,1260.03,48569.48000000002,Third- Party Delivery Services,Restaurant/Grocery/Other Delivery Services
138,INSTACART,2024-01,VA,86995.2,7716380.23,Third- Party Delivery Services,Restaurant/Grocery/Other Delivery Services
139,GRUBHUB.COM,2024-01,AK,1651.7700000000002,68581.20999999999,Third- Party Delivery Services,Restaurant/Grocery/Other Delivery Services
140,UBEREATS,2024-01,FL,765345.0299999999,26037366.050000004,Third- Party Delivery Services,Restaurant/Grocery/Other Delivery Services
141,DOORDASH,2024-01,AR,29466.239999999994,1063236.8300000003,Third- Party Delivery Services,Restaurant/Grocery/Other Delivery Services
142,UBEREATS,2024-01,WA,169360.37,6793206.36,Third- Party Delivery Services,Restaurant/Grocery/Other Delivery Services
143,INSTACART,2024-01,LA,7965.969999999999,679373.2099999997,Third- Party Delivery Services,Restaurant/Grocery/Other Delivery Services
144,GRUBHUB.COM,2024-01,SC,12137.500000000004,306024.32,Third- Party Delivery Services,Restaurant/Grocery/Other Delivery Services
145,UBEREATS,2024-01,HI,21439.96,736488.0100000001,Third- Party Delivery Services,Restaurant/Grocery/Other Delivery Services
146,DOORDASH,2024-01,CT,105900.02,3604266.000000001,Third- Party Delivery Services,Restaurant/Grocery/Other Delivery Services
147,GRUBHUB.COM,2024-01,AZ,25036.27,878222.7100000002,Third- Party Delivery Services,Restaurant/Grocery/Other Delivery Services
148,GRUBHUB.COM,2024-01,GA,28506.23,946604.76,Third- Party Delivery Services,Restaurant/Grocery/Other Delivery Services
149,GRUBHUB.COM,2024-01,HI,1632.9499999999998,68170.5,Third- Party Delivery Services,Restaurant/Grocery/Other Delivery Services
150,GRUBHUB.COM,2024-01,DC,6288.439999999998,223969.66999999995,Third- Party Delivery Services,Restaurant/Grocery/Other Delivery Services
151,INSTACART,2024-01,AL,33411.950000000004,2964094.449999999,Third- Party Delivery Services,Restaurant/Grocery/Other Delivery Services
152,GRUBHUB.COM,2024-01,NM,5058.699999999999,204912.17000000004,Third- Party Delivery Services,Restaurant/Grocery/Other Delivery Services
153,INSTACART,2024-01,CT,39642.57000000001,3400988.2200000007,Third- Party Delivery Services,Restaurant/Grocery/Other Delivery Services
154,GRUBHUB.COM,2024-01,NY,138504.78,5375373.15,Third- Party Delivery Services,Restaurant/Grocery/Other Delivery Services
155,AMAZON FRESH,2024-01,OR,5929.18,501926.2899999998,Third- Party Delivery Services,Restaurant/Grocery/Other Delivery Services
156,GRUBHUB.COM,2024-01,NV,15109.590000000004,593863.2299999999,Third- Party Delivery Services,Restaurant/Grocery/Other Delivery Services
157,DOORDASH,2024-01,AL,184167.5,6072684.339999999,Third- Party Delivery Services,Restaurant/Grocery/Other Delivery Services
158,AMAZON FRESH,2024-01,CO,9957.8,1033769.8099999998,Third- Party Delivery Services,Restaurant/Grocery/Other Delivery Services
159,INSTACART,2024-01,KY,6818.3,613543.8,Third- Party Delivery Services,Restaurant/Grocery/Other Delivery Services
160,UBEREATS,2024-01,GA,286414.84,9551655.31,Third- Party Delivery Services,Restaurant/Grocery/Other Delivery Services
161,GRUBHUB.COM,2024-01,MS,2623.4500000000003,81467.29999999999,Third- Party Delivery Services,Restaurant/Grocery/Other Delivery Services
162,GRUBHUB.COM,2024-01,KY,3597.9099999999994,116004.12,Third- Party Delivery Services,Restaurant/Grocery/Other Delivery Services
163,INSTACART,2024-01,WI,26602.7,2225835.35,Third- Party Delivery Services,Restaurant/Grocery/Other Delivery Services
164,DOORDASH,2024-01,UT,191352.12,6114379.340000002,Third- Party Delivery Services,Restaurant/Grocery/Other Delivery Services
165,GRUBHUB.COM,2024-01,DE,3430.49,122249.85,Third- Party Delivery Services,Restaurant/Grocery/Other Delivery Services
166,UBEREATS,2024-01,IL,143915.48,4831182.130000001,Third- Party Delivery Services,Restaurant/Grocery/Other Delivery Services
167,DOORDASH,2024-01,NH,50200.72,1733995.32,Third- Party Delivery Services,Restaurant/Grocery/Other Delivery Services
168,AMAZON FRESH,2024-01,SC,2098.18,207564.65,Third- Party Delivery Services,Restaurant/Grocery/Other Delivery Services
169,UBEREATS,2024-01,KS,16796.329999999998,535612.8,Third- Party Delivery Services,Restaurant/Grocery/Other Delivery Services
170,INSTACART,2024-01,MD,65961.90000000001,5530069.689999999,Third- Party Delivery Services,Restaurant/Grocery/Other Delivery Services
171,UBEREATS,2024-01,IA,20317.84,688621.3799999999,Third- Party Delivery Services,Restaurant/Grocery/Other Delivery Services
172,GRUBHUB.COM,2024-01,OH,12170.31,374223.71,Third- Party Delivery Services,Restaurant/Grocery/Other Delivery Services
173,UBEREATS,2024-01,CA,927848.29,32451906.020000003,Third- Party Delivery Services,Restaurant/Grocery/Other Delivery Services
174,GRUBHUB.COM,2024-01,FL,48758.39,1406692.63,Third- Party Delivery Services,Restaurant/Grocery/Other Delivery Services
175,DOORDASH,2024-01,IA,132383.98999999996,4503783.030000001,Third- Party Delivery Services,Restaurant/Grocery/Other Delivery Services
176,AMAZON FRESH,2024-01,MA,8590.809999999998,894280.9,Third- Party Delivery Services,Restaurant/Grocery/Other Delivery Services
177,UBEREATS,2024-01,VT,2013.11,66985.29999999999,Third- Party Delivery Services,Restaurant/Grocery/Other Delivery Services
178,UBEREATS,2024-01,WV,7363.21,199624.41000000003,Third- Party Delivery Services,Restaurant/Grocery/Other Delivery Services
179,AMAZON FRESH,2024-01,AR,669.1999999999998,54241.66,Third- Party Delivery Services,Restaurant/Grocery/Other Delivery Services
180,INSTACART,2024-01,SC,53487.27000000001,4710814.24,Third- Party Delivery Services,Restaurant/Grocery/Other Delivery Services
181,INSTACART,2024-01,AK,4427.299999999999,513952.88,Third- Party Delivery Services,Restaurant/Grocery/Other Delivery Services
182,DOORDASH,2024-01,ID,68396.81,2321504.64,Third- Party Delivery Services,Restaurant/Grocery/Other Delivery Services
183,DOORDASH,2024-01,OR,188363.08,6510441.9,Third- Party Delivery Services,Restaurant/Grocery/Other Delivery Services
184,AMAZON FRESH,2024-01,MS,549.77,39261.94,Third- Party Delivery Services,Restaurant/Grocery/Other Delivery Services
185,INSTACART,2024-01,FL,229933.25000000003,19582218.4,Third- Party Delivery Services,Restaurant/Grocery/Other Delivery Services
186,AMAZON FRESH,2024-01,NV,5033.830000000001,439029.1299999999,Third- Party Delivery Services,Restaurant/Grocery/Other Delivery Services
187,UBEREATS,2024-01,OH,39988.3,1290197.42,Third- Party Delivery Services,Restaurant/Grocery/Other Delivery Services
188,INSTACART,2024-01,OH,22282.64999999999,1935311.42,Third- Party Delivery Services,Restaurant/Grocery/Other Delivery Services
189,UBEREATS,2024-01,DC,57790.3,2153984.32,Third- Party Delivery Services,Restaurant/Grocery/Other Delivery Services
190,AMAZON FRESH,2024-01,ME,629.6099999999999,73475.73,Third- Party Delivery Services,Restaurant/Grocery/Other Delivery Services
191,GRUBHUB.COM,2024-01,NH,1660.8800000000003,64243.350000000006,Third- Party Delivery Services,Restaurant/Grocery/Other Delivery Services
192,UBEREATS,2024-01,MN,58425.00000000001,1969159.26,Third- Party Delivery Services,Restaurant/Grocery/Other Delivery Services
193,DOORDASH,2024-01,PA,544437.29,19083500.020000003,Third- Party Delivery Services,Restaurant/Grocery/Other Delivery Services
194,DOORDASH,2024-01,WA,368576.96,14086998.74,Third- Party Delivery Services,Restaurant/Grocery/Other Delivery Services
195,UBEREATS,2024-01,TN,114142.76999999996,3952851.01,Third- Party Delivery Services,Restaurant/Grocery/Other Delivery Services
196,AMAZON FRESH,2024-01,MO,1045.79,98644.25,Third- Party Delivery Services,Restaurant/Grocery/Other Delivery Services
197,INSTACART,2024-01,OK,10446.4,909971.9300000002,Third- Party Delivery Services,Restaurant/Grocery/Other Delivery Services
198,INSTACART,2024-01,NC,128616.55999999995,11044781.840000002,Third- Party Delivery Services,Restaurant/Grocery/Other Delivery Services
199,INSTACART,2024-01,MT,4311.59,497374.58,Third- Party Delivery Services,Restaurant/Grocery/Other Delivery Services
200,DOORDASH,2024-01,NM,83385.95000000001,2905407.1100000003,Third- Party Delivery Services,Restaurant/Grocery/Other Delivery Services
201,UBEREATS,2024-01,SD,2892.45,88678.21000000002,Third- Party Delivery Services,Restaurant/Grocery/Other Delivery Services
202,GRUBHUB.COM,2024-01,CT,22727.35000000001,879257.8800000002,Third- Party Delivery Services,Restaurant/Grocery/Other Delivery Services
203,AMAZON FRESH,2024-01,HI,1392.5700000000002,139907.21000000002,Third- Party Delivery Services,Restaurant/Grocery/Other Delivery Services
204,AMAZON FRESH,2024-01,KY,734.4299999999998,60751.29999999999,Third- Party Delivery Services,Restaurant/Grocery/Other Delivery Services
205,GRUBHUB.COM,2024-01,PA,92714.18,3552899.3300000005,Third- Party Delivery Services,Restaurant/Grocery/Other Delivery Services
206,INSTACART,2024-01,TN,48997.92999999999,4500580.95,Third- Party Delivery Services,Restaurant/Grocery/Other Delivery Services
207,AMAZON FRESH,2024-01,NJ,14763.120000000004,1348267.67,Third- Party Delivery Services,Restaurant/Grocery/Other Delivery Services
208,DOORDASH,2024-01,NV,133758.76,4697938.970000001,Third- Party Delivery Services,Restaurant/Grocery/Other Delivery Services
209,INSTACART,2024-01,WY,1292.49,131025.54000000002,Third- Party Delivery Services,Restaurant/Grocery/Other Delivery Services
210,GRUBHUB.COM,2024-01,TN,10889.779999999995,386982.1599999999,Third- Party Delivery Services,Restaurant/Grocery/Other Delivery Services
211,AMAZON FRESH,2024-01,IN,1410.2599999999995,129551.41000000005,Third- Party Delivery Services,Restaurant/Grocery/Other Delivery Services
212,INSTACART,2024-01,ME,2927.1200000000003,243834.59,Third- Party Delivery Services,Restaurant/Grocery/Other Delivery Services
213,AMAZON FRESH,2024-01,WY,119.92,12812.53,Third- Party Delivery Services,Restaurant/Grocery/Other Delivery Services
214,UBEREATS,2024-01,WY,3919.37,141374.03999999998,Third- Party Delivery Services,Restaurant/Grocery/Other Delivery Services
215,GRUBHUB.COM,2024-01,LA,2420.31,86870.95,Third- Party Delivery Services,Restaurant/Grocery/Other Delivery Services
216,AMAZON FRESH,2024-01,DC,5934.42,478888.0700000001,Third- Party Delivery Services,Restaurant/Grocery/Other Delivery Services
217,DOORDASH,2024-01,MA,110364.25,4048465.69,Third- Party Delivery Services,Restaurant/Grocery/Other Delivery Services
218,GRUBHUB.COM,2024-01,RI,2599.1200000000003,99872.66000000005,Third- Party Delivery Services,Restaurant/Grocery/Other Delivery Services
219,DOORDASH,2024-01,OK,146057.27000000002,4799589.340000001,Third- Party Delivery Services,Restaurant/Grocery/Other Delivery Services
220,AMAZON FRESH,2024-01,WA,28977.330000000005,2017260.44,Third- Party Delivery Services,Restaurant/Grocery/Other Delivery Services
221,DOORDASH,2024-01,MD,291472.39,10344116.7,Third- Party Delivery Services,Restaurant/Grocery/Other Delivery Services
222,INSTACART,2024-01,AZ,46708.26,4125524.97,Third- Party Delivery Services,Restaurant/Grocery/Other Delivery Services
223,INSTACART,2024-01,VT,1514.4299999999996,178410.45000000004,Third- Party Delivery Services,Restaurant/Grocery/Other Delivery Services
224,AMAZON FRESH,2024-01,AZ,6152.599999999999,540567.5800000001,Third- Party Delivery Services,Restaurant/Grocery/Other Delivery Services
225,AMAZON FRESH,2024-01,WV,331.0700000000001,20918.75,Third- Party Delivery Services,Restaurant/Grocery/Other Delivery Services
226,UBEREATS,2024-01,AR,8258.34,262423.50999999995,Third- Party Delivery Services,Restaurant/Grocery/Other Delivery Services
227,UBEREATS,2024-01,NH,6786.969999999999,238321.52,Third- Party Delivery Services,Restaurant/Grocery/Other Delivery Services
228,UBEREATS,2024-01,UT,29892.86,942973.8500000004,Third- Party Delivery Services,Restaurant/Grocery/Other Delivery Services
229,INSTACART,2024-01,NJ,71811.03,6313954.259999999,Third- Party Delivery Services,Restaurant/Grocery/Other Delivery Services
230,INSTACART,2024-01,NH,7507.950000000001,580425.23,Third- Party Delivery Services,Restaurant/Grocery/Other Delivery Services
231,AMAZON FRESH,2024-01,AL,585.8,51365.17,Third- Party Delivery Services,Restaurant/Grocery/Other Delivery Services
232,DOORDASH,2024-01,TX,1231054.9999999995,41526259.78,Third- Party Delivery Services,Restaurant/Grocery/Other Delivery Services
233,DOORDASH,2024-01,NE,138948.76,4629463.319999999,Third- Party Delivery Services,Restaurant/Grocery/Other Delivery Services
234,INSTACART,2024-01,NM,6862.670000000001,661452.04,Third- Party Delivery Services,Restaurant/Grocery/Other Delivery Services
235,UBEREATS,2024-01,LA,26986.250000000004,935107.81,Third- Party Delivery Services,Restaurant/Grocery/Other Delivery Services
236,UBEREATS,2024-01,NE,20247.710000000003,634399.7899999999,Third- Party Delivery Services,Restaurant/Grocery/Other Delivery Services
237,DOORDASH,2024-01,WV,40788.04000000001,1448896.78,Third- Party Delivery Services,Restaurant/Grocery/Other Delivery Services
238,GRUBHUB.COM,2024-01,MD,41019.16,1513540.1699999997,Third- Party Delivery Services,Restaurant/Grocery/Other Delivery Services
239,UBEREATS,2024-01,AL,37737.15,1177629.2100000002,Third- Party Delivery Services,Restaurant/Grocery/Other Delivery Services
240,AMAZON FRESH,2024-01,TX,23506.740000000005,2024922.1800000004,Third- Party Delivery Services,Restaurant/Grocery/Other Delivery Services
241,INSTACART,2024-01,SD,1798.0699999999997,185740.4,Third- Party Delivery Services,Restaurant/Grocery/Other Delivery Services
242,DOORDASH,2024-01,MI,76782.98,2831428.2,Third- Party Delivery Services,Restaurant/Grocery/Other Delivery Services
243,AMAZON FRESH,2024-01,UT,1297.3199999999997,117275.39,Third- Party Delivery Services,Restaurant/Grocery/Other Delivery Services
244,AMAZON FRESH,2024-01,MI,1732.0499999999995,132892.77000000002,Third- Party Delivery Services,Restaurant/Grocery/Other Delivery Services
245,DOORDASH,2024-01,WY,30144.890000000003,1064893.0199999998,Third- Party Delivery Services,Restaurant/Grocery/Other Delivery Services
246,AMAZON FRESH,2024-01,ND,53.05,4991.339999999999,Third- Party Delivery Services,Restaurant/Grocery/Other Delivery Services
247,DOORDASH,2024-01,CO,284712.06,10615691.93,Third- Party Delivery Services,Restaurant/Grocery/Other Delivery Services
248,UBEREATS,2024-01,DE,7971.96,260522.81999999995,Third- Party Delivery Services,Restaurant/Grocery/Other Delivery Services
249,INSTACART,2024-01,OR,30264.960000000003,2927568.619999999,Third- Party Delivery Services,Restaurant/Grocery/Other Delivery Services
250,UBEREATS,2024-01,WI,42893.03,1392236.9400000002,Third- Party Delivery Services,Restaurant/Grocery/Other Delivery Services
251,DOORDASH,2024-01,GA,421246.3900000001,13817651.83,Third- Party Delivery Services,Restaurant/Grocery/Other Delivery Services
252,INSTACART,2024-01,NV,21255.92,1794956.73,Third- Party Delivery Services,Restaurant/Grocery/Other Delivery Services
253,GRUBHUB.COM,2024-01,MI,8376.55,331301.9400000001,Third- Party Delivery Services,Restaurant/Grocery/Other Delivery Services
254,DOORDASH,2024-01,DC,39129.37,1464546.9099999997,Third- Party Delivery Services,Restaurant/Grocery/Other Delivery Services
