,BRAND_NAME,MONTH,STATE_ABBR,TRANS_COUNT,SPEND_AMOUNT,INDUSTRY_NAME,SUBINDUSTRY_NAME
0,INSTACART,2025-01,IN,14298.11,1195595.0799999998,Third- Party Delivery Services,Restaurant/Grocery/Other Delivery Services
1,GRUBHUB.COM,2025-03,NJ,65033.26,2301237.2700000005,Third- Party Delivery Services,Restaurant/Grocery/Other Delivery Services
2,GRUBHUB.COM,2025-03,WY,242.39000000000004,9470.79,Third- Party Delivery Services,Restaurant/Grocery/Other Delivery Services
3,INSTACART,2025-02,AZ,53348.94999999999,3941703.85,Third- Party Delivery Services,Restaurant/Grocery/Other Delivery Services
4,AMAZON FRESH,2025-01,MD,21287.84,1343154.5099999998,Third- Party Delivery Services,Restaurant/Grocery/Other Delivery Services
5,AMAZON FRESH,2025-02,RI,2258.8899999999994,218165.19,Third- Party Delivery Services,Restaurant/Grocery/Other Delivery Services
6,INSTACART,2025-02,SD,1984.9999999999995,175447.90000000002,Third- Party Delivery Services,Restaurant/Grocery/Other Delivery Services
7,UBEREATS,2025-02,NC,176891.31999999998,6087520.92,Third- Party Delivery Services,Restaurant/Grocery/Other Delivery Services
8,UBEREATS,2025-03,NJ,315392.5,10716402.519999998,Third- Party Delivery Services,Restaurant/Grocery/Other Delivery Services
9,DOORDASH,2025-02,LA,93670.18,3241399.960000001,Third- Party Delivery Services,Restaurant/Grocery/Other Delivery Services
10,INSTACART,2025-02,CT,49055.44000000001,3354727.4800000004,Third- Party Delivery Services,Restaurant/Grocery/Other Delivery Services
11,INSTACART,2025-03,CT,52255.63000000001,3693768.369999999,Third- Party Delivery Services,Restaurant/Grocery/Other Delivery Services
12,GRUBHUB.COM,2025-03,CT,22754.92,792871.89,Third- Party Delivery Services,Restaurant/Grocery/Other Delivery Services
13,INSTACART,2025-02,CO,33806.47,2862821.33,Third- Party Delivery Services,Restaurant/Grocery/Other Delivery Services
14,UBEREATS,2025-02,OK,26498.689999999995,959645.8099999998,Third- Party Delivery Services,Restaurant/Grocery/Other Delivery Services
15,DOORDASH,2025-02,CO,284676.34,10856813.33,Third- Party Delivery Services,Restaurant/Grocery/Other Delivery Services
16,AMAZON FRESH,2025-02,VA,21545.44,1412662.55,Third- Party Delivery Services,Restaurant/Grocery/Other Delivery Services
17,GRUBHUB.COM,2025-03,TN,10852.029999999995,321073.7200000001,Third- Party Delivery Services,Restaurant/Grocery/Other Delivery Services
18,INSTACART,2025-03,AR,3236.15,252788.11,Third- Party Delivery Services,Restaurant/Grocery/Other Delivery Services
19,INSTACART,2025-02,MT,5149.12,492546.2,Third- Party Delivery Services,Restaurant/Grocery/Other Delivery Services
20,UBEREATS,2025-02,NE,23399.19000000001,825324.26,Third- Party Delivery Services,Restaurant/Grocery/Other Delivery Services
21,AMAZON FRESH,2025-02,IA,1398.56,135846.97,Third- Party Delivery Services,Restaurant/Grocery/Other Delivery Services
22,GRUBHUB.COM,2025-03,NH,1982.01,67942.26000000002,Third- Party Delivery Services,Restaurant/Grocery/Other Delivery Services
23,AMAZON FRESH,2025-02,NH,1054.89,103932.09,Third- Party Delivery Services,Restaurant/Grocery/Other Delivery Services
24,AMAZON FRESH,2025-02,CT,6397.270000000001,646003.3200000001,Third- Party Delivery Services,Restaurant/Grocery/Other Delivery Services
25,DOORDASH,2025-02,MI,85320.29000000001,3119147.7499999995,Third- Party Delivery Services,Restaurant/Grocery/Other Delivery Services
26,DOORDASH,2025-03,IL,262510.84,9351610.84,Third- Party Delivery Services,Restaurant/Grocery/Other Delivery Services
27,INSTACART,2025-03,MS,7836.530000000001,523086.29,Third- Party Delivery Services,Restaurant/Grocery/Other Delivery Services
28,DOORDASH,2025-02,NY,461634.0999999999,16245599.470000004,Third- Party Delivery Services,Restaurant/Grocery/Other Delivery Services
29,DOORDASH,2025-01,WY,31649.4,1135001.43,Third- Party Delivery Services,Restaurant/Grocery/Other Delivery Services
30,UBEREATS,2025-02,WA,161061.80000000002,6685204.589999999,Third- Party Delivery Services,Restaurant/Grocery/Other Delivery Services
31,DOORDASH,2025-03,OR,247925.52000000005,8780899.83,Third- Party Delivery Services,Restaurant/Grocery/Other Delivery Services
32,GRUBHUB.COM,2025-02,KS,5697.300000000001,156739.56,Third- Party Delivery Services,Restaurant/Grocery/Other Delivery Services
33,AMAZON FRESH,2025-01,CT,7390.98,724066.8,Third- Party Delivery Services,Restaurant/Grocery/Other Delivery Services
34,AMAZON FRESH,2025-03,SD,53.73,3755.49,Third- Party Delivery Services,Restaurant/Grocery/Other Delivery Services
35,GRUBHUB.COM,2025-03,OK,5323.859999999999,194307.73,Third- Party Delivery Services,Restaurant/Grocery/Other Delivery Services
36,UBEREATS,2025-01,DE,10352.539999999995,364281.0399999999,Third- Party Delivery Services,Restaurant/Grocery/Other Delivery Services
37,DOORDASH,2025-02,NC,520857.4,18042567.0,Third- Party Delivery Services,Restaurant/Grocery/Other Delivery Services
38,INSTACART,2025-02,FL,249624.16,18568861.760000005,Third- Party Delivery Services,Restaurant/Grocery/Other Delivery Services
39,GRUBHUB.COM,2025-03,MN,13100.8,506812.79999999993,Third- Party Delivery Services,Restaurant/Grocery/Other Delivery Services
40,AMAZON FRESH,2025-01,OK,1236.82,86908.79000000001,Third- Party Delivery Services,Restaurant/Grocery/Other Delivery Services
41,GRUBHUB.COM,2025-01,NV,15055.260000000002,586570.4400000001,Third- Party Delivery Services,Restaurant/Grocery/Other Delivery Services
42,DOORDASH,2025-02,CT,121372.77000000002,4350761.879999999,Third- Party Delivery Services,Restaurant/Grocery/Other Delivery Services
43,DOORDASH,2025-03,VT,5336.329999999999,229821.81,Third- Party Delivery Services,Restaurant/Grocery/Other Delivery Services
44,UBEREATS,2025-01,ME,6080.54,231997.39,Third- Party Delivery Services,Restaurant/Grocery/Other Delivery Services
45,DOORDASH,2025-01,DE,63016.31999999999,2204745.91,Third- Party Delivery Services,Restaurant/Grocery/Other Delivery Services
46,AMAZON FRESH,2025-03,OH,4031.719999999999,311765.83,Third- Party Delivery Services,Restaurant/Grocery/Other Delivery Services
47,DOORDASH,2025-03,MA,142814.83,5410482.2700000005,Third- Party Delivery Services,Restaurant/Grocery/Other Delivery Services
48,GRUBHUB.COM,2025-02,MA,23324.28000000001,808655.5899999999,Third- Party Delivery Services,Restaurant/Grocery/Other Delivery Services
49,GRUBHUB.COM,2025-01,NM,5731.089999999999,218927.6,Third- Party Delivery Services,Restaurant/Grocery/Other Delivery Services
50,INSTACART,2025-03,RI,1986.36,138189.21000000002,Third- Party Delivery Services,Restaurant/Grocery/Other Delivery Services
51,DOORDASH,2025-03,NH,72085.17,2602782.409999999,Third- Party Delivery Services,Restaurant/Grocery/Other Delivery Services
52,GRUBHUB.COM,2025-02,DC,5282.530000000001,173610.44999999998,Third- Party Delivery Services,Restaurant/Grocery/Other Delivery Services
53,GRUBHUB.COM,2025-01,PA,84942.41000000002,3258299.0400000005,Third- Party Delivery Services,Restaurant/Grocery/Other Delivery Services
54,GRUBHUB.COM,2025-03,WV,1991.77,74340.61,Third- Party Delivery Services,Restaurant/Grocery/Other Delivery Services
55,AMAZON FRESH,2025-02,LA,1180.09,89360.94,Third- Party Delivery Services,Restaurant/Grocery/Other Delivery Services
56,UBEREATS,2025-03,VT,2353.51,80895.59000000001,Third- Party Delivery Services,Restaurant/Grocery/Other Delivery Services
57,DOORDASH,2025-01,NC,543055.7999999999,18727004.02,Third- Party Delivery Services,Restaurant/Grocery/Other Delivery Services
58,UBEREATS,2025-02,NJ,279574.54,9454985.970000004,Third- Party Delivery Services,Restaurant/Grocery/Other Delivery Services
59,AMAZON FRESH,2025-02,KS,908.1,84585.69999999998,Third- Party Delivery Services,Restaurant/Grocery/Other Delivery Services
60,GRUBHUB.COM,2025-02,SD,1586.2600000000004,47371.88999999999,Third- Party Delivery Services,Restaurant/Grocery/Other Delivery Services
61,AMAZON FRESH,2025-01,HI,1493.9,133708.71,Third- Party Delivery Services,Restaurant/Grocery/Other Delivery Services
62,DOORDASH,2025-01,MD,334019.9,11784859.420000004,Third- Party Delivery Services,Restaurant/Grocery/Other Delivery Services
63,AMAZON FRESH,2025-03,MD,20476.99,1334004.0900000003,Third- Party Delivery Services,Restaurant/Grocery/Other Delivery Services
64,GRUBHUB.COM,2025-01,HI,1466.98,48329.2,Third- Party Delivery Services,Restaurant/Grocery/Other Delivery Services
65,GRUBHUB.COM,2025-01,KY,2852.89,92890.22,Third- Party Delivery Services,Restaurant/Grocery/Other Delivery Services
66,AMAZON FRESH,2025-03,IL,18893.2,1188202.0800000003,Third- Party Delivery Services,Restaurant/Grocery/Other Delivery Services
67,UBEREATS,2025-03,MD,193448.70000000007,6790457.010000003,Third- Party Delivery Services,Restaurant/Grocery/Other Delivery Services
68,INSTACART,2025-01,VA,103542.96,7932204.970000002,Third- Party Delivery Services,Restaurant/Grocery/Other Delivery Services
69,GRUBHUB.COM,2025-02,MT,1665.9199999999998,37490.01,Third- Party Delivery Services,Restaurant/Grocery/Other Delivery Services
70,INSTACART,2025-02,LA,7514.28,579598.03,Third- Party Delivery Services,Restaurant/Grocery/Other Delivery Services
71,UBEREATS,2025-02,KS,23101.49,810232.6200000002,Third- Party Delivery Services,Restaurant/Grocery/Other Delivery Services
72,INSTACART,2025-01,CA,441782.4199999999,33506036.11,Third- Party Delivery Services,Restaurant/Grocery/Other Delivery Services
73,AMAZON FRESH,2025-01,NY,48994.2,3869276.22,Third- Party Delivery Services,Restaurant/Grocery/Other Delivery Services
74,UBEREATS,2025-02,IN,20106.85,759400.02,Third- Party Delivery Services,Restaurant/Grocery/Other Delivery Services
75,UBEREATS,2025-01,CO,128660.67000000004,4935579.340000001,Third- Party Delivery Services,Restaurant/Grocery/Other Delivery Services
76,AMAZON FRESH,2025-02,KY,747.02,75782.20000000003,Third- Party Delivery Services,Restaurant/Grocery/Other Delivery Services
77,INSTACART,2025-03,KS,10756.420000000002,834195.0500000002,Third- Party Delivery Services,Restaurant/Grocery/Other Delivery Services
78,GRUBHUB.COM,2025-02,VT,220.57,5437.569999999999,Third- Party Delivery Services,Restaurant/Grocery/Other Delivery Services
79,AMAZON FRESH,2025-03,WA,33846.719999999994,2164203.45,Third- Party Delivery Services,Restaurant/Grocery/Other Delivery Services
80,GRUBHUB.COM,2025-01,SD,1475.2,47744.37999999999,Third- Party Delivery Services,Restaurant/Grocery/Other Delivery Services
81,INSTACART,2025-03,TX,147241.81,10885360.900000002,Third- Party Delivery Services,Restaurant/Grocery/Other Delivery Services
82,AMAZON FRESH,2025-02,NY,42820.88,3439226.61,Third- Party Delivery Services,Restaurant/Grocery/Other Delivery Services
83,AMAZON FRESH,2025-01,CO,12357.56,1124021.19,Third- Party Delivery Services,Restaurant/Grocery/Other Delivery Services
84,DOORDASH,2025-02,KS,103141.27,3346612.730000001,Third- Party Delivery Services,Restaurant/Grocery/Other Delivery Services
85,AMAZON FRESH,2025-03,CA,143539.98,9048786.17,Third- Party Delivery Services,Restaurant/Grocery/Other Delivery Services
86,GRUBHUB.COM,2025-01,TN,9162.45,281242.3900000001,Third- Party Delivery Services,Restaurant/Grocery/Other Delivery Services
87,DOORDASH,2025-01,AR,32757.89,1229841.39,Third- Party Delivery Services,Restaurant/Grocery/Other Delivery Services
88,GRUBHUB.COM,2025-02,CT,18515.37,659980.0100000001,Third- Party Delivery Services,Restaurant/Grocery/Other Delivery Services
89,GRUBHUB.COM,2025-03,ND,2000.96,47286.87,Third- Party Delivery Services,Restaurant/Grocery/Other Delivery Services
90,DOORDASH,2025-02,MA,124648.02000000002,4733335.820000001,Third- Party Delivery Services,Restaurant/Grocery/Other Delivery Services
91,UBEREATS,2025-03,PA,275004.44,9518302.34,Third- Party Delivery Services,Restaurant/Grocery/Other Delivery Services
92,UBEREATS,2025-01,SC,78162.87999999999,2873798.39,Third- Party Delivery Services,Restaurant/Grocery/Other Delivery Services
93,AMAZON FRESH,2025-01,NJ,24673.82,1867099.69,Third- Party Delivery Services,Restaurant/Grocery/Other Delivery Services
94,INSTACART,2025-02,TX,137467.50000000003,10044480.820000002,Third- Party Delivery Services,Restaurant/Grocery/Other Delivery Services
95,GRUBHUB.COM,2025-02,AK,1338.47,50001.13000000001,Third- Party Delivery Services,Restaurant/Grocery/Other Delivery Services
96,AMAZON FRESH,2025-01,AL,906.13,74593.48999999999,Third- Party Delivery Services,Restaurant/Grocery/Other Delivery Services
97,INSTACART,2025-02,NM,7533.899999999999,577427.59,Third- Party Delivery Services,Restaurant/Grocery/Other Delivery Services
98,INSTACART,2025-01,NC,145609.85,11046193.68,Third- Party Delivery Services,Restaurant/Grocery/Other Delivery Services
99,AMAZON FRESH,2025-03,NM,1172.3199999999997,107243.64999999997,Third- Party Delivery Services,Restaurant/Grocery/Other Delivery Services
100,GRUBHUB.COM,2025-03,MA,25479.58,909631.99,Third- Party Delivery Services,Restaurant/Grocery/Other Delivery Services
101,UBEREATS,2025-01,WA,170609.02,7128480.579999997,Third- Party Delivery Services,Restaurant/Grocery/Other Delivery Services
102,GRUBHUB.COM,2025-02,NM,5456.539999999999,197626.73000000004,Third- Party Delivery Services,Restaurant/Grocery/Other Delivery Services
103,DOORDASH,2025-03,MD,363230.2,12823449.739999996,Third- Party Delivery Services,Restaurant/Grocery/Other Delivery Services
104,UBEREATS,2025-03,WY,4880.939999999999,198379.37,Third- Party Delivery Services,Restaurant/Grocery/Other Delivery Services
105,AMAZON FRESH,2025-01,LA,1293.08,95901.76,Third- Party Delivery Services,Restaurant/Grocery/Other Delivery Services
106,GRUBHUB.COM,2025-02,ND,2109.87,49056.61,Third- Party Delivery Services,Restaurant/Grocery/Other Delivery Services
107,AMAZON FRESH,2025-01,KS,1027.32,90482.68,Third- Party Delivery Services,Restaurant/Grocery/Other Delivery Services
108,INSTACART,2025-02,MN,47143.62000000001,3947200.04,Third- Party Delivery Services,Restaurant/Grocery/Other Delivery Services
109,GRUBHUB.COM,2025-03,VA,49645.130000000005,1572379.67,Third- Party Delivery Services,Restaurant/Grocery/Other Delivery Services
110,UBEREATS,2025-01,CA,1176227.1700000002,44516599.12000001,Third- Party Delivery Services,Restaurant/Grocery/Other Delivery Services
111,AMAZON FRESH,2025-01,VA,23741.220000000005,1490880.13,Third- Party Delivery Services,Restaurant/Grocery/Other Delivery Services
112,UBEREATS,2025-03,NY,618367.0000000001,21332950.01,Third- Party Delivery Services,Restaurant/Grocery/Other Delivery Services
113,DOORDASH,2025-01,DC,46047.26000000001,1705043.08,Third- Party Delivery Services,Restaurant/Grocery/Other Delivery Services
114,DOORDASH,2025-03,OH,227302.02,7787440.620000001,Third- Party Delivery Services,Restaurant/Grocery/Other Delivery Services
115,AMAZON FRESH,2025-03,VT,69.91,4200.81,Third- Party Delivery Services,Restaurant/Grocery/Other Delivery Services
116,GRUBHUB.COM,2025-02,NE,7437.430000000001,289627.32,Third- Party Delivery Services,Restaurant/Grocery/Other Delivery Services
117,AMAZON FRESH,2025-01,DC,7787.669999999998,575145.76,Third- Party Delivery Services,Restaurant/Grocery/Other Delivery Services
118,INSTACART,2025-01,NM,7978.260000000001,590089.0799999998,Third- Party Delivery Services,Restaurant/Grocery/Other Delivery Services
119,UBEREATS,2025-01,WI,51726.00000000001,1800557.86,Third- Party Delivery Services,Restaurant/Grocery/Other Delivery Services
120,AMAZON FRESH,2025-03,TX,27238.43,2266290.99,Third- Party Delivery Services,Restaurant/Grocery/Other Delivery Services
121,GRUBHUB.COM,2025-02,UT,6899.120000000001,245746.07,Third- Party Delivery Services,Restaurant/Grocery/Other Delivery Services
122,DOORDASH,2025-01,IL,246690.49,8683502.719999999,Third- Party Delivery Services,Restaurant/Grocery/Other Delivery Services
123,UBEREATS,2025-03,OH,49591.78999999999,1780070.5899999994,Third- Party Delivery Services,Restaurant/Grocery/Other Delivery Services
124,DOORDASH,2025-02,CA,2264046.9300000006,86714788.41999999,Third- Party Delivery Services,Restaurant/Grocery/Other Delivery Services
125,INSTACART,2025-03,DE,9850.3,740021.31,Third- Party Delivery Services,Restaurant/Grocery/Other Delivery Services
126,INSTACART,2025-03,IN,13248.709999999995,1082011.4700000002,Third- Party Delivery Services,Restaurant/Grocery/Other Delivery Services
127,UBEREATS,2025-03,KY,13752.100000000004,492150.42,Third- Party Delivery Services,Restaurant/Grocery/Other Delivery Services
128,INSTACART,2025-02,NE,9835.37,727239.5300000001,Third- Party Delivery Services,Restaurant/Grocery/Other Delivery Services
129,AMAZON FRESH,2025-03,DE,530.5099999999999,50398.84000000001,Third- Party Delivery Services,Restaurant/Grocery/Other Delivery Services
130,INSTACART,2025-03,NM,7939.669999999998,622197.9800000001,Third- Party Delivery Services,Restaurant/Grocery/Other Delivery Services
131,INSTACART,2025-03,VT,1483.32,159577.61,Third- Party Delivery Services,Restaurant/Grocery/Other Delivery Services
132,INSTACART,2025-01,IA,11260.499999999996,905563.68,Third- Party Delivery Services,Restaurant/Grocery/Other Delivery Services
133,DOORDASH,2025-03,HI,33307.009999999995,1332548.8999999997,Third- Party Delivery Services,Restaurant/Grocery/Other Delivery Services
134,INSTACART,2025-03,GA,129970.14999999998,9240069.41,Third- Party Delivery Services,Restaurant/Grocery/Other Delivery Services
135,GRUBHUB.COM,2025-01,CO,30210.7,1278941.04,Third- Party Delivery Services,Restaurant/Grocery/Other Delivery Services
136,UBEREATS,2025-03,TN,155560.9,5655686.350000001,Third- Party Delivery Services,Restaurant/Grocery/Other Delivery Services
137,UBEREATS,2025-03,WV,8140.910000000001,263601.08,Third- Party Delivery Services,Restaurant/Grocery/Other Delivery Services
138,INSTACART,2025-01,CT,50665.9,3581845.04,Third- Party Delivery Services,Restaurant/Grocery/Other Delivery Services
139,UBEREATS,2025-02,AZ,179461.93,6198959.51,Third- Party Delivery Services,Restaurant/Grocery/Other Delivery Services
140,GRUBHUB.COM,2025-03,PA,91064.25000000004,3345611.5899999994,Third- Party Delivery Services,Restaurant/Grocery/Other Delivery Services
141,DOORDASH,2025-03,MN,312146.15,11760220.159999998,Third- Party Delivery Services,Restaurant/Grocery/Other Delivery Services
142,INSTACART,2025-03,MO,17289.66,1344902.06,Third- Party Delivery Services,Restaurant/Grocery/Other Delivery Services
143,INSTACART,2025-02,MI,16142.4,1239011.05,Third- Party Delivery Services,Restaurant/Grocery/Other Delivery Services
144,INSTACART,2025-02,ND,4454.56,365657.25,Third- Party Delivery Services,Restaurant/Grocery/Other Delivery Services
145,GRUBHUB.COM,2025-02,IL,33340.77999999999,1320013.4299999997,Third- Party Delivery Services,Restaurant/Grocery/Other Delivery Services
146,DOORDASH,2025-02,IN,74968.75,2769975.2,Third- Party Delivery Services,Restaurant/Grocery/Other Delivery Services
147,GRUBHUB.COM,2025-03,FL,53830.94000000001,1287835.16,Third- Party Delivery Services,Restaurant/Grocery/Other Delivery Services
148,UBEREATS,2025-03,GA,322032.84999999986,11297470.900000002,Third- Party Delivery Services,Restaurant/Grocery/Other Delivery Services
149,AMAZON FRESH,2025-02,WI,3334.94,289525.0,Third- Party Delivery Services,Restaurant/Grocery/Other Delivery Services
150,GRUBHUB.COM,2025-03,CO,31598.740000000005,1299968.2100000002,Third- Party Delivery Services,Restaurant/Grocery/Other Delivery Services
151,AMAZON FRESH,2025-02,FL,17340.64,1449907.64,Third- Party Delivery Services,Restaurant/Grocery/Other Delivery Services
152,INSTACART,2025-03,WI,35003.31,2664329.2800000007,Third- Party Delivery Services,Restaurant/Grocery/Other Delivery Services
153,INSTACART,2025-03,MI,16522.65,1326632.5,Third- Party Delivery Services,Restaurant/Grocery/Other Delivery Services
154,GRUBHUB.COM,2025-02,MS,3469.04,81140.98,Third- Party Delivery Services,Restaurant/Grocery/Other Delivery Services
155,DOORDASH,2025-03,DC,48011.07000000001,1802885.08,Third- Party Delivery Services,Restaurant/Grocery/Other Delivery Services
156,UBEREATS,2025-01,VT,2261.63,81668.0,Third- Party Delivery Services,Restaurant/Grocery/Other Delivery Services
157,UBEREATS,2025-02,PA,243320.05,8420689.69,Third- Party Delivery Services,Restaurant/Grocery/Other Delivery Services
158,AMAZON FRESH,2025-02,MN,8084.21,660797.6,Third- Party Delivery Services,Restaurant/Grocery/Other Delivery Services
159,UBEREATS,2025-03,NM,18571.45,681181.32,Third- Party Delivery Services,Restaurant/Grocery/Other Delivery Services
160,INSTACART,2025-02,MD,75573.70000000001,5170276.099999999,Third- Party Delivery Services,Restaurant/Grocery/Other Delivery Services
161,UBEREATS,2025-01,GA,290203.08,10228287.980000002,Third- Party Delivery Services,Restaurant/Grocery/Other Delivery Services
162,INSTACART,2025-02,UT,19096.71,1751690.2299999995,Third- Party Delivery Services,Restaurant/Grocery/Other Delivery Services
163,DOORDASH,2025-03,IA,176999.98,6213989.920000002,Third- Party Delivery Services,Restaurant/Grocery/Other Delivery Services
164,DOORDASH,2025-02,VA,425029.47,15093915.95,Third- Party Delivery Services,Restaurant/Grocery/Other Delivery Services
165,INSTACART,2025-02,NC,133999.65000000002,10130126.45,Third- Party Delivery Services,Restaurant/Grocery/Other Delivery Services
166,AMAZON FRESH,2025-03,WY,204.5300000000001,15480.030000000002,Third- Party Delivery Services,Restaurant/Grocery/Other Delivery Services
167,DOORDASH,2025-01,KY,93020.26,3009350.08,Third- Party Delivery Services,Restaurant/Grocery/Other Delivery Services
168,UBEREATS,2025-02,NM,16110.359999999995,573060.27,Third- Party Delivery Services,Restaurant/Grocery/Other Delivery Services
169,AMAZON FRESH,2025-01,DE,609.38,47008.04,Third- Party Delivery Services,Restaurant/Grocery/Other Delivery Services
170,INSTACART,2025-02,NJ,85819.56999999999,6191919.879999999,Third- Party Delivery Services,Restaurant/Grocery/Other Delivery Services
171,DOORDASH,2025-01,MI,90660.97,3312980.2499999995,Third- Party Delivery Services,Restaurant/Grocery/Other Delivery Services
172,INSTACART,2025-03,TN,63399.89000000001,4994235.769999999,Third- Party Delivery Services,Restaurant/Grocery/Other Delivery Services
173,DOORDASH,2025-03,CT,140649.47999999998,5027906.140000001,Third- Party Delivery Services,Restaurant/Grocery/Other Delivery Services
174,UBEREATS,2025-01,NY,577575.72,20086086.85,Third- Party Delivery Services,Restaurant/Grocery/Other Delivery Services
175,UBEREATS,2025-02,UT,33283.32,1112607.49,Third- Party Delivery Services,Restaurant/Grocery/Other Delivery Services
176,AMAZON FRESH,2025-03,MO,1186.71,118675.87000000002,Third- Party Delivery Services,Restaurant/Grocery/Other Delivery Services
177,GRUBHUB.COM,2025-03,NV,14961.600000000002,573292.4300000002,Third- Party Delivery Services,Restaurant/Grocery/Other Delivery Services
178,GRUBHUB.COM,2025-02,CO,28834.810000000005,1166381.3200000003,Third- Party Delivery Services,Restaurant/Grocery/Other Delivery Services
179,GRUBHUB.COM,2025-03,CA,161490.05,6189662.97,Third- Party Delivery Services,Restaurant/Grocery/Other Delivery Services
180,AMAZON FRESH,2025-02,CO,11440.97,1059281.3700000003,Third- Party Delivery Services,Restaurant/Grocery/Other Delivery Services
181,DOORDASH,2025-01,MT,55760.45,1976307.97,Third- Party Delivery Services,Restaurant/Grocery/Other Delivery Services
182,UBEREATS,2025-01,OH,45119.68,1592344.7500000002,Third- Party Delivery Services,Restaurant/Grocery/Other Delivery Services
183,INSTACART,2025-01,ID,7657.109999999999,768967.3700000001,Third- Party Delivery Services,Restaurant/Grocery/Other Delivery Services
184,DOORDASH,2025-02,TX,1330988.7200000002,45613147.78000001,Third- Party Delivery Services,Restaurant/Grocery/Other Delivery Services
185,DOORDASH,2025-02,AR,32510.73,1215109.5199999998,Third- Party Delivery Services,Restaurant/Grocery/Other Delivery Services
186,DOORDASH,2025-01,VT,5685.25,228944.51000000004,Third- Party Delivery Services,Restaurant/Grocery/Other Delivery Services
187,UBEREATS,2025-02,GA,287449.08,9988838.4,Third- Party Delivery Services,Restaurant/Grocery/Other Delivery Services
188,AMAZON FRESH,2025-01,WV,251.01,14497.72,Third- Party Delivery Services,Restaurant/Grocery/Other Delivery Services
189,AMAZON FRESH,2025-02,NJ,22544.78,1703410.35,Third- Party Delivery Services,Restaurant/Grocery/Other Delivery Services
190,DOORDASH,2025-01,IA,168535.72000000006,5822084.0,Third- Party Delivery Services,Restaurant/Grocery/Other Delivery Services
191,INSTACART,2025-03,MA,29099.13000000001,2223774.1099999994,Third- Party Delivery Services,Restaurant/Grocery/Other Delivery Services
192,UBEREATS,2025-03,IN,24647.94,960159.1,Third- Party Delivery Services,Restaurant/Grocery/Other Delivery Services
193,DOORDASH,2025-02,UT,186029.71000000005,6200092.019999998,Third- Party Delivery Services,Restaurant/Grocery/Other Delivery Services
194,UBEREATS,2025-02,VT,2104.61,68249.91,Third- Party Delivery Services,Restaurant/Grocery/Other Delivery Services
195,INSTACART,2025-01,WY,1067.5500000000002,76797.4,Third- Party Delivery Services,Restaurant/Grocery/Other Delivery Services
196,AMAZON FRESH,2025-01,MS,683.78,49053.97,Third- Party Delivery Services,Restaurant/Grocery/Other Delivery Services
197,UBEREATS,2025-03,HI,23892.17000000001,888426.9899999998,Third- Party Delivery Services,Restaurant/Grocery/Other Delivery Services
198,DOORDASH,2025-01,VA,447966.5199999999,15770587.69,Third- Party Delivery Services,Restaurant/Grocery/Other Delivery Services
199,UBEREATS,2025-02,ND,5759.879999999999,194805.75,Third- Party Delivery Services,Restaurant/Grocery/Other Delivery Services
200,DOORDASH,2025-01,OH,210545.03,7130822.44,Third- Party Delivery Services,Restaurant/Grocery/Other Delivery Services
201,AMAZON FRESH,2025-01,WY,230.50000000000003,18404.16,Third- Party Delivery Services,Restaurant/Grocery/Other Delivery Services
202,DOORDASH,2025-01,CO,304401.03,11602076.82,Third- Party Delivery Services,Restaurant/Grocery/Other Delivery Services
203,DOORDASH,2025-02,NM,94359.10999999996,3332480.38,Third- Party Delivery Services,Restaurant/Grocery/Other Delivery Services
204,UBEREATS,2025-01,MN,69913.39,2539645.1700000004,Third- Party Delivery Services,Restaurant/Grocery/Other Delivery Services
205,AMAZON FRESH,2025-02,VT,127.92,10486.91,Third- Party Delivery Services,Restaurant/Grocery/Other Delivery Services
206,GRUBHUB.COM,2025-03,IN,8294.189999999999,257363.19,Third- Party Delivery Services,Restaurant/Grocery/Other Delivery Services
207,INSTACART,2025-02,ID,7541.720000000002,700406.65,Third- Party Delivery Services,Restaurant/Grocery/Other Delivery Services
208,DOORDASH,2025-02,PA,592748.6000000001,21326878.340000004,Third- Party Delivery Services,Restaurant/Grocery/Other Delivery Services
209,INSTACART,2025-02,RI,2359.7400000000007,156231.37,Third- Party Delivery Services,Restaurant/Grocery/Other Delivery Services
210,UBEREATS,2025-01,DC,62010.15,2388355.600000001,Third- Party Delivery Services,Restaurant/Grocery/Other Delivery Services
211,GRUBHUB.COM,2025-02,MN,12497.389999999996,472067.4499999999,Third- Party Delivery Services,Restaurant/Grocery/Other Delivery Services
212,INSTACART,2025-01,ME,2156.7500000000005,185244.46,Third- Party Delivery Services,Restaurant/Grocery/Other Delivery Services
213,DOORDASH,2025-03,SD,40631.27,1469295.4499999995,Third- Party Delivery Services,Restaurant/Grocery/Other Delivery Services
214,DOORDASH,2025-01,AL,206334.46,7049382.899999999,Third- Party Delivery Services,Restaurant/Grocery/Other Delivery Services
215,INSTACART,2025-03,PA,126073.81999999996,8998353.52,Third- Party Delivery Services,Restaurant/Grocery/Other Delivery Services
216,INSTACART,2025-01,NY,171183.05999999997,12425872.68,Third- Party Delivery Services,Restaurant/Grocery/Other Delivery Services
217,GRUBHUB.COM,2025-01,GA,23501.29,754487.75,Third- Party Delivery Services,Restaurant/Grocery/Other Delivery Services
218,AMAZON FRESH,2025-01,SD,76.61000000000001,5019.99,Third- Party Delivery Services,Restaurant/Grocery/Other Delivery Services
219,INSTACART,2025-01,RI,2448.86,176794.21999999994,Third- Party Delivery Services,Restaurant/Grocery/Other Delivery Services
220,UBEREATS,2025-01,OR,105421.69000000002,3732165.68,Third- Party Delivery Services,Restaurant/Grocery/Other Delivery Services
221,AMAZON FRESH,2025-01,WI,4049.7400000000007,336581.23000000004,Third- Party Delivery Services,Restaurant/Grocery/Other Delivery Services
222,AMAZON FRESH,2025-01,UT,1438.2600000000002,120934.80000000006,Third- Party Delivery Services,Restaurant/Grocery/Other Delivery Services
223,INSTACART,2025-01,OK,11344.939999999997,826817.0599999999,Third- Party Delivery Services,Restaurant/Grocery/Other Delivery Services
224,GRUBHUB.COM,2025-01,OK,4972.259999999999,181546.98,Third- Party Delivery Services,Restaurant/Grocery/Other Delivery Services
225,GRUBHUB.COM,2025-01,CA,153743.13000000003,6012736.490000001,Third- Party Delivery Services,Restaurant/Grocery/Other Delivery Services
226,AMAZON FRESH,2025-02,MS,614.1199999999999,42483.07,Third- Party Delivery Services,Restaurant/Grocery/Other Delivery Services
227,GRUBHUB.COM,2025-01,AL,6787.569999999998,194073.12,Third- Party Delivery Services,Restaurant/Grocery/Other Delivery Services
228,DOORDASH,2025-03,FL,793057.5000000001,27148977.05,Third- Party Delivery Services,Restaurant/Grocery/Other Delivery Services
229,GRUBHUB.COM,2025-03,MT,1590.0700000000002,36992.9,Third- Party Delivery Services,Restaurant/Grocery/Other Delivery Services
230,UBEREATS,2025-02,MD,174309.62000000002,6002003.93,Third- Party Delivery Services,Restaurant/Grocery/Other Delivery Services
231,AMAZON FRESH,2025-03,RI,2048.3700000000003,243515.31,Third- Party Delivery Services,Restaurant/Grocery/Other Delivery Services
232,DOORDASH,2025-03,WV,56807.9,1999380.2299999995,Third- Party Delivery Services,Restaurant/Grocery/Other Delivery Services
233,UBEREATS,2025-03,DE,12236.940000000002,426584.0200000001,Third- Party Delivery Services,Restaurant/Grocery/Other Delivery Services
234,DOORDASH,2025-03,SC,255100.43000000005,8982892.060000002,Third- Party Delivery Services,Restaurant/Grocery/Other Delivery Services
235,INSTACART,2025-02,NY,160666.43,11293547.49,Third- Party Delivery Services,Restaurant/Grocery/Other Delivery Services
236,AMAZON FRESH,2025-01,MA,11341.15,1056963.4999999998,Third- Party Delivery Services,Restaurant/Grocery/Other Delivery Services
237,DOORDASH,2025-03,RI,13559.080000000002,520034.3300000001,Third- Party Delivery Services,Restaurant/Grocery/Other Delivery Services
238,UBEREATS,2025-02,NY,545183.83,19011620.23,Third- Party Delivery Services,Restaurant/Grocery/Other Delivery Services
239,AMAZON FRESH,2025-03,OR,7471.370000000001,582551.7399999999,Third- Party Delivery Services,Restaurant/Grocery/Other Delivery Services
240,INSTACART,2025-01,OH,25073.33,1802003.8,Third- Party Delivery Services,Restaurant/Grocery/Other Delivery Services
241,INSTACART,2025-02,MO,17125.51,1349811.5599999998,Third- Party Delivery Services,Restaurant/Grocery/Other Delivery Services
242,UBEREATS,2025-01,UT,34931.62,1174125.35,Third- Party Delivery Services,Restaurant/Grocery/Other Delivery Services
243,UBEREATS,2025-02,IA,23658.83,884468.7900000002,Third- Party Delivery Services,Restaurant/Grocery/Other Delivery Services
244,INSTACART,2025-02,SC,58001.00999999999,4324072.11,Third- Party Delivery Services,Restaurant/Grocery/Other Delivery Services
245,UBEREATS,2025-01,AK,5907.719999999998,221102.81999999995,Third- Party Delivery Services,Restaurant/Grocery/Other Delivery Services
246,AMAZON FRESH,2025-02,AZ,7438.88,585087.42,Third- Party Delivery Services,Restaurant/Grocery/Other Delivery Services
247,INSTACART,2025-03,AK,4997.929999999999,506086.6499999999,Third- Party Delivery Services,Restaurant/Grocery/Other Delivery Services
248,DOORDASH,2025-03,IN,86065.96,3169508.369999999,Third- Party Delivery Services,Restaurant/Grocery/Other Delivery Services
249,GRUBHUB.COM,2025-01,NC,31619.98,987895.17,Third- Party Delivery Services,Restaurant/Grocery/Other Delivery Services
250,INSTACART,2025-03,NE,10204.61,779467.86,Third- Party Delivery Services,Restaurant/Grocery/Other Delivery Services
251,DOORDASH,2025-01,WV,47172.75000000001,1672141.8,Third- Party Delivery Services,Restaurant/Grocery/Other Delivery Services
252,GRUBHUB.COM,2025-03,MI,8593.960000000001,309669.5299999999,Third- Party Delivery Services,Restaurant/Grocery/Other Delivery Services
253,AMAZON FRESH,2025-01,MI,2565.9600000000005,188786.24000000005,Third- Party Delivery Services,Restaurant/Grocery/Other Delivery Services
254,AMAZON FRESH,2025-03,IA,1356.5200000000002,144980.03999999998,Third- Party Delivery Services,Restaurant/Grocery/Other Delivery Services
255,UBEREATS,2025-02,OR,96783.64,3437153.01,Third- Party Delivery Services,Restaurant/Grocery/Other Delivery Services
256,GRUBHUB.COM,2025-03,AZ,26268.77999999999,873626.1399999999,Third- Party Delivery Services,Restaurant/Grocery/Other Delivery Services
257,AMAZON FRESH,2025-01,MN,8730.150000000001,713270.7499999999,Third- Party Delivery Services,Restaurant/Grocery/Other Delivery Services
258,UBEREATS,2025-02,CO,122578.37,4662905.22,Third- Party Delivery Services,Restaurant/Grocery/Other Delivery Services
259,UBEREATS,2025-02,MT,11543.55,423327.26,Third- Party Delivery Services,Restaurant/Grocery/Other Delivery Services
260,DOORDASH,2025-01,SD,38139.39,1365133.39,Third- Party Delivery Services,Restaurant/Grocery/Other Delivery Services
261,UBEREATS,2025-01,TN,138117.83000000002,5049127.39,Third- Party Delivery Services,Restaurant/Grocery/Other Delivery Services
262,UBEREATS,2025-03,DC,67976.79,2595187.62,Third- Party Delivery Services,Restaurant/Grocery/Other Delivery Services
263,GRUBHUB.COM,2025-03,ID,2241.2899999999995,88548.68000000001,Third- Party Delivery Services,Restaurant/Grocery/Other Delivery Services
264,DOORDASH,2025-03,TN,275494.34,9669532.169999998,Third- Party Delivery Services,Restaurant/Grocery/Other Delivery Services
265,DOORDASH,2025-02,ME,20467.470000000005,779055.92,Third- Party Delivery Services,Restaurant/Grocery/Other Delivery Services
266,AMAZON FRESH,2025-03,CO,11565.360000000004,1123710.52,Third- Party Delivery Services,Restaurant/Grocery/Other Delivery Services
267,UBEREATS,2025-03,WA,177826.38,7405916.76,Third- Party Delivery Services,Restaurant/Grocery/Other Delivery Services
268,UBEREATS,2025-03,NC,198048.4,6878391.98,Third- Party Delivery Services,Restaurant/Grocery/Other Delivery Services
269,GRUBHUB.COM,2025-02,AZ,25079.81,801922.9399999998,Third- Party Delivery Services,Restaurant/Grocery/Other Delivery Services
270,INSTACART,2025-02,PA,120023.28,8334334.229999999,Third- Party Delivery Services,Restaurant/Grocery/Other Delivery Services
271,INSTACART,2025-03,DC,16046.76,1102306.0600000003,Third- Party Delivery Services,Restaurant/Grocery/Other Delivery Services
272,DOORDASH,2025-02,TN,244166.25,8535213.47,Third- Party Delivery Services,Restaurant/Grocery/Other Delivery Services
273,UBEREATS,2025-01,MO,25130.790000000005,961362.34,Third- Party Delivery Services,Restaurant/Grocery/Other Delivery Services
274,AMAZON FRESH,2025-01,NV,5709.82,434912.27000000014,Third- Party Delivery Services,Restaurant/Grocery/Other Delivery Services
275,AMAZON FRESH,2025-02,AR,575.84,50870.38,Third- Party Delivery Services,Restaurant/Grocery/Other Delivery Services
276,AMAZON FRESH,2025-03,CT,7337.609999999999,732931.6200000001,Third- Party Delivery Services,Restaurant/Grocery/Other Delivery Services
277,GRUBHUB.COM,2025-01,WV,1775.46,64082.64000000001,Third- Party Delivery Services,Restaurant/Grocery/Other Delivery Services
278,UBEREATS,2025-03,FL,907506.62,32615112.65,Third- Party Delivery Services,Restaurant/Grocery/Other Delivery Services
279,DOORDASH,2025-02,NJ,431861.17,15226300.02,Third- Party Delivery Services,Restaurant/Grocery/Other Delivery Services
280,DOORDASH,2025-01,WA,394383.5899999999,15589194.569999997,Third- Party Delivery Services,Restaurant/Grocery/Other Delivery Services
281,INSTACART,2025-01,TN,62378.43999999999,4941423.55,Third- Party Delivery Services,Restaurant/Grocery/Other Delivery Services
282,GRUBHUB.COM,2025-03,KY,2940.38,91918.41,Third- Party Delivery Services,Restaurant/Grocery/Other Delivery Services
283,GRUBHUB.COM,2025-03,NM,5747.609999999999,214453.67,Third- Party Delivery Services,Restaurant/Grocery/Other Delivery Services
284,UBEREATS,2025-02,ME,4636.25,190504.04,Third- Party Delivery Services,Restaurant/Grocery/Other Delivery Services
285,UBEREATS,2025-01,NV,125512.8,4562401.97,Third- Party Delivery Services,Restaurant/Grocery/Other Delivery Services
286,GRUBHUB.COM,2025-01,KS,4170.46,130240.58,Third- Party Delivery Services,Restaurant/Grocery/Other Delivery Services
287,INSTACART,2025-02,AK,4317.19,460321.29,Third- Party Delivery Services,Restaurant/Grocery/Other Delivery Services
288,INSTACART,2025-02,TN,59109.32,4595433.510000001,Third- Party Delivery Services,Restaurant/Grocery/Other Delivery Services
289,UBEREATS,2025-03,NH,8933.609999999999,378294.5399999999,Third- Party Delivery Services,Restaurant/Grocery/Other Delivery Services
290,AMAZON FRESH,2025-03,WI,4167.120000000001,334486.86,Third- Party Delivery Services,Restaurant/Grocery/Other Delivery Services
291,DOORDASH,2025-02,NH,65084.27,2353701.5300000007,Third- Party Delivery Services,Restaurant/Grocery/Other Delivery Services
292,DOORDASH,2025-03,AR,37474.21000000001,1418786.41,Third- Party Delivery Services,Restaurant/Grocery/Other Delivery Services
293,AMAZON FRESH,2025-02,ND,47.11000000000001,2495.63,Third- Party Delivery Services,Restaurant/Grocery/Other Delivery Services
294,UBEREATS,2025-01,TX,846800.86,29067889.68,Third- Party Delivery Services,Restaurant/Grocery/Other Delivery Services
295,AMAZON FRESH,2025-01,OR,7704.96,607130.71,Third- Party Delivery Services,Restaurant/Grocery/Other Delivery Services
296,DOORDASH,2025-03,DE,67601.43999999999,2360566.23,Third- Party Delivery Services,Restaurant/Grocery/Other Delivery Services
297,GRUBHUB.COM,2025-03,WI,11756.29,452849.23,Third- Party Delivery Services,Restaurant/Grocery/Other Delivery Services
298,DOORDASH,2025-02,HI,31683.230000000003,1202359.68,Third- Party Delivery Services,Restaurant/Grocery/Other Delivery Services
299,UBEREATS,2025-01,AL,47111.51999999999,1621762.2600000002,Third- Party Delivery Services,Restaurant/Grocery/Other Delivery Services
300,GRUBHUB.COM,2025-01,MO,5526.670000000001,213368.97000000003,Third- Party Delivery Services,Restaurant/Grocery/Other Delivery Services
301,UBEREATS,2025-01,OK,28816.450000000004,1058283.16,Third- Party Delivery Services,Restaurant/Grocery/Other Delivery Services
302,GRUBHUB.COM,2025-01,FL,52407.11000000001,1325158.71,Third- Party Delivery Services,Restaurant/Grocery/Other Delivery Services
303,INSTACART,2025-02,OH,23347.71,1583583.15,Third- Party Delivery Services,Restaurant/Grocery/Other Delivery Services
304,AMAZON FRESH,2025-02,NV,5210.89,398046.13,Third- Party Delivery Services,Restaurant/Grocery/Other Delivery Services
305,INSTACART,2025-03,CA,466688.6599999999,35174553.08,Third- Party Delivery Services,Restaurant/Grocery/Other Delivery Services
306,INSTACART,2025-01,WI,33980.75000000001,2548796.9200000004,Third- Party Delivery Services,Restaurant/Grocery/Other Delivery Services
307,DOORDASH,2025-01,PA,630054.6000000001,22407589.37,Third- Party Delivery Services,Restaurant/Grocery/Other Delivery Services
308,UBEREATS,2025-03,SC,87384.14,3195506.1100000003,Third- Party Delivery Services,Restaurant/Grocery/Other Delivery Services
309,UBEREATS,2025-01,KY,11539.039999999995,423207.11,Third- Party Delivery Services,Restaurant/Grocery/Other Delivery Services
310,AMAZON FRESH,2025-02,NE,1290.0600000000002,103756.79,Third- Party Delivery Services,Restaurant/Grocery/Other Delivery Services
311,GRUBHUB.COM,2025-02,WY,246.27000000000004,10417.5,Third- Party Delivery Services,Restaurant/Grocery/Other Delivery Services
312,GRUBHUB.COM,2025-02,WI,10599.090000000002,392609.98999999993,Third- Party Delivery Services,Restaurant/Grocery/Other Delivery Services
313,AMAZON FRESH,2025-01,MO,1385.2800000000002,127819.2,Third- Party Delivery Services,Restaurant/Grocery/Other Delivery Services
314,INSTACART,2025-02,IL,50687.66,3594085.06,Third- Party Delivery Services,Restaurant/Grocery/Other Delivery Services
315,GRUBHUB.COM,2025-01,MN,13528.629999999996,525642.74,Third- Party Delivery Services,Restaurant/Grocery/Other Delivery Services
316,DOORDASH,2025-01,OR,233872.5,8152500.08,Third- Party Delivery Services,Restaurant/Grocery/Other Delivery Services
317,UBEREATS,2025-01,LA,30778.050000000007,1150788.26,Third- Party Delivery Services,Restaurant/Grocery/Other Delivery Services
318,INSTACART,2025-01,MO,17633.46,1393754.9700000004,Third- Party Delivery Services,Restaurant/Grocery/Other Delivery Services
319,AMAZON FRESH,2025-03,AZ,8247.859999999999,649278.8200000001,Third- Party Delivery Services,Restaurant/Grocery/Other Delivery Services
320,INSTACART,2025-01,NV,26325.3,1912652.51,Third- Party Delivery Services,Restaurant/Grocery/Other Delivery Services
321,DOORDASH,2025-03,MO,117075.34,4238870.74,Third- Party Delivery Services,Restaurant/Grocery/Other Delivery Services
322,UBEREATS,2025-01,WY,4174.63,174053.63,Third- Party Delivery Services,Restaurant/Grocery/Other Delivery Services
323,GRUBHUB.COM,2025-02,FL,50769.320000000014,1180116.4200000002,Third- Party Delivery Services,Restaurant/Grocery/Other Delivery Services
324,DOORDASH,2025-01,OK,164686.99000000005,5523090.399999999,Third- Party Delivery Services,Restaurant/Grocery/Other Delivery Services
325,INSTACART,2025-01,GA,135703.93,9652577.98,Third- Party Delivery Services,Restaurant/Grocery/Other Delivery Services
326,GRUBHUB.COM,2025-01,AZ,25043.570000000003,856039.1100000002,Third- Party Delivery Services,Restaurant/Grocery/Other Delivery Services
327,UBEREATS,2025-03,WI,55930.49000000001,1984970.8600000003,Third- Party Delivery Services,Restaurant/Grocery/Other Delivery Services
328,DOORDASH,2025-02,MN,284894.0999999999,10693348.920000002,Third- Party Delivery Services,Restaurant/Grocery/Other Delivery Services
329,GRUBHUB.COM,2025-02,MO,5466.18,198972.91,Third- Party Delivery Services,Restaurant/Grocery/Other Delivery Services
330,INSTACART,2025-01,MN,49724.71,4073983.409999999,Third- Party Delivery Services,Restaurant/Grocery/Other Delivery Services
331,AMAZON FRESH,2025-02,TX,24851.29,2115548.74,Third- Party Delivery Services,Restaurant/Grocery/Other Delivery Services
332,DOORDASH,2025-03,ID,83267.91,2847781.01,Third- Party Delivery Services,Restaurant/Grocery/Other Delivery Services
333,AMAZON FRESH,2025-01,CA,135272.13000000003,8572285.66,Third- Party Delivery Services,Restaurant/Grocery/Other Delivery Services
334,AMAZON FRESH,2025-02,MO,1242.7700000000004,110601.29,Third- Party Delivery Services,Restaurant/Grocery/Other Delivery Services
335,DOORDASH,2025-02,WI,195748.63000000003,6807056.42,Third- Party Delivery Services,Restaurant/Grocery/Other Delivery Services
336,UBEREATS,2025-01,MD,183361.72000000003,6497629.83,Third- Party Delivery Services,Restaurant/Grocery/Other Delivery Services
337,AMAZON FRESH,2025-02,MI,2086.49,152128.75,Third- Party Delivery Services,Restaurant/Grocery/Other Delivery Services
338,UBEREATS,2025-03,AL,53199.96000000002,1820159.69,Third- Party Delivery Services,Restaurant/Grocery/Other Delivery Services
339,UBEREATS,2025-02,SC,77110.67000000001,2784823.74,Third- Party Delivery Services,Restaurant/Grocery/Other Delivery Services
340,DOORDASH,2025-03,CA,2564312.04,98703383.4,Third- Party Delivery Services,Restaurant/Grocery/Other Delivery Services
341,AMAZON FRESH,2025-02,SD,61.82,5503.9,Third- Party Delivery Services,Restaurant/Grocery/Other Delivery Services
342,DOORDASH,2025-01,HI,33161.43000000001,1250720.3599999996,Third- Party Delivery Services,Restaurant/Grocery/Other Delivery Services
343,GRUBHUB.COM,2025-01,LA,2996.82,93002.63,Third- Party Delivery Services,Restaurant/Grocery/Other Delivery Services
344,AMAZON FRESH,2025-03,GA,9241.42,792389.4200000002,Third- Party Delivery Services,Restaurant/Grocery/Other Delivery Services
345,INSTACART,2025-03,UT,20846.76,1979293.27,Third- Party Delivery Services,Restaurant/Grocery/Other Delivery Services
346,INSTACART,2025-01,SD,2110.13,195244.58,Third- Party Delivery Services,Restaurant/Grocery/Other Delivery Services
347,INSTACART,2025-01,NJ,92053.32,6822573.160000002,Third- Party Delivery Services,Restaurant/Grocery/Other Delivery Services
348,INSTACART,2025-03,CO,35272.49999999999,3093455.4,Third- Party Delivery Services,Restaurant/Grocery/Other Delivery Services
349,AMAZON FRESH,2025-01,OH,4118.429999999999,316104.07,Third- Party Delivery Services,Restaurant/Grocery/Other Delivery Services
350,UBEREATS,2025-03,ME,6204.89,231341.19,Third- Party Delivery Services,Restaurant/Grocery/Other Delivery Services
351,INSTACART,2025-02,DC,14191.100000000002,952450.42,Third- Party Delivery Services,Restaurant/Grocery/Other Delivery Services
352,AMAZON FRESH,2025-03,PA,29316.78,2000175.36,Third- Party Delivery Services,Restaurant/Grocery/Other Delivery Services
353,GRUBHUB.COM,2025-01,VA,45027.96000000001,1494797.6800000002,Third- Party Delivery Services,Restaurant/Grocery/Other Delivery Services
354,GRUBHUB.COM,2025-03,IA,9721.03,388022.3000000001,Third- Party Delivery Services,Restaurant/Grocery/Other Delivery Services
355,INSTACART,2025-02,WA,68195.92,5848695.27,Third- Party Delivery Services,Restaurant/Grocery/Other Delivery Services
356,GRUBHUB.COM,2025-01,MT,1537.4200000000003,37334.22,Third- Party Delivery Services,Restaurant/Grocery/Other Delivery Services
357,GRUBHUB.COM,2025-01,VT,156.72,6823.709999999999,Third- Party Delivery Services,Restaurant/Grocery/Other Delivery Services
358,AMAZON FRESH,2025-02,ME,938.36,75175.51000000002,Third- Party Delivery Services,Restaurant/Grocery/Other Delivery Services
359,GRUBHUB.COM,2025-01,MS,2961.78,73538.36000000002,Third- Party Delivery Services,Restaurant/Grocery/Other Delivery Services
360,AMAZON FRESH,2025-01,WA,32668.53999999999,2133465.7299999995,Third- Party Delivery Services,Restaurant/Grocery/Other Delivery Services
361,UBEREATS,2025-01,AR,8611.55,312633.71,Third- Party Delivery Services,Restaurant/Grocery/Other Delivery Services
362,DOORDASH,2025-02,DC,43136.33,1604747.3099999996,Third- Party Delivery Services,Restaurant/Grocery/Other Delivery Services
363,AMAZON FRESH,2025-03,FL,19311.75,1590709.25,Third- Party Delivery Services,Restaurant/Grocery/Other Delivery Services
364,GRUBHUB.COM,2025-02,GA,24564.94,734530.17,Third- Party Delivery Services,Restaurant/Grocery/Other Delivery Services
365,DOORDASH,2025-02,GA,440955.07000000007,14859535.78,Third- Party Delivery Services,Restaurant/Grocery/Other Delivery Services
366,GRUBHUB.COM,2025-02,MD,38540.27,1252772.05,Third- Party Delivery Services,Restaurant/Grocery/Other Delivery Services
367,INSTACART,2025-02,NH,8322.089999999998,546838.65,Third- Party Delivery Services,Restaurant/Grocery/Other Delivery Services
368,AMAZON FRESH,2025-01,TX,27150.580000000005,2249759.18,Third- Party Delivery Services,Restaurant/Grocery/Other Delivery Services
369,DOORDASH,2025-03,KS,118746.79000000002,3893100.94,Third- Party Delivery Services,Restaurant/Grocery/Other Delivery Services
370,AMAZON FRESH,2025-01,ND,34.38,2292.67,Third- Party Delivery Services,Restaurant/Grocery/Other Delivery Services
371,GRUBHUB.COM,2025-03,DE,4263.64,121101.82,Third- Party Delivery Services,Restaurant/Grocery/Other Delivery Services
372,INSTACART,2025-02,VA,96245.36,7212461.210000001,Third- Party Delivery Services,Restaurant/Grocery/Other Delivery Services
373,DOORDASH,2025-02,MD,318313.63,11303378.98,Third- Party Delivery Services,Restaurant/Grocery/Other Delivery Services
374,AMAZON FRESH,2025-03,SC,2473.9299999999994,236698.10000000003,Third- Party Delivery Services,Restaurant/Grocery/Other Delivery Services
375,UBEREATS,2025-02,AR,7765.769999999999,288396.5400000001,Third- Party Delivery Services,Restaurant/Grocery/Other Delivery Services
376,INSTACART,2025-03,VA,101619.66000000002,7810975.769999999,Third- Party Delivery Services,Restaurant/Grocery/Other Delivery Services
377,INSTACART,2025-03,ID,7751.090000000001,764328.99,Third- Party Delivery Services,Restaurant/Grocery/Other Delivery Services
378,AMAZON FRESH,2025-03,AR,646.4399999999999,46723.170000000006,Third- Party Delivery Services,Restaurant/Grocery/Other Delivery Services
379,GRUBHUB.COM,2025-02,OH,11450.850000000002,278994.8499999999,Third- Party Delivery Services,Restaurant/Grocery/Other Delivery Services
380,AMAZON FRESH,2025-01,VT,109.99,11809.89,Third- Party Delivery Services,Restaurant/Grocery/Other Delivery Services
381,DOORDASH,2025-01,CT,127754.31,4491685.380000001,Third- Party Delivery Services,Restaurant/Grocery/Other Delivery Services
382,DOORDASH,2025-02,WV,46448.86999999999,1666214.7099999995,Third- Party Delivery Services,Restaurant/Grocery/Other Delivery Services
383,INSTACART,2025-03,IA,12876.21,972231.54,Third- Party Delivery Services,Restaurant/Grocery/Other Delivery Services
384,GRUBHUB.COM,2025-01,CT,19970.76,765052.0199999997,Third- Party Delivery Services,Restaurant/Grocery/Other Delivery Services
385,AMAZON FRESH,2025-03,MT,256.26000000000005,26688.31,Third- Party Delivery Services,Restaurant/Grocery/Other Delivery Services
386,INSTACART,2025-03,MD,80893.17,5653439.840000001,Third- Party Delivery Services,Restaurant/Grocery/Other Delivery Services
387,DOORDASH,2025-01,UT,198475.19000000003,6574792.640000001,Third- Party Delivery Services,Restaurant/Grocery/Other Delivery Services
388,GRUBHUB.COM,2025-03,KS,6168.300000000001,190085.19000000003,Third- Party Delivery Services,Restaurant/Grocery/Other Delivery Services
389,AMAZON FRESH,2025-02,UT,1144.4600000000005,94705.87,Third- Party Delivery Services,Restaurant/Grocery/Other Delivery Services
390,UBEREATS,2025-02,NV,116321.73,4180243.62,Third- Party Delivery Services,Restaurant/Grocery/Other Delivery Services
391,AMAZON FRESH,2025-03,NV,5989.06,448427.46,Third- Party Delivery Services,Restaurant/Grocery/Other Delivery Services
392,GRUBHUB.COM,2025-03,RI,2673.760000000001,105219.69999999998,Third- Party Delivery Services,Restaurant/Grocery/Other Delivery Services
393,INSTACART,2025-01,NE,10039.09,780238.2599999999,Third- Party Delivery Services,Restaurant/Grocery/Other Delivery Services
394,AMAZON FRESH,2025-02,AK,105.88000000000002,7717.009999999999,Third- Party Delivery Services,Restaurant/Grocery/Other Delivery Services
395,UBEREATS,2025-02,ID,22611.570000000007,779302.3400000001,Third- Party Delivery Services,Restaurant/Grocery/Other Delivery Services
396,DOORDASH,2025-02,ND,39606.63,1478240.16,Third- Party Delivery Services,Restaurant/Grocery/Other Delivery Services
397,DOORDASH,2025-03,WY,34427.79,1229483.67,Third- Party Delivery Services,Restaurant/Grocery/Other Delivery Services
398,GRUBHUB.COM,2025-03,AK,1458.37,57943.60999999999,Third- Party Delivery Services,Restaurant/Grocery/Other Delivery Services
399,DOORDASH,2025-03,OK,171913.11,5912798.079999999,Third- Party Delivery Services,Restaurant/Grocery/Other Delivery Services
400,GRUBHUB.COM,2025-02,KY,3176.580000000001,98366.89999999998,Third- Party Delivery Services,Restaurant/Grocery/Other Delivery Services
401,DOORDASH,2025-03,NV,167085.46999999997,5953909.5,Third- Party Delivery Services,Restaurant/Grocery/Other Delivery Services
402,GRUBHUB.COM,2025-02,NC,32821.71,932978.7899999996,Third- Party Delivery Services,Restaurant/Grocery/Other Delivery Services
403,INSTACART,2025-01,NH,8796.52,571768.0100000001,Third- Party Delivery Services,Restaurant/Grocery/Other Delivery Services
404,GRUBHUB.COM,2025-01,IL,37342.19,1482135.2299999995,Third- Party Delivery Services,Restaurant/Grocery/Other Delivery Services
405,DOORDASH,2025-01,FL,725464.23,24346949.629999995,Third- Party Delivery Services,Restaurant/Grocery/Other Delivery Services
406,INSTACART,2025-03,SC,63269.72999999998,4819274.179999999,Third- Party Delivery Services,Restaurant/Grocery/Other Delivery Services
407,UBEREATS,2025-02,WY,4278.8,166119.97,Third- Party Delivery Services,Restaurant/Grocery/Other Delivery Services
408,AMAZON FRESH,2025-01,FL,18948.16,1581901.91,Third- Party Delivery Services,Restaurant/Grocery/Other Delivery Services
409,UBEREATS,2025-03,MI,26989.92000000001,973306.75,Third- Party Delivery Services,Restaurant/Grocery/Other Delivery Services
410,AMAZON FRESH,2025-01,AR,582.7,50247.47999999998,Third- Party Delivery Services,Restaurant/Grocery/Other Delivery Services
411,UBEREATS,2025-03,TX,936308.06,32167028.3,Third- Party Delivery Services,Restaurant/Grocery/Other Delivery Services
412,INSTACART,2025-02,IA,12091.04,902072.4600000002,Third- Party Delivery Services,Restaurant/Grocery/Other Delivery Services
413,GRUBHUB.COM,2025-02,WA,21970.669999999995,899650.9099999998,Third- Party Delivery Services,Restaurant/Grocery/Other Delivery Services
414,UBEREATS,2025-02,AL,48505.97,1633607.34,Third- Party Delivery Services,Restaurant/Grocery/Other Delivery Services
415,AMAZON FRESH,2025-02,MD,18871.85,1222855.2799999998,Third- Party Delivery Services,Restaurant/Grocery/Other Delivery Services
416,DOORDASH,2025-03,NC,598488.55,20884802.17,Third- Party Delivery Services,Restaurant/Grocery/Other Delivery Services
417,DOORDASH,2025-02,VT,4503.280000000001,175779.24,Third- Party Delivery Services,Restaurant/Grocery/Other Delivery Services
418,UBEREATS,2025-02,TN,135955.68000000002,4904535.03,Third- Party Delivery Services,Restaurant/Grocery/Other Delivery Services
419,DOORDASH,2025-03,WA,413658.94,16598126.740000002,Third- Party Delivery Services,Restaurant/Grocery/Other Delivery Services
420,INSTACART,2025-02,HI,5257.120000000001,502323.05,Third- Party Delivery Services,Restaurant/Grocery/Other Delivery Services
421,UBEREATS,2025-03,MN,72304.26000000001,2655552.72,Third- Party Delivery Services,Restaurant/Grocery/Other Delivery Services
422,DOORDASH,2025-03,AK,40952.420000000006,1724464.9,Third- Party Delivery Services,Restaurant/Grocery/Other Delivery Services
423,UBEREATS,2025-01,SD,3762.56,132570.12999999998,Third- Party Delivery Services,Restaurant/Grocery/Other Delivery Services
424,UBEREATS,2025-01,HI,22872.32,861726.0099999998,Third- Party Delivery Services,Restaurant/Grocery/Other Delivery Services
425,INSTACART,2025-01,VT,1860.84,172126.43999999994,Third- Party Delivery Services,Restaurant/Grocery/Other Delivery Services
426,GRUBHUB.COM,2025-02,NJ,60019.13000000002,2109186.92,Third- Party Delivery Services,Restaurant/Grocery/Other Delivery Services
427,UBEREATS,2025-02,RI,5704.199999999999,218126.47999999995,Third- Party Delivery Services,Restaurant/Grocery/Other Delivery Services
428,DOORDASH,2025-01,NV,155336.59000000003,5495549.6,Third- Party Delivery Services,Restaurant/Grocery/Other Delivery Services
429,DOORDASH,2025-03,NE,183826.85000000003,6387553.130000001,Third- Party Delivery Services,Restaurant/Grocery/Other Delivery Services
430,GRUBHUB.COM,2025-03,SC,14104.580000000002,304141.54,Third- Party Delivery Services,Restaurant/Grocery/Other Delivery Services
431,AMAZON FRESH,2025-03,NC,13726.419999999998,1301406.41,Third- Party Delivery Services,Restaurant/Grocery/Other Delivery Services
432,GRUBHUB.COM,2025-03,GA,25314.989999999994,791751.7,Third- Party Delivery Services,Restaurant/Grocery/Other Delivery Services
433,AMAZON FRESH,2025-03,NJ,23967.43,1846448.79,Third- Party Delivery Services,Restaurant/Grocery/Other Delivery Services
434,DOORDASH,2025-02,AL,201445.93,6895912.32,Third- Party Delivery Services,Restaurant/Grocery/Other Delivery Services
435,GRUBHUB.COM,2025-01,WY,213.20000000000005,8268.31,Third- Party Delivery Services,Restaurant/Grocery/Other Delivery Services
436,UBEREATS,2025-03,NV,132477.38,4769664.120000001,Third- Party Delivery Services,Restaurant/Grocery/Other Delivery Services
437,GRUBHUB.COM,2025-01,OR,30869.230000000003,1189862.86,Third- Party Delivery Services,Restaurant/Grocery/Other Delivery Services
438,UBEREATS,2025-02,MS,20899.43,743414.4899999999,Third- Party Delivery Services,Restaurant/Grocery/Other Delivery Services
439,DOORDASH,2025-02,AZ,321884.77,11454099.169999996,Third- Party Delivery Services,Restaurant/Grocery/Other Delivery Services
440,INSTACART,2025-01,ND,4723.129999999999,380665.54999999993,Third- Party Delivery Services,Restaurant/Grocery/Other Delivery Services
441,DOORDASH,2025-03,MS,94045.12999999998,3169790.020000001,Third- Party Delivery Services,Restaurant/Grocery/Other Delivery Services
442,INSTACART,2025-03,NV,27525.21,1977240.5500000005,Third- Party Delivery Services,Restaurant/Grocery/Other Delivery Services
443,UBEREATS,2025-02,TX,828481.8099999999,28136268.73,Third- Party Delivery Services,Restaurant/Grocery/Other Delivery Services
444,GRUBHUB.COM,2025-02,LA,3743.33,92630.32000000002,Third- Party Delivery Services,Restaurant/Grocery/Other Delivery Services
445,GRUBHUB.COM,2025-03,IL,36755.72999999999,1471164.97,Third- Party Delivery Services,Restaurant/Grocery/Other Delivery Services
446,UBEREATS,2025-02,MN,65546.94,2379274.1100000003,Third- Party Delivery Services,Restaurant/Grocery/Other Delivery Services
447,GRUBHUB.COM,2025-01,WI,12086.31,468240.08,Third- Party Delivery Services,Restaurant/Grocery/Other Delivery Services
448,UBEREATS,2025-03,SD,3863.060000000001,138652.90000000002,Third- Party Delivery Services,Restaurant/Grocery/Other Delivery Services
449,GRUBHUB.COM,2025-03,AR,984.8,28389.320000000007,Third- Party Delivery Services,Restaurant/Grocery/Other Delivery Services
450,INSTACART,2025-03,IL,54993.87999999999,3961615.659999999,Third- Party Delivery Services,Restaurant/Grocery/Other Delivery Services
451,DOORDASH,2025-02,OH,202158.27000000008,6849621.54,Third- Party Delivery Services,Restaurant/Grocery/Other Delivery Services
452,AMAZON FRESH,2025-03,ID,940.9000000000002,88688.62999999999,Third- Party Delivery Services,Restaurant/Grocery/Other Delivery Services
453,INSTACART,2025-02,KY,7633.42,668177.1699999998,Third- Party Delivery Services,Restaurant/Grocery/Other Delivery Services
454,DOORDASH,2025-02,IL,231956.83000000005,8151340.14,Third- Party Delivery Services,Restaurant/Grocery/Other Delivery Services
455,INSTACART,2025-03,AZ,58221.22,4412339.4,Third- Party Delivery Services,Restaurant/Grocery/Other Delivery Services
456,UBEREATS,2025-02,WI,48174.11999999999,1686856.98,Third- Party Delivery Services,Restaurant/Grocery/Other Delivery Services
457,GRUBHUB.COM,2025-01,SC,11726.589999999998,284534.58,Third- Party Delivery Services,Restaurant/Grocery/Other Delivery Services
458,GRUBHUB.COM,2025-03,HI,1550.3300000000002,47181.50000000001,Third- Party Delivery Services,Restaurant/Grocery/Other Delivery Services
459,GRUBHUB.COM,2025-03,NE,8707.159999999998,333688.8799999999,Third- Party Delivery Services,Restaurant/Grocery/Other Delivery Services
460,UBEREATS,2025-02,DE,9949.26,346662.8599999999,Third- Party Delivery Services,Restaurant/Grocery/Other Delivery Services
461,GRUBHUB.COM,2025-01,ID,2429.42,89270.09000000003,Third- Party Delivery Services,Restaurant/Grocery/Other Delivery Services
462,UBEREATS,2025-01,MT,12257.160000000002,446574.45000000007,Third- Party Delivery Services,Restaurant/Grocery/Other Delivery Services
463,DOORDASH,2025-01,TX,1376094.05,47011299.60999999,Third- Party Delivery Services,Restaurant/Grocery/Other Delivery Services
464,GRUBHUB.COM,2025-03,VT,249.0,9564.95,Third- Party Delivery Services,Restaurant/Grocery/Other Delivery Services
465,DOORDASH,2025-01,GA,444103.48,14933376.039999995,Third- Party Delivery Services,Restaurant/Grocery/Other Delivery Services
466,INSTACART,2025-01,MT,5104.43,528307.0099999999,Third- Party Delivery Services,Restaurant/Grocery/Other Delivery Services
467,UBEREATS,2025-01,RI,6118.000000000001,224187.62999999992,Third- Party Delivery Services,Restaurant/Grocery/Other Delivery Services
468,INSTACART,2025-01,SC,64440.25999999999,4821059.159999999,Third- Party Delivery Services,Restaurant/Grocery/Other Delivery Services
469,UBEREATS,2025-02,FL,798486.83,28380321.27,Third- Party Delivery Services,Restaurant/Grocery/Other Delivery Services
470,DOORDASH,2025-03,AZ,372739.89,13371138.359999998,Third- Party Delivery Services,Restaurant/Grocery/Other Delivery Services
471,AMAZON FRESH,2025-02,MT,228.22000000000003,23368.76,Third- Party Delivery Services,Restaurant/Grocery/Other Delivery Services
472,AMAZON FRESH,2025-02,AL,826.72,70491.39,Third- Party Delivery Services,Restaurant/Grocery/Other Delivery Services
473,DOORDASH,2025-03,TX,1520456.1,52339942.88,Third- Party Delivery Services,Restaurant/Grocery/Other Delivery Services
474,AMAZON FRESH,2025-01,NE,1879.49,136934.34,Third- Party Delivery Services,Restaurant/Grocery/Other Delivery Services
475,AMAZON FRESH,2025-02,DC,6479.16,481439.8,Third- Party Delivery Services,Restaurant/Grocery/Other Delivery Services
476,DOORDASH,2025-02,AK,36846.92,1540004.8200000003,Third- Party Delivery Services,Restaurant/Grocery/Other Delivery Services
477,GRUBHUB.COM,2025-01,MI,8571.68,327122.07,Third- Party Delivery Services,Restaurant/Grocery/Other Delivery Services
478,AMAZON FRESH,2025-01,GA,9308.6,739721.1000000002,Third- Party Delivery Services,Restaurant/Grocery/Other Delivery Services
479,AMAZON FRESH,2025-02,OK,819.6499999999999,62859.380000000005,Third- Party Delivery Services,Restaurant/Grocery/Other Delivery Services
480,INSTACART,2025-01,UT,20461.599999999995,1913571.6000000003,Third- Party Delivery Services,Restaurant/Grocery/Other Delivery Services
481,DOORDASH,2025-03,AL,230238.78,7954258.029999999,Third- Party Delivery Services,Restaurant/Grocery/Other Delivery Services
482,AMAZON FRESH,2025-02,WA,29690.660000000003,1896297.4300000004,Third- Party Delivery Services,Restaurant/Grocery/Other Delivery Services
483,INSTACART,2025-01,AK,4569.070000000001,480460.16,Third- Party Delivery Services,Restaurant/Grocery/Other Delivery Services
484,DOORDASH,2025-02,KY,96156.44,3127964.3900000006,Third- Party Delivery Services,Restaurant/Grocery/Other Delivery Services
485,INSTACART,2025-03,FL,279026.17,20860950.25,Third- Party Delivery Services,Restaurant/Grocery/Other Delivery Services
486,AMAZON FRESH,2025-02,SC,2233.25,190772.92,Third- Party Delivery Services,Restaurant/Grocery/Other Delivery Services
487,UBEREATS,2025-02,DC,59680.17,2240031.2000000007,Third- Party Delivery Services,Restaurant/Grocery/Other Delivery Services
488,UBEREATS,2025-01,MS,21653.93,766060.22,Third- Party Delivery Services,Restaurant/Grocery/Other Delivery Services
489,DOORDASH,2025-03,CO,326771.86000000004,12527623.089999998,Third- Party Delivery Services,Restaurant/Grocery/Other Delivery Services
490,UBEREATS,2025-02,LA,30953.82,1158090.8299999998,Third- Party Delivery Services,Restaurant/Grocery/Other Delivery Services
491,GRUBHUB.COM,2025-02,PA,84765.5,3091967.5900000003,Third- Party Delivery Services,Restaurant/Grocery/Other Delivery Services
492,DOORDASH,2025-03,GA,507878.06000000006,17182173.939999998,Third- Party Delivery Services,Restaurant/Grocery/Other Delivery Services
493,UBEREATS,2025-03,CO,138045.6,5303611.949999999,Third- Party Delivery Services,Restaurant/Grocery/Other Delivery Services
494,DOORDASH,2025-01,IN,76391.23999999999,2810032.41,Third- Party Delivery Services,Restaurant/Grocery/Other Delivery Services
495,GRUBHUB.COM,2025-01,AR,949.3300000000002,27440.380000000005,Third- Party Delivery Services,Restaurant/Grocery/Other Delivery Services
496,DOORDASH,2025-02,WY,30671.06,1104389.7500000002,Third- Party Delivery Services,Restaurant/Grocery/Other Delivery Services
497,INSTACART,2025-01,KY,7684.4000000000015,645093.94,Third- Party Delivery Services,Restaurant/Grocery/Other Delivery Services
498,UBEREATS,2025-03,OK,31353.13,1123331.2600000002,Third- Party Delivery Services,Restaurant/Grocery/Other Delivery Services
499,UBEREATS,2025-01,KS,21504.18,760812.3500000001,Third- Party Delivery Services,Restaurant/Grocery/Other Delivery Services
500,GRUBHUB.COM,2025-02,AR,853.6500000000001,26274.360000000004,Third- Party Delivery Services,Restaurant/Grocery/Other Delivery Services
501,GRUBHUB.COM,2025-02,NY,124619.88,4682721.42,Third- Party Delivery Services,Restaurant/Grocery/Other Delivery Services
502,GRUBHUB.COM,2025-02,DE,4219.37,110067.14999999998,Third- Party Delivery Services,Restaurant/Grocery/Other Delivery Services
503,UBEREATS,2025-02,VA,179167.40000000005,6377905.68,Third- Party Delivery Services,Restaurant/Grocery/Other Delivery Services
504,GRUBHUB.COM,2025-01,IN,7929.129999999999,257957.9100000001,Third- Party Delivery Services,Restaurant/Grocery/Other Delivery Services
505,DOORDASH,2025-03,LA,112076.22,3940064.110000001,Third- Party Delivery Services,Restaurant/Grocery/Other Delivery Services
506,AMAZON FRESH,2025-03,LA,1335.29,109698.66,Third- Party Delivery Services,Restaurant/Grocery/Other Delivery Services
507,GRUBHUB.COM,2025-03,LA,4068.8400000000006,100363.19000000002,Third- Party Delivery Services,Restaurant/Grocery/Other Delivery Services
508,UBEREATS,2025-03,IA,27574.22,1042812.12,Third- Party Delivery Services,Restaurant/Grocery/Other Delivery Services
509,DOORDASH,2025-01,RI,12810.229999999998,496748.08,Third- Party Delivery Services,Restaurant/Grocery/Other Delivery Services
510,INSTACART,2025-03,ND,4477.200000000001,369208.56000000006,Third- Party Delivery Services,Restaurant/Grocery/Other Delivery Services
511,INSTACART,2025-02,VT,1809.96,163430.49999999997,Third- Party Delivery Services,Restaurant/Grocery/Other Delivery Services
512,GRUBHUB.COM,2025-03,ME,653.97,23745.66,Third- Party Delivery Services,Restaurant/Grocery/Other Delivery Services
513,AMAZON FRESH,2025-03,HI,1465.12,130667.22,Third- Party Delivery Services,Restaurant/Grocery/Other Delivery Services
514,AMAZON FRESH,2025-01,MT,243.60000000000005,24287.03,Third- Party Delivery Services,Restaurant/Grocery/Other Delivery Services
515,GRUBHUB.COM,2025-01,NY,131412.49,5058936.699999998,Third- Party Delivery Services,Restaurant/Grocery/Other Delivery Services
516,INSTACART,2025-01,AR,4036.9,300009.56999999995,Third- Party Delivery Services,Restaurant/Grocery/Other Delivery Services
517,DOORDASH,2025-02,IA,158325.69999999995,5532101.87,Third- Party Delivery Services,Restaurant/Grocery/Other Delivery Services
518,GRUBHUB.COM,2025-02,IA,8618.04,353088.59,Third- Party Delivery Services,Restaurant/Grocery/Other Delivery Services
519,GRUBHUB.COM,2025-02,SC,15014.410000000003,303023.11,Third- Party Delivery Services,Restaurant/Grocery/Other Delivery Services
520,UBEREATS,2025-02,AK,5995.53,216479.50999999995,Third- Party Delivery Services,Restaurant/Grocery/Other Delivery Services
521,DOORDASH,2025-03,UT,209627.69,7030524.219999998,Third- Party Delivery Services,Restaurant/Grocery/Other Delivery Services
522,INSTACART,2025-01,CO,36275.08,3125281.630000001,Third- Party Delivery Services,Restaurant/Grocery/Other Delivery Services
523,GRUBHUB.COM,2025-01,NE,8481.680000000002,324334.29000000004,Third- Party Delivery Services,Restaurant/Grocery/Other Delivery Services
524,DOORDASH,2025-02,OR,212008.5,7512730.8,Third- Party Delivery Services,Restaurant/Grocery/Other Delivery Services
525,UBEREATS,2025-03,MS,23464.520000000004,828718.2799999999,Third- Party Delivery Services,Restaurant/Grocery/Other Delivery Services
526,UBEREATS,2025-01,ID,24289.93,849041.57,Third- Party Delivery Services,Restaurant/Grocery/Other Delivery Services
527,UBEREATS,2025-01,VA,188066.3,6767896.299999998,Third- Party Delivery Services,Restaurant/Grocery/Other Delivery Services
528,DOORDASH,2025-01,AZ,346978.14000000013,12260657.899999997,Third- Party Delivery Services,Restaurant/Grocery/Other Delivery Services
529,GRUBHUB.COM,2025-02,CA,145936.16,5559871.85,Third- Party Delivery Services,Restaurant/Grocery/Other Delivery Services
530,GRUBHUB.COM,2025-01,MA,24396.5,910178.36,Third- Party Delivery Services,Restaurant/Grocery/Other Delivery Services
531,AMAZON FRESH,2025-03,KY,662.8600000000001,47392.92999999999,Third- Party Delivery Services,Restaurant/Grocery/Other Delivery Services
532,UBEREATS,2025-03,MA,95519.2,3497969.209999999,Third- Party Delivery Services,Restaurant/Grocery/Other Delivery Services
533,INSTACART,2025-03,WY,1136.1800000000003,93167.33999999998,Third- Party Delivery Services,Restaurant/Grocery/Other Delivery Services
534,GRUBHUB.COM,2025-03,AL,8082.459999999999,199543.93,Third- Party Delivery Services,Restaurant/Grocery/Other Delivery Services
535,UBEREATS,2025-02,CA,1106469.4199999997,42010707.6,Third- Party Delivery Services,Restaurant/Grocery/Other Delivery Services
536,AMAZON FRESH,2025-02,IN,2009.9400000000005,172229.20000000004,Third- Party Delivery Services,Restaurant/Grocery/Other Delivery Services
537,DOORDASH,2025-03,NJ,490021.0699999999,17316109.66,Third- Party Delivery Services,Restaurant/Grocery/Other Delivery Services
538,INSTACART,2025-01,DE,9761.029999999995,716984.17,Third- Party Delivery Services,Restaurant/Grocery/Other Delivery Services
539,DOORDASH,2025-01,NH,69394.1,2417887.4100000006,Third- Party Delivery Services,Restaurant/Grocery/Other Delivery Services
540,DOORDASH,2025-03,ND,44394.34,1669690.7000000002,Third- Party Delivery Services,Restaurant/Grocery/Other Delivery Services
541,UBEREATS,2025-01,ND,6316.92,222792.12000000005,Third- Party Delivery Services,Restaurant/Grocery/Other Delivery Services
542,GRUBHUB.COM,2025-02,OK,4947.920000000001,178216.34999999998,Third- Party Delivery Services,Restaurant/Grocery/Other Delivery Services
543,UBEREATS,2025-02,WV,6758.749999999999,213595.37,Third- Party Delivery Services,Restaurant/Grocery/Other Delivery Services
544,GRUBHUB.COM,2025-01,NJ,59915.69999999999,2249251.8,Third- Party Delivery Services,Restaurant/Grocery/Other Delivery Services
545,INSTACART,2025-02,NV,24541.540000000005,1748162.2000000002,Third- Party Delivery Services,Restaurant/Grocery/Other Delivery Services
546,UBEREATS,2025-02,MI,24471.130000000005,869368.21,Third- Party Delivery Services,Restaurant/Grocery/Other Delivery Services
547,UBEREATS,2025-03,CT,152225.50999999998,5630809.179999999,Third- Party Delivery Services,Restaurant/Grocery/Other Delivery Services
548,AMAZON FRESH,2025-01,IN,2343.55,185418.86,Third- Party Delivery Services,Restaurant/Grocery/Other Delivery Services
549,AMAZON FRESH,2025-02,DE,515.5999999999999,41767.21,Third- Party Delivery Services,Restaurant/Grocery/Other Delivery Services
550,UBEREATS,2025-02,NH,7314.480000000001,297654.0600000001,Third- Party Delivery Services,Restaurant/Grocery/Other Delivery Services
551,AMAZON FRESH,2025-03,DC,7367.16,558109.01,Third- Party Delivery Services,Restaurant/Grocery/Other Delivery Services
552,INSTACART,2025-01,MD,81416.31999999999,5730207.84,Third- Party Delivery Services,Restaurant/Grocery/Other Delivery Services
553,UBEREATS,2025-02,IL,169047.85,5788238.430000002,Third- Party Delivery Services,Restaurant/Grocery/Other Delivery Services
554,AMAZON FRESH,2025-03,MS,734.1099999999999,55125.53,Third- Party Delivery Services,Restaurant/Grocery/Other Delivery Services
555,GRUBHUB.COM,2025-01,AK,1316.5800000000002,51126.21000000001,Third- Party Delivery Services,Restaurant/Grocery/Other Delivery Services
556,AMAZON FRESH,2025-03,MI,2139.98,174757.39,Third- Party Delivery Services,Restaurant/Grocery/Other Delivery Services
557,INSTACART,2025-01,MI,16492.539999999997,1252959.0799999998,Third- Party Delivery Services,Restaurant/Grocery/Other Delivery Services
558,INSTACART,2025-01,LA,8464.37,663391.99,Third- Party Delivery Services,Restaurant/Grocery/Other Delivery Services
559,GRUBHUB.COM,2025-02,VA,46080.55,1428287.49,Third- Party Delivery Services,Restaurant/Grocery/Other Delivery Services
560,INSTACART,2025-01,IL,59580.91,4091847.37,Third- Party Delivery Services,Restaurant/Grocery/Other Delivery Services
561,UBEREATS,2025-03,IL,187539.25000000003,6578699.73,Third- Party Delivery Services,Restaurant/Grocery/Other Delivery Services
562,AMAZON FRESH,2025-01,ME,947.81,109715.04,Third- Party Delivery Services,Restaurant/Grocery/Other Delivery Services
563,DOORDASH,2025-02,NE,170776.12999999995,5869454.420000001,Third- Party Delivery Services,Restaurant/Grocery/Other Delivery Services
564,GRUBHUB.COM,2025-02,ME,827.28,38542.45,Third- Party Delivery Services,Restaurant/Grocery/Other Delivery Services
565,AMAZON FRESH,2025-03,NY,47366.28000000001,3800013.72,Third- Party Delivery Services,Restaurant/Grocery/Other Delivery Services
566,GRUBHUB.COM,2025-02,TX,71847.01999999999,1978933.36,Third- Party Delivery Services,Restaurant/Grocery/Other Delivery Services
567,INSTACART,2025-03,OH,23668.47,1781055.01,Third- Party Delivery Services,Restaurant/Grocery/Other Delivery Services
568,DOORDASH,2025-03,ME,24526.48,925886.27,Third- Party Delivery Services,Restaurant/Grocery/Other Delivery Services
569,UBEREATS,2025-01,AZ,190759.25,6627226.459999999,Third- Party Delivery Services,Restaurant/Grocery/Other Delivery Services
570,INSTACART,2025-01,AZ,56520.3,4252291.87,Third- Party Delivery Services,Restaurant/Grocery/Other Delivery Services
571,DOORDASH,2025-03,MI,98551.88000000002,3607797.06,Third- Party Delivery Services,Restaurant/Grocery/Other Delivery Services
572,INSTACART,2025-03,OK,10810.490000000002,765951.4299999998,Third- Party Delivery Services,Restaurant/Grocery/Other Delivery Services
573,DOORDASH,2025-01,ID,78068.74000000002,2633082.110000001,Third- Party Delivery Services,Restaurant/Grocery/Other Delivery Services
574,UBEREATS,2025-01,NE,24626.92,865912.73,Third- Party Delivery Services,Restaurant/Grocery/Other Delivery Services
575,AMAZON FRESH,2025-01,ID,966.41,88222.46999999999,Third- Party Delivery Services,Restaurant/Grocery/Other Delivery Services
576,INSTACART,2025-03,WA,73344.14,6349204.999999998,Third- Party Delivery Services,Restaurant/Grocery/Other Delivery Services
577,UBEREATS,2025-01,MI,26249.38999999999,922615.1699999998,Third- Party Delivery Services,Restaurant/Grocery/Other Delivery Services
578,INSTACART,2025-03,SD,2086.3,190309.39,Third- Party Delivery Services,Restaurant/Grocery/Other Delivery Services
579,GRUBHUB.COM,2025-02,AL,8052.36,195304.27000000005,Third- Party Delivery Services,Restaurant/Grocery/Other Delivery Services
580,GRUBHUB.COM,2025-01,NH,1902.37,74963.66,Third- Party Delivery Services,Restaurant/Grocery/Other Delivery Services
581,INSTACART,2025-01,AL,39933.14,3244755.340000001,Third- Party Delivery Services,Restaurant/Grocery/Other Delivery Services
582,AMAZON FRESH,2025-02,ID,838.4,74514.04000000001,Third- Party Delivery Services,Restaurant/Grocery/Other Delivery Services
583,AMAZON FRESH,2025-01,SC,2841.72,218241.77,Third- Party Delivery Services,Restaurant/Grocery/Other Delivery Services
584,GRUBHUB.COM,2025-01,ME,968.3499999999998,43048.79,Third- Party Delivery Services,Restaurant/Grocery/Other Delivery Services
585,AMAZON FRESH,2025-01,RI,1971.5900000000004,207176.66999999995,Third- Party Delivery Services,Restaurant/Grocery/Other Delivery Services
586,UBEREATS,2025-03,MO,28369.64,1039088.5299999996,Third- Party Delivery Services,Restaurant/Grocery/Other Delivery Services
587,AMAZON FRESH,2025-02,WY,240.83000000000004,19393.37,Third- Party Delivery Services,Restaurant/Grocery/Other Delivery Services
588,INSTACART,2025-02,MS,7835.090000000001,488093.2100000001,Third- Party Delivery Services,Restaurant/Grocery/Other Delivery Services
589,GRUBHUB.COM,2025-03,TX,74056.84,2146183.2,Third- Party Delivery Services,Restaurant/Grocery/Other Delivery Services
590,INSTACART,2025-02,ME,1940.5499999999995,147689.09000000003,Third- Party Delivery Services,Restaurant/Grocery/Other Delivery Services
591,INSTACART,2025-01,KS,9508.86,763173.9299999999,Third- Party Delivery Services,Restaurant/Grocery/Other Delivery Services
592,GRUBHUB.COM,2025-02,NV,13751.520000000002,521789.06,Third- Party Delivery Services,Restaurant/Grocery/Other Delivery Services
593,UBEREATS,2025-03,AZ,199708.53999999992,6962296.580000002,Third- Party Delivery Services,Restaurant/Grocery/Other Delivery Services
594,INSTACART,2025-03,AL,37552.630000000005,2985498.95,Third- Party Delivery Services,Restaurant/Grocery/Other Delivery Services
595,AMAZON FRESH,2025-03,ME,908.51,94633.19,Third- Party Delivery Services,Restaurant/Grocery/Other Delivery Services
596,AMAZON FRESH,2025-01,IL,16709.359999999997,1104435.72,Third- Party Delivery Services,Restaurant/Grocery/Other Delivery Services
597,INSTACART,2025-01,OR,35298.04,2981511.96,Third- Party Delivery Services,Restaurant/Grocery/Other Delivery Services
598,INSTACART,2025-03,ME,2255.0599999999995,190221.25999999995,Third- Party Delivery Services,Restaurant/Grocery/Other Delivery Services
599,AMAZON FRESH,2025-03,VA,23530.23,1532988.1099999996,Third- Party Delivery Services,Restaurant/Grocery/Other Delivery Services
600,UBEREATS,2025-03,KS,25294.8,886602.4299999998,Third- Party Delivery Services,Restaurant/Grocery/Other Delivery Services
601,AMAZON FRESH,2025-03,OK,972.0,82269.62999999999,Third- Party Delivery Services,Restaurant/Grocery/Other Delivery Services
602,GRUBHUB.COM,2025-03,OR,30794.069999999992,1191344.7100000002,Third- Party Delivery Services,Restaurant/Grocery/Other Delivery Services
603,INSTACART,2025-01,MA,30607.40000000001,2309303.42,Third- Party Delivery Services,Restaurant/Grocery/Other Delivery Services
604,GRUBHUB.COM,2025-01,TX,61548.23,1936555.59,Third- Party Delivery Services,Restaurant/Grocery/Other Delivery Services
605,AMAZON FRESH,2025-02,IL,16925.5,1095809.52,Third- Party Delivery Services,Restaurant/Grocery/Other Delivery Services
606,GRUBHUB.COM,2025-02,OR,27123.489999999994,1042247.86,Third- Party Delivery Services,Restaurant/Grocery/Other Delivery Services
607,UBEREATS,2025-02,MA,84222.98999999999,3138930.89,Third- Party Delivery Services,Restaurant/Grocery/Other Delivery Services
608,GRUBHUB.COM,2025-01,ND,1795.9,43805.80999999999,Third- Party Delivery Services,Restaurant/Grocery/Other Delivery Services
609,AMAZON FRESH,2025-01,IA,1649.09,157576.56000000003,Third- Party Delivery Services,Restaurant/Grocery/Other Delivery Services
610,UBEREATS,2025-01,NM,16804.910000000003,616364.9199999999,Third- Party Delivery Services,Restaurant/Grocery/Other Delivery Services
611,UBEREATS,2025-03,UT,37382.17999999999,1267112.85,Third- Party Delivery Services,Restaurant/Grocery/Other Delivery Services
612,INSTACART,2025-03,MT,4915.590000000001,494669.62,Third- Party Delivery Services,Restaurant/Grocery/Other Delivery Services
613,AMAZON FRESH,2025-02,WV,150.58,7729.619999999997,Third- Party Delivery Services,Restaurant/Grocery/Other Delivery Services
614,GRUBHUB.COM,2025-02,NH,1586.21,57324.93,Third- Party Delivery Services,Restaurant/Grocery/Other Delivery Services
615,GRUBHUB.COM,2025-03,MS,3529.389999999999,78560.31999999998,Third- Party Delivery Services,Restaurant/Grocery/Other Delivery Services
616,AMAZON FRESH,2025-03,NE,1273.8900000000003,108053.3,Third- Party Delivery Services,Restaurant/Grocery/Other Delivery Services
617,GRUBHUB.COM,2025-01,DE,3404.26,114977.26,Third- Party Delivery Services,Restaurant/Grocery/Other Delivery Services
618,UBEREATS,2025-03,RI,6974.060000000001,284609.38000000006,Third- Party Delivery Services,Restaurant/Grocery/Other Delivery Services
619,UBEREATS,2025-03,ND,6476.6500000000015,231523.1000000001,Third- Party Delivery Services,Restaurant/Grocery/Other Delivery Services
620,UBEREATS,2025-01,PA,250754.72,8757039.519999998,Third- Party Delivery Services,Restaurant/Grocery/Other Delivery Services
621,INSTACART,2025-02,AL,34555.17,2708072.79,Third- Party Delivery Services,Restaurant/Grocery/Other Delivery Services
622,UBEREATS,2025-01,CT,140150.67,5165415.11,Third- Party Delivery Services,Restaurant/Grocery/Other Delivery Services
623,GRUBHUB.COM,2025-01,IA,10270.86,419634.21000000014,Third- Party Delivery Services,Restaurant/Grocery/Other Delivery Services
624,DOORDASH,2025-01,NY,496366.26000000007,17372450.639999997,Third- Party Delivery Services,Restaurant/Grocery/Other Delivery Services
625,AMAZON FRESH,2025-02,OH,4106.620000000001,323080.88,Third- Party Delivery Services,Restaurant/Grocery/Other Delivery Services
626,UBEREATS,2025-02,CT,133572.42,4890009.389999999,Third- Party Delivery Services,Restaurant/Grocery/Other Delivery Services
627,AMAZON FRESH,2025-02,HI,1240.0300000000002,105978.55000000002,Third- Party Delivery Services,Restaurant/Grocery/Other Delivery Services
628,AMAZON FRESH,2025-01,NH,1193.8199999999997,114812.12000000004,Third- Party Delivery Services,Restaurant/Grocery/Other Delivery Services
629,GRUBHUB.COM,2025-02,HI,1580.85,47439.38000000002,Third- Party Delivery Services,Restaurant/Grocery/Other Delivery Services
630,AMAZON FRESH,2025-02,CA,126043.01,7957379.749999998,Third- Party Delivery Services,Restaurant/Grocery/Other Delivery Services
631,GRUBHUB.COM,2025-03,UT,7749.379999999999,272430.98999999993,Third- Party Delivery Services,Restaurant/Grocery/Other Delivery Services
632,DOORDASH,2025-01,MS,85489.76,2769951.9299999992,Third- Party Delivery Services,Restaurant/Grocery/Other Delivery Services
633,UBEREATS,2025-03,AK,6358.359999999998,239395.55,Third- Party Delivery Services,Restaurant/Grocery/Other Delivery Services
634,INSTACART,2025-03,LA,8509.769999999997,676491.1500000003,Third- Party Delivery Services,Restaurant/Grocery/Other Delivery Services
635,GRUBHUB.COM,2025-02,TN,10410.16,288863.36,Third- Party Delivery Services,Restaurant/Grocery/Other Delivery Services
636,GRUBHUB.COM,2025-02,RI,2095.68,91225.29,Third- Party Delivery Services,Restaurant/Grocery/Other Delivery Services
637,DOORDASH,2025-01,NM,99405.25,3501058.3100000005,Third- Party Delivery Services,Restaurant/Grocery/Other Delivery Services
638,UBEREATS,2025-03,NE,27407.57,972839.8,Third- Party Delivery Services,Restaurant/Grocery/Other Delivery Services
639,AMAZON FRESH,2025-02,MA,10844.039999999995,958936.63,Third- Party Delivery Services,Restaurant/Grocery/Other Delivery Services
640,AMAZON FRESH,2025-03,UT,1373.47,113025.83,Third- Party Delivery Services,Restaurant/Grocery/Other Delivery Services
641,UBEREATS,2025-01,MA,89119.30999999998,3258487.58,Third- Party Delivery Services,Restaurant/Grocery/Other Delivery Services
642,UBEREATS,2025-03,CA,1252540.0699999998,47820385.13,Third- Party Delivery Services,Restaurant/Grocery/Other Delivery Services
643,UBEREATS,2025-02,SD,3551.4700000000007,127298.75999999998,Third- Party Delivery Services,Restaurant/Grocery/Other Delivery Services
644,INSTACART,2025-02,WY,1063.69,82310.36,Third- Party Delivery Services,Restaurant/Grocery/Other Delivery Services
645,GRUBHUB.COM,2025-01,DC,5257.829999999999,182455.20000000004,Third- Party Delivery Services,Restaurant/Grocery/Other Delivery Services
646,UBEREATS,2025-03,AR,8296.500000000002,304539.53,Third- Party Delivery Services,Restaurant/Grocery/Other Delivery Services
647,DOORDASH,2025-01,SC,227977.57,7858287.550000001,Third- Party Delivery Services,Restaurant/Grocery/Other Delivery Services
648,UBEREATS,2025-01,WV,7414.72,241867.62999999992,Third- Party Delivery Services,Restaurant/Grocery/Other Delivery Services
649,UBEREATS,2025-03,ID,25868.119999999995,905136.51,Third- Party Delivery Services,Restaurant/Grocery/Other Delivery Services
650,UBEREATS,2025-03,MT,13500.249999999998,497654.66,Third- Party Delivery Services,Restaurant/Grocery/Other Delivery Services
651,DOORDASH,2025-02,WA,364338.0799999999,14640102.48,Third- Party Delivery Services,Restaurant/Grocery/Other Delivery Services
652,DOORDASH,2025-03,NY,516597.48999999993,18161890.25,Third- Party Delivery Services,Restaurant/Grocery/Other Delivery Services
653,DOORDASH,2025-03,KY,111270.73,3670585.93,Third- Party Delivery Services,Restaurant/Grocery/Other Delivery Services
654,UBEREATS,2025-01,NC,179034.73000000004,6192807.440000001,Third- Party Delivery Services,Restaurant/Grocery/Other Delivery Services
655,INSTACART,2025-01,FL,268945.5300000001,20128738.079999994,Third- Party Delivery Services,Restaurant/Grocery/Other Delivery Services
656,AMAZON FRESH,2025-02,NM,1013.6899999999998,89944.38,Third- Party Delivery Services,Restaurant/Grocery/Other Delivery Services
657,INSTACART,2025-03,OR,35927.259999999995,3026617.53,Third- Party Delivery Services,Restaurant/Grocery/Other Delivery Services
658,INSTACART,2025-03,NH,8313.56,555435.6800000002,Third- Party Delivery Services,Restaurant/Grocery/Other Delivery Services
659,INSTACART,2025-02,IN,13539.98,1081122.5599999998,Third- Party Delivery Services,Restaurant/Grocery/Other Delivery Services
660,DOORDASH,2025-02,MT,51077.26,1829733.18,Third- Party Delivery Services,Restaurant/Grocery/Other Delivery Services
661,DOORDASH,2025-01,ME,22378.99,855073.85,Third- Party Delivery Services,Restaurant/Grocery/Other Delivery Services
662,GRUBHUB.COM,2025-03,WA,23394.24,972998.56,Third- Party Delivery Services,Restaurant/Grocery/Other Delivery Services
663,GRUBHUB.COM,2025-03,MO,5760.140000000001,210716.33,Third- Party Delivery Services,Restaurant/Grocery/Other Delivery Services
664,AMAZON FRESH,2025-02,OR,6596.99,514238.2100000001,Third- Party Delivery Services,Restaurant/Grocery/Other Delivery Services
665,DOORDASH,2025-01,NE,178250.59000000003,6014024.540000001,Third- Party Delivery Services,Restaurant/Grocery/Other Delivery Services
666,INSTACART,2025-01,TX,149376.21000000002,11048694.550000004,Third- Party Delivery Services,Restaurant/Grocery/Other Delivery Services
667,INSTACART,2025-03,WV,8039.780000000001,616461.2400000001,Third- Party Delivery Services,Restaurant/Grocery/Other Delivery Services
668,AMAZON FRESH,2025-01,NM,1313.3799999999997,116522.99,Third- Party Delivery Services,Restaurant/Grocery/Other Delivery Services
669,UBEREATS,2025-01,IL,181724.3,6353612.909999999,Third- Party Delivery Services,Restaurant/Grocery/Other Delivery Services
670,AMAZON FRESH,2025-03,WV,243.01,14932.81,Third- Party Delivery Services,Restaurant/Grocery/Other Delivery Services
671,UBEREATS,2025-02,KY,12176.62,434637.11,Third- Party Delivery Services,Restaurant/Grocery/Other Delivery Services
672,INSTACART,2025-03,NC,143818.16999999998,10908920.42,Third- Party Delivery Services,Restaurant/Grocery/Other Delivery Services
673,UBEREATS,2025-01,FL,839973.69,30148933.44,Third- Party Delivery Services,Restaurant/Grocery/Other Delivery Services
674,GRUBHUB.COM,2025-03,NY,143695.11000000002,5368359.609999999,Third- Party Delivery Services,Restaurant/Grocery/Other Delivery Services
675,DOORDASH,2025-01,NJ,461933.61,16135336.760000002,Third- Party Delivery Services,Restaurant/Grocery/Other Delivery Services
676,AMAZON FRESH,2025-01,TN,5696.05,529940.75,Third- Party Delivery Services,Restaurant/Grocery/Other Delivery Services
677,INSTACART,2025-01,DC,15825.36,1073277.74,Third- Party Delivery Services,Restaurant/Grocery/Other Delivery Services
678,INSTACART,2025-03,MN,49297.63,4076689.96,Third- Party Delivery Services,Restaurant/Grocery/Other Delivery Services
679,DOORDASH,2025-01,KS,100182.0,3259192.75,Third- Party Delivery Services,Restaurant/Grocery/Other Delivery Services
680,INSTACART,2025-03,NY,171544.08000000005,12350196.11,Third- Party Delivery Services,Restaurant/Grocery/Other Delivery Services
681,UBEREATS,2025-03,LA,34814.200000000004,1325798.7999999998,Third- Party Delivery Services,Restaurant/Grocery/Other Delivery Services
682,AMAZON FRESH,2025-02,PA,26386.790000000005,1777317.8199999998,Third- Party Delivery Services,Restaurant/Grocery/Other Delivery Services
683,DOORDASH,2025-02,ID,73771.05,2509174.0900000003,Third- Party Delivery Services,Restaurant/Grocery/Other Delivery Services
684,AMAZON FRESH,2025-03,MN,8400.52,675068.07,Third- Party Delivery Services,Restaurant/Grocery/Other Delivery Services
685,INSTACART,2025-02,KS,9016.330000000002,700498.1200000001,Third- Party Delivery Services,Restaurant/Grocery/Other Delivery Services
686,AMAZON FRESH,2025-03,ND,74.98,2990.5,Third- Party Delivery Services,Restaurant/Grocery/Other Delivery Services
687,INSTACART,2025-02,MA,29170.67,2129714.0,Third- Party Delivery Services,Restaurant/Grocery/Other Delivery Services
688,DOORDASH,2025-01,MO,101231.91999999998,3618762.28,Third- Party Delivery Services,Restaurant/Grocery/Other Delivery Services
689,DOORDASH,2025-02,OK,150041.71999999994,5111030.41,Third- Party Delivery Services,Restaurant/Grocery/Other Delivery Services
690,UBEREATS,2025-01,NH,7360.3899999999985,286711.8300000001,Third- Party Delivery Services,Restaurant/Grocery/Other Delivery Services
691,UBEREATS,2025-02,MO,24150.660000000007,924199.3999999998,Third- Party Delivery Services,Restaurant/Grocery/Other Delivery Services
692,AMAZON FRESH,2025-01,AZ,7966.919999999999,600911.7100000001,Third- Party Delivery Services,Restaurant/Grocery/Other Delivery Services
693,DOORDASH,2025-01,WI,214187.15,7307416.340000001,Third- Party Delivery Services,Restaurant/Grocery/Other Delivery Services
694,GRUBHUB.COM,2025-02,IN,8490.01,267846.05000000005,Third- Party Delivery Services,Restaurant/Grocery/Other Delivery Services
695,UBEREATS,2025-01,IA,25833.08,975372.0699999998,Third- Party Delivery Services,Restaurant/Grocery/Other Delivery Services
696,DOORDASH,2025-01,CA,2432433.14,92402659.81000002,Third- Party Delivery Services,Restaurant/Grocery/Other Delivery Services
697,GRUBHUB.COM,2025-03,SD,1623.14,49854.630000000005,Third- Party Delivery Services,Restaurant/Grocery/Other Delivery Services
698,GRUBHUB.COM,2025-03,OH,10230.45,278195.31,Third- Party Delivery Services,Restaurant/Grocery/Other Delivery Services
699,INSTACART,2025-01,PA,129026.05000000002,9239507.230000002,Third- Party Delivery Services,Restaurant/Grocery/Other Delivery Services
700,DOORDASH,2025-02,MO,98383.30000000002,3531468.0,Third- Party Delivery Services,Restaurant/Grocery/Other Delivery Services
701,DOORDASH,2025-03,VA,488509.16,17404738.429999996,Third- Party Delivery Services,Restaurant/Grocery/Other Delivery Services
702,AMAZON FRESH,2025-02,TN,5442.140000000001,489200.58,Third- Party Delivery Services,Restaurant/Grocery/Other Delivery Services
703,UBEREATS,2025-01,IN,21145.23,798771.4299999999,Third- Party Delivery Services,Restaurant/Grocery/Other Delivery Services
704,AMAZON FRESH,2025-02,GA,8309.72,702168.6900000001,Third- Party Delivery Services,Restaurant/Grocery/Other Delivery Services
705,AMAZON FRESH,2025-02,NC,12682.53,1143346.0399999998,Third- Party Delivery Services,Restaurant/Grocery/Other Delivery Services
706,INSTACART,2025-02,GA,117598.5,8353298.879999999,Third- Party Delivery Services,Restaurant/Grocery/Other Delivery Services
707,GRUBHUB.COM,2025-01,MD,38074.69,1321897.42,Third- Party Delivery Services,Restaurant/Grocery/Other Delivery Services
708,INSTACART,2025-02,AR,3683.32,269695.89,Third- Party Delivery Services,Restaurant/Grocery/Other Delivery Services
709,AMAZON FRESH,2025-01,NC,14609.65,1283796.8,Third- Party Delivery Services,Restaurant/Grocery/Other Delivery Services
710,INSTACART,2025-02,OR,33085.21000000001,2764105.22,Third- Party Delivery Services,Restaurant/Grocery/Other Delivery Services
711,INSTACART,2025-02,CA,424947.87,31569113.589999992,Third- Party Delivery Services,Restaurant/Grocery/Other Delivery Services
712,DOORDASH,2025-01,ND,41759.69,1556795.44,Third- Party Delivery Services,Restaurant/Grocery/Other Delivery Services
713,GRUBHUB.COM,2025-03,DC,5730.210000000001,195163.1,Third- Party Delivery Services,Restaurant/Grocery/Other Delivery Services
714,GRUBHUB.COM,2025-03,NC,35181.03,1034515.69,Third- Party Delivery Services,Restaurant/Grocery/Other Delivery Services
715,DOORDASH,2025-03,MT,58234.82,2084004.32,Third- Party Delivery Services,Restaurant/Grocery/Other Delivery Services
716,DOORDASH,2025-01,MA,132305.08,4988360.26,Third- Party Delivery Services,Restaurant/Grocery/Other Delivery Services
717,AMAZON FRESH,2025-03,AK,94.09,5172.25,Third- Party Delivery Services,Restaurant/Grocery/Other Delivery Services
718,AMAZON FRESH,2025-03,NH,1149.35,117272.25,Third- Party Delivery Services,Restaurant/Grocery/Other Delivery Services
719,INSTACART,2025-01,HI,5691.26,574213.8999999998,Third- Party Delivery Services,Restaurant/Grocery/Other Delivery Services
720,AMAZON FRESH,2025-01,AK,106.45,10573.5,Third- Party Delivery Services,Restaurant/Grocery/Other Delivery Services
721,INSTACART,2025-03,HI,5108.13,496497.39,Third- Party Delivery Services,Restaurant/Grocery/Other Delivery Services
722,DOORDASH,2025-02,MS,81770.16,2700108.64,Third- Party Delivery Services,Restaurant/Grocery/Other Delivery Services
723,GRUBHUB.COM,2025-01,OH,10189.930000000002,265659.43,Third- Party Delivery Services,Restaurant/Grocery/Other Delivery Services
724,GRUBHUB.COM,2025-02,MI,7351.260000000001,272676.65,Third- Party Delivery Services,Restaurant/Grocery/Other Delivery Services
725,GRUBHUB.COM,2025-02,ID,2177.2700000000004,81696.4,Third- Party Delivery Services,Restaurant/Grocery/Other Delivery Services
726,UBEREATS,2025-03,OR,113452.98999999998,4034827.22,Third- Party Delivery Services,Restaurant/Grocery/Other Delivery Services
727,AMAZON FRESH,2025-01,KY,691.8599999999999,70581.52,Third- Party Delivery Services,Restaurant/Grocery/Other Delivery Services
728,INSTACART,2025-02,WV,7570.479999999999,602316.9199999999,Third- Party Delivery Services,Restaurant/Grocery/Other Delivery Services
729,AMAZON FRESH,2025-03,KS,982.4199999999996,87241.56999999998,Third- Party Delivery Services,Restaurant/Grocery/Other Delivery Services
730,DOORDASH,2025-02,RI,12443.920000000002,486861.2199999999,Third- Party Delivery Services,Restaurant/Grocery/Other Delivery Services
731,DOORDASH,2025-01,MN,304655.85000000003,11354501.76,Third- Party Delivery Services,Restaurant/Grocery/Other Delivery Services
732,AMAZON FRESH,2025-03,TN,6048.759999999998,604293.01,Third- Party Delivery Services,Restaurant/Grocery/Other Delivery Services
733,GRUBHUB.COM,2025-01,UT,7735.950000000003,278642.07000000007,Third- Party Delivery Services,Restaurant/Grocery/Other Delivery Services
734,INSTACART,2025-02,WI,32713.72,2499043.3200000003,Third- Party Delivery Services,Restaurant/Grocery/Other Delivery Services
735,DOORDASH,2025-02,FL,680641.31,23091516.419999994,Third- Party Delivery Services,Restaurant/Grocery/Other Delivery Services
736,UBEREATS,2025-02,OH,44682.07000000001,1577503.89,Third- Party Delivery Services,Restaurant/Grocery/Other Delivery Services
737,INSTACART,2025-01,WV,8235.79,677030.0700000001,Third- Party Delivery Services,Restaurant/Grocery/Other Delivery Services
738,DOORDASH,2025-02,NV,144325.77,5129209.56,Third- Party Delivery Services,Restaurant/Grocery/Other Delivery Services
739,AMAZON FRESH,2025-01,PA,30242.58,1987538.4600000004,Third- Party Delivery Services,Restaurant/Grocery/Other Delivery Services
740,DOORDASH,2025-03,NM,109839.43999999996,3955600.000000001,Third- Party Delivery Services,Restaurant/Grocery/Other Delivery Services
741,GRUBHUB.COM,2025-01,WA,24705.200000000004,1040172.4,Third- Party Delivery Services,Restaurant/Grocery/Other Delivery Services
742,UBEREATS,2025-02,HI,22193.38,870891.9299999996,Third- Party Delivery Services,Restaurant/Grocery/Other Delivery Services
743,INSTACART,2025-01,MS,8702.499999999998,533625.6599999999,Third- Party Delivery Services,Restaurant/Grocery/Other Delivery Services
744,DOORDASH,2025-02,SD,35755.72,1291712.6900000002,Third- Party Delivery Services,Restaurant/Grocery/Other Delivery Services
745,DOORDASH,2025-01,AK,38511.5,1598516.48,Third- Party Delivery Services,Restaurant/Grocery/Other Delivery Services
746,AMAZON FRESH,2025-03,AL,1125.47,103054.98,Third- Party Delivery Services,Restaurant/Grocery/Other Delivery Services
747,INSTACART,2025-01,WA,71847.32000000002,6250832.149999999,Third- Party Delivery Services,Restaurant/Grocery/Other Delivery Services
748,GRUBHUB.COM,2025-01,RI,2347.2,99751.85,Third- Party Delivery Services,Restaurant/Grocery/Other Delivery Services
749,DOORDASH,2025-02,SC,224918.47,7841376.799999999,Third- Party Delivery Services,Restaurant/Grocery/Other Delivery Services
750,AMAZON FRESH,2025-03,MA,11594.63,1112586.62,Third- Party Delivery Services,Restaurant/Grocery/Other Delivery Services
751,DOORDASH,2025-01,TN,248338.91,8660147.65,Third- Party Delivery Services,Restaurant/Grocery/Other Delivery Services
752,INSTACART,2025-03,KY,8277.69,679871.84,Third- Party Delivery Services,Restaurant/Grocery/Other Delivery Services
753,GRUBHUB.COM,2025-03,MD,41644.92,1363910.6,Third- Party Delivery Services,Restaurant/Grocery/Other Delivery Services
754,DOORDASH,2025-01,LA,94706.78,3318345.1700000004,Third- Party Delivery Services,Restaurant/Grocery/Other Delivery Services
755,INSTACART,2025-02,DE,9221.3,655396.1400000001,Third- Party Delivery Services,Restaurant/Grocery/Other Delivery Services
756,INSTACART,2025-03,NJ,90618.45999999998,6680036.4,Third- Party Delivery Services,Restaurant/Grocery/Other Delivery Services
757,AMAZON FRESH,2025-03,IN,2274.2200000000003,180304.32,Third- Party Delivery Services,Restaurant/Grocery/Other Delivery Services
758,DOORDASH,2025-03,PA,669672.65,24127268.74,Third- Party Delivery Services,Restaurant/Grocery/Other Delivery Services
759,GRUBHUB.COM,2025-02,WV,1648.4,70510.17,Third- Party Delivery Services,Restaurant/Grocery/Other Delivery Services
760,UBEREATS,2025-01,NJ,294241.2700000001,10094031.94,Third- Party Delivery Services,Restaurant/Grocery/Other Delivery Services
761,UBEREATS,2025-03,VA,202166.28,7239698.51,Third- Party Delivery Services,Restaurant/Grocery/Other Delivery Services
762,DOORDASH,2025-02,DE,60210.26,2117492.86,Third- Party Delivery Services,Restaurant/Grocery/Other Delivery Services
763,INSTACART,2025-02,OK,10897.73,779010.0299999998,Third- Party Delivery Services,Restaurant/Grocery/Other Delivery Services
764,DOORDASH,2025-03,WI,219959.83,7715051.910000001,Third- Party Delivery Services,Restaurant/Grocery/Other Delivery Services
